-- phpMyAdmin SQL Dump
-- version 5.0.2
-- https://www.phpmyadmin.net/
--
-- Host: 127.0.0.1
-- Generation Time: Feb 02, 2021 at 03:15 PM
-- Server version: 10.4.14-MariaDB
-- PHP Version: 7.4.10

SET SQL_MODE = "NO_AUTO_VALUE_ON_ZERO";
START TRANSACTION;
SET time_zone = "+00:00";


/*!40101 SET @OLD_CHARACTER_SET_CLIENT=@@CHARACTER_SET_CLIENT */;
/*!40101 SET @OLD_CHARACTER_SET_RESULTS=@@CHARACTER_SET_RESULTS */;
/*!40101 SET @OLD_COLLATION_CONNECTION=@@COLLATION_CONNECTION */;
/*!40101 SET NAMES utf8mb4 */;

--
-- Database: `samsa`
--

-- --------------------------------------------------------

--
-- Table structure for table `academic_advising_settings`
--

CREATE TABLE `academic_advising_settings` (
  `id` int(11) NOT NULL,
  `name` varchar(255) DEFAULT NULL,
  `value` varchar(255) DEFAULT NULL,
  `created_at` timestamp NULL DEFAULT NULL,
  `updated_at` timestamp NULL DEFAULT NULL
) ENGINE=InnoDB DEFAULT CHARSET=utf8mb4;

--
-- Dumping data for table `academic_advising_settings`
--

INSERT INTO `academic_advising_settings` (`id`, `name`, `value`, `created_at`, `updated_at`) VALUES
(1, NULL, '1', '2020-11-10 11:12:56', '2020-11-10 11:12:56'),
(2, NULL, '2', '2020-11-10 11:12:56', '2020-11-10 11:12:56'),
(3, NULL, '12', '2020-11-10 11:12:56', '2020-11-10 11:12:56'),
(4, NULL, '18', '2020-11-10 11:12:56', '2020-11-10 11:12:56'),
(5, NULL, '6', '2020-11-10 11:12:56', '2020-11-10 11:12:56'),
(6, NULL, '0', '2020-11-10 11:12:56', '2020-12-20 11:45:42'),
(7, NULL, NULL, '2020-11-10 11:13:23', '2020-11-10 11:13:23'),
(8, NULL, '144', '2020-11-14 06:54:53', '2020-11-14 06:54:53'),
(9, NULL, '135', '2020-11-14 06:59:46', '2020-11-14 06:59:46'),
(10, NULL, '6', '2020-11-14 06:59:46', '2020-11-14 06:59:46'),
(11, NULL, NULL, '2020-11-18 09:24:55', '2020-11-18 09:24:55'),
(12, NULL, '12345', '2020-11-18 09:24:55', '2020-11-18 09:24:55');

-- --------------------------------------------------------

--
-- Table structure for table `academic_courses`
--

CREATE TABLE `academic_courses` (
  `id` int(11) NOT NULL,
  `name` varchar(255) NOT NULL,
  `code` varchar(255) NOT NULL,
  `year_work_degree` float DEFAULT NULL,
  `practical_degree` float DEFAULT NULL,
  `academic_degree` float DEFAULT NULL,
  `small_degree` float DEFAULT NULL,
  `large_degree` float DEFAULT NULL,
  `has_project` tinyint(1) DEFAULT NULL,
  `division_id` int(11) DEFAULT NULL,
  `credit_hour` int(11) DEFAULT NULL,
  `notes` varchar(255) DEFAULT NULL,
  `subject_category_id` int(11) DEFAULT NULL,
  `is_required` tinyint(1) DEFAULT NULL,
  `book_price` float DEFAULT NULL,
  `failed_degree` float DEFAULT NULL,
  `level_id` int(11) DEFAULT NULL,
  `service_id` int(11) DEFAULT NULL,
  `is_not_credit_hour` tinyint(1) DEFAULT NULL,
  `created_at` timestamp NULL DEFAULT NULL,
  `updated_at` timestamp NULL DEFAULT NULL
) ENGINE=InnoDB DEFAULT CHARSET=utf8mb4;

--
-- Dumping data for table `academic_courses`
--

INSERT INTO `academic_courses` (`id`, `name`, `code`, `year_work_degree`, `practical_degree`, `academic_degree`, `small_degree`, `large_degree`, `has_project`, `division_id`, `credit_hour`, `notes`, `subject_category_id`, `is_required`, `book_price`, `failed_degree`, `level_id`, `service_id`, `is_not_credit_hour`, `created_at`, `updated_at`) VALUES
(1, 'الاقتصاد الجزئى', 'اق 101', 20, 40, 60, 60, 100, NULL, 1, 3, NULL, 1, NULL, 100, 60, 1, NULL, NULL, '2020-11-11 08:19:55', '2020-11-11 08:19:55'),
(2, 'الحاسب الالى ونظم التشغيل (1)', 'عا 102', 40, 20, 60, 60, 100, NULL, 1, 3, NULL, 1, NULL, 100, 60, 1, NULL, NULL, '2020-11-11 08:26:02', '2020-11-11 08:26:02'),
(3, 'رياضيات الأعمال (1)', 'ري 101', 20, 40, 60, 60, 100, NULL, 1, 3, NULL, 1, NULL, 100, 60, 1, NULL, NULL, '2020-11-11 08:27:25', '2020-11-11 08:27:25'),
(4, 'لغة انجليزية (1)', 'عا 101', 20, 40, 60, 60, 100, NULL, 1, 3, NULL, 1, NULL, 100, 60, 1, NULL, NULL, '2020-11-11 08:29:35', '2020-11-11 08:29:35'),
(5, 'مبادئ الإدارة', 'اد 101', 20, 40, 60, 60, 100, NULL, 1, 3, NULL, 1, NULL, 100, 60, 1, NULL, NULL, '2020-11-11 08:30:35', '2020-11-11 08:30:35'),
(6, 'مبادئ القانون', '/ 101', 20, 40, 60, 60, 100, NULL, 1, 3, NULL, 1, NULL, 100, 60, 1, NULL, NULL, '2020-11-11 08:31:39', '2020-11-11 08:31:39'),
(7, 'مبادئ المحاسبة (1)', 'مح 101', 20, 40, 60, 60, 100, NULL, 1, 3, NULL, 1, NULL, 100, 60, 1, NULL, NULL, '2020-11-11 08:32:31', '2020-11-11 08:32:31'),
(8, 'التفكير المنطقى ومناهج البحث العلمى', 'عا 205', 20, 40, 60, 60, 100, NULL, 1, 3, NULL, 1, NULL, 100, 60, 2, NULL, NULL, '2020-11-11 08:33:43', '2020-11-11 08:33:43'),
(9, 'قانون الائتمان والمصارف', '/ 301', 20, 40, 60, 60, 100, NULL, 2, 3, NULL, 1, NULL, 100, 60, 3, NULL, NULL, '2020-11-11 08:35:33', '2020-11-11 08:35:33'),
(10, 'الاتصالات والتفاوض', 'عا 306', 20, 40, 60, 60, 100, NULL, 2, 3, NULL, 1, NULL, 100, 60, 3, NULL, NULL, '2020-11-11 08:36:59', '2020-11-11 08:36:59'),
(11, 'دراسة متخصصه بلغه', '/ 418', 20, 40, 60, 60, 100, NULL, 3, 3, NULL, 1, NULL, 100, 60, 4, NULL, NULL, '2020-11-11 08:40:57', '2020-11-11 08:40:57'),
(12, 'حقوق الانسان والسكان', 'عا 407', 20, 40, 60, 60, 100, NULL, 3, 3, NULL, 1, NULL, 100, 60, 4, NULL, NULL, '2020-11-11 09:05:43', '2020-11-11 09:05:43'),
(13, 'الاقتصاد الكلى', 'اق 204', 20, 40, 60, 60, 100, NULL, 1, 3, NULL, 1, NULL, 100, 60, 1, NULL, NULL, '2020-11-11 09:11:26', '2020-11-11 09:11:26'),
(16, 'لغة انجليزية (2)', 'عا103', 20, 50, 60, 60, 100, NULL, 1, 3, NULL, 1, NULL, 100, 60, 1, NULL, NULL, '2020-11-11 09:27:44', '2020-11-11 09:27:44'),
(17, 'مبادئ السلوك التنظيمى', 'اد 102', 20, 40, 60, 60, 100, NULL, 1, 3, NULL, 1, NULL, 100, 60, 1, NULL, NULL, '2020-11-11 09:32:23', '2020-11-11 09:32:23'),
(18, 'مبادئ المحاسبة (2)', 'مح 202', 20, 40, 60, 60, 100, NULL, 1, 3, NULL, 1, NULL, 100, 60, 1, NULL, NULL, '2020-11-11 09:33:50', '2020-11-11 09:33:50'),
(19, 'نظم معلومات ادارية', 'اد 315', 20, 40, 60, 60, 100, NULL, 1, 3, NULL, 1, NULL, 100, 60, 1, NULL, NULL, '2020-11-11 09:35:26', '2020-11-11 09:35:26'),
(20, 'ادارة الموارد البشرية', 'اد 314', 20, 40, 60, 60, 100, NULL, 1, 3, NULL, 1, NULL, 100, 60, 2, NULL, NULL, '2020-11-11 09:36:53', '2020-11-11 09:36:53'),
(21, 'التمويل الادراى', 'اد 205', 20, 40, 60, 60, 100, NULL, 1, 3, NULL, 1, NULL, 100, 60, 2, NULL, NULL, '2020-11-11 09:38:22', '2020-11-11 09:38:22'),
(22, 'بحوث العمليات', 'اد 312', 20, 40, 60, 60, 100, NULL, 1, 3, NULL, 1, NULL, 100, 60, 2, NULL, NULL, '2020-11-11 09:47:48', '2020-11-11 09:47:48'),
(23, 'محاسبه متوسطه (2)', 'مح 203', 20, 40, 60, 60, 100, NULL, 1, 3, NULL, 1, NULL, 100, 60, 2, NULL, NULL, '2020-11-11 09:49:53', '2020-11-11 09:49:53'),
(24, 'نقود وبنوك', 'اق 205', 20, 40, 60, 60, 100, NULL, 1, 3, NULL, 1, NULL, 100, 60, 2, NULL, NULL, '2020-11-11 09:51:12', '2020-11-11 09:51:12'),
(25, 'اساسيات التجارة الالكترونية', 'نع 301', 20, 40, 60, 60, 100, NULL, 3, 3, NULL, 1, NULL, 100, 60, 3, NULL, NULL, '2020-11-11 09:52:54', '2020-11-11 09:52:54'),
(26, 'تسويق الخدمات التأمينية', 'اد 320', 20, 40, 60, 60, 100, NULL, 3, 3, NULL, 1, NULL, 100, 60, 3, NULL, NULL, '2020-11-11 09:54:02', '2020-11-11 09:54:02'),
(27, 'تطبيقات الانترنت والوسائط المتعددة', 'نع 303', 20, 40, 60, 60, 100, NULL, 3, 3, NULL, 1, NULL, 100, 60, 3, NULL, NULL, '2020-11-11 09:55:07', '2020-11-11 09:55:07'),
(28, 'تصميم مواقع الويب', 'نع 408', 20, 40, 60, 60, 100, NULL, 3, 3, NULL, 1, NULL, 100, 60, 3, NULL, NULL, '2020-11-11 09:56:22', '2020-11-11 09:56:22'),
(29, 'مشروع التخرج', '------', 20, 40, 60, 60, 100, NULL, 3, 3, NULL, 1, NULL, 100, 60, 3, NULL, NULL, '2020-11-11 09:58:32', '2020-11-11 09:58:32'),
(30, 'اقتصاديات المصارف', 'اق 305', 20, 40, 60, 60, 100, NULL, 2, 3, NULL, 1, NULL, 100, 60, 3, NULL, NULL, '2020-11-11 09:59:55', '2020-11-11 09:59:55'),
(31, 'التحليل المحاسبى للقوائم المالية', 'مح 313', 20, 40, 60, 60, 100, NULL, 4, 3, NULL, 1, NULL, 100, 60, 3, NULL, NULL, '2020-11-11 10:02:16', '2020-11-11 10:02:16'),
(32, 'المراجعة', 'مح 305', 20, 40, 60, 60, 100, NULL, 3, 3, NULL, 1, NULL, 100, 60, 3, NULL, NULL, '2020-11-11 10:03:33', '2020-11-11 10:03:33'),
(33, 'محاسبة إدارية', 'مح 427', 20, 40, 60, 60, 100, NULL, 2, 3, NULL, 1, NULL, 100, 60, 3, NULL, NULL, '2020-11-11 10:05:42', '2020-11-11 10:05:42'),
(34, 'محاسبة المنشآت المالية', 'مح 306', 20, 40, 60, 60, 100, NULL, 2, 3, NULL, 1, NULL, 100, 60, 3, NULL, NULL, '2020-11-11 10:07:01', '2020-11-11 10:07:01'),
(35, 'معايير المحاسبة المصرية', 'مح 426', 20, 40, 60, 60, 100, NULL, 2, 3, NULL, 1, NULL, 100, 60, 3, NULL, NULL, '2020-11-11 10:08:19', '2020-11-11 10:08:19'),
(36, 'إدارة المواد والامداد', 'اد 306', 20, 40, 60, 60, 100, NULL, 2, 3, NULL, 1, NULL, 100, 60, 3, NULL, NULL, '2020-11-11 10:10:32', '2020-11-11 10:10:32'),
(37, 'السيولة الدولية ونظام النقد الدولى', 'اق 422', 20, 40, 60, 60, 100, NULL, 2, 3, NULL, 1, NULL, 100, 60, 3, NULL, NULL, '2020-11-11 10:11:48', '2020-11-11 10:11:48'),
(38, 'محاسبة التكاليف', 'مج 307', 20, 40, 60, 60, 100, NULL, 2, 3, NULL, 1, NULL, 100, 60, 3, NULL, NULL, '2020-11-11 10:13:52', '2020-11-11 10:13:52'),
(39, 'التسويق الالكترونى', 'نع 411', 20, 40, 60, 60, 100, NULL, 3, 3, NULL, 1, NULL, 100, 60, 4, NULL, NULL, '2020-11-11 10:16:09', '2020-11-11 10:16:09'),
(40, 'التسويق الدولى', 'اد 427', 20, 40, 60, 60, 100, NULL, 3, 3, NULL, 1, NULL, 100, 60, 4, NULL, NULL, '2020-11-11 10:17:26', '2020-11-11 10:17:26'),
(41, 'بحوث التسويق', 'اد 308', 20, 40, 60, 60, 100, NULL, 3, 3, NULL, 1, NULL, 100, 60, 4, NULL, NULL, '2020-11-11 10:18:46', '2020-11-11 10:18:46'),
(42, 'تسويق الخدمات المصرفية', 'اد 432', 20, 40, 60, 60, 100, NULL, 3, 3, NULL, 1, NULL, 100, 60, 4, NULL, NULL, '2020-11-11 10:20:00', '2020-11-11 10:20:00'),
(43, 'دراسة متقدمة فى التجارة الالكترونية', 'نع 410', 20, 40, 60, 60, 100, NULL, 3, 3, NULL, 1, NULL, 100, 60, 4, NULL, NULL, '2020-11-11 10:21:06', '2020-11-11 10:21:06'),
(44, 'مشروع التخرج', '----------', 20, 40, 60, 60, 100, NULL, 3, 3, NULL, 1, NULL, 100, 60, 4, NULL, NULL, '2020-11-11 10:21:55', '2020-11-11 10:21:55'),
(45, 'الإدارة الاستراتيجية', 'اد 428', 20, 40, 60, 60, 100, NULL, 3, 3, NULL, 1, NULL, 100, 60, 4, NULL, NULL, '2020-11-11 10:23:06', '2020-11-11 10:23:06'),
(46, 'نظم واداره قواعد البيانات', 'نع 404', 20, 40, 60, 60, 100, NULL, 3, 3, NULL, 1, NULL, 100, 60, 4, NULL, NULL, '2020-11-11 10:24:25', '2020-11-11 10:24:25'),
(47, 'ادارة الاعمال المصرفية', 'اد 451', 20, 40, 60, 60, 100, NULL, 3, 3, NULL, 1, NULL, 100, 60, 4, NULL, NULL, '2020-11-11 10:25:32', '2020-11-11 10:25:32'),
(48, 'الاسواق المالية والبورصات', 'اد 422', 20, 40, 60, 60, 100, NULL, 2, 3, NULL, 1, NULL, 100, 60, 4, NULL, NULL, '2020-11-11 10:55:15', '2020-11-11 10:55:15'),
(49, 'الهندسة المالية', 'اد 421', 20, 40, 60, 60, 100, NULL, 2, 3, NULL, 1, NULL, 100, 60, 4, NULL, NULL, '2020-11-11 10:56:16', '2020-11-11 10:56:16'),
(50, 'تطبيقات الحاسب فى المنشأت المالية', 'نع 423', 20, 40, 60, 60, 100, NULL, 2, 3, NULL, 1, NULL, 100, 60, 4, NULL, NULL, '2020-11-11 10:57:03', '2020-11-11 10:57:03'),
(51, 'رياضيات التأمين والخطر تمويل', 'ري 424', 20, 40, 60, 60, 100, NULL, 2, 3, NULL, 1, NULL, 100, 60, 4, NULL, NULL, '2020-11-11 10:57:59', '2020-11-11 10:57:59'),
(52, 'المراجعه والرقابة المصرفية', 'مح 419', 20, 40, 60, 60, 100, NULL, 2, 3, NULL, 1, NULL, 100, 60, 4, NULL, NULL, '2020-11-11 10:58:52', '2020-11-11 10:58:52'),
(53, 'نظم معلومات مصرفية', 'نع 420', 20, 40, 60, 60, 100, NULL, 2, 3, NULL, 1, NULL, 100, 60, 4, NULL, NULL, '2020-11-11 11:00:08', '2020-11-11 11:00:08'),
(54, 'التنمية الاقتصادية', 'اق 424', 20, 40, 60, 60, 100, NULL, 2, 3, NULL, 1, NULL, 100, 60, 4, NULL, NULL, '2020-11-11 11:01:10', '2020-11-11 11:01:10'),
(55, 'المحاسبة الإدارية (2)', 'مح 424', 20, 40, 60, 60, 100, NULL, 4, 3, NULL, 1, NULL, 100, 60, 4, NULL, NULL, '2020-11-11 11:02:21', '2020-11-11 11:02:21'),
(56, 'سياسات التجارة الدولية', 'اق 418', 20, 40, 60, 60, 100, NULL, 4, 3, NULL, 1, NULL, 100, 60, 4, NULL, NULL, '2020-11-11 11:03:29', '2020-11-11 11:03:29'),
(57, 'محاسبة دولية', 'مح 319', 20, 40, 60, 60, 100, NULL, 4, 3, NULL, 1, NULL, 100, 60, 4, NULL, NULL, '2020-11-11 11:05:25', '2020-11-11 11:05:25'),
(58, 'محاسبة ضريبية (2)', 'مح 318', 20, 40, 60, 60, 100, NULL, 4, 3, NULL, 1, NULL, 100, 60, 4, NULL, NULL, '2020-11-11 11:06:23', '2020-11-11 11:06:23'),
(59, 'مراجعه (مشاكل تطبيقية)', 'مح 219', 20, 40, 60, 60, 100, NULL, 4, 3, NULL, 1, NULL, 100, 60, 4, NULL, NULL, '2020-11-11 11:07:35', '2020-11-11 11:07:35'),
(60, 'نظم معلومات محاسبية', 'مح 421', 20, 40, 60, 60, 100, NULL, 4, 3, NULL, 1, NULL, 100, 60, 4, NULL, NULL, '2020-11-11 11:08:19', '2020-11-11 11:08:19'),
(61, 'الجودة الشاملة', 'اد 425', 20, 40, 60, 60, 100, NULL, 3, 3, NULL, 1, NULL, 100, 60, 4, NULL, NULL, '2020-11-11 11:09:36', '2020-11-11 11:09:36'),
(62, 'نظم اتكاليف', 'مح 309', 20, 40, 60, 60, 100, NULL, 4, 3, NULL, 1, NULL, 100, 60, 4, NULL, NULL, '2020-11-11 11:10:51', '2020-11-11 11:10:51'),
(63, 'بحوث العمليات فى المحاسبة', 'مح 314', 20, 40, 60, 60, 100, NULL, 2, 3, NULL, 1, NULL, 100, 60, 4, NULL, NULL, '2020-11-11 11:12:51', '2020-11-11 11:12:51'),
(64, 'مادة التربية العسكرية', 'ما', 0, 0, 0, 0, 0, NULL, 1, 3, NULL, 1, 1, 0, 0, 1, 8, 1, '2020-11-17 08:32:13', '2020-11-17 08:39:49'),
(700, 'مبادئ القانون', '/101', NULL, NULL, NULL, NULL, 100, NULL, 1, 3, NULL, 1, NULL, NULL, NULL, 1, NULL, NULL, '2021-01-24 10:27:31', '2021-01-24 10:27:31'),
(701, 'مبادئ الإدارة', 'اد101', NULL, NULL, NULL, NULL, 100, NULL, 1, 3, NULL, 1, NULL, NULL, NULL, 1, NULL, NULL, '2021-01-24 10:27:31', '2021-01-24 10:27:31'),
(702, 'الاقتصاد الجزئى', 'اق101', NULL, NULL, NULL, NULL, 100, NULL, 1, 3, NULL, 1, NULL, NULL, NULL, 1, NULL, NULL, '2021-01-24 10:27:31', '2021-01-24 10:27:31'),
(703, 'لغة انجليزية (1)', 'عا101', NULL, NULL, NULL, NULL, 100, NULL, 1, 3, NULL, 1, NULL, NULL, NULL, 1, NULL, NULL, '2021-01-24 10:27:31', '2021-01-24 10:27:31'),
(704, 'الحاسب الالى ونظم التشغيل (1)', 'عا102', NULL, NULL, NULL, NULL, 100, NULL, 1, 3, NULL, 1, NULL, NULL, NULL, 1, NULL, NULL, '2021-01-24 10:27:31', '2021-01-24 10:27:31'),
(705, 'مبادئ المحاسبة (1)', 'مح101', NULL, NULL, NULL, NULL, 100, NULL, 1, 3, NULL, 1, NULL, NULL, NULL, 1, NULL, NULL, '2021-01-24 10:27:31', '2021-01-24 10:27:31'),
(706, 'نظم معلومات ادارية', 'اد315', NULL, NULL, NULL, NULL, 100, NULL, 1, 3, NULL, 1, NULL, NULL, NULL, 1, NULL, NULL, '2021-01-24 10:27:31', '2021-01-24 10:27:31'),
(707, 'رياضيات الأعمال (1)', 'ري101', NULL, NULL, NULL, NULL, 100, NULL, 1, 3, NULL, 1, NULL, NULL, NULL, 1, NULL, NULL, '2021-01-24 10:27:31', '2021-01-24 10:27:31'),
(708, 'مبادئ المحاسبة (2)', 'مح202', NULL, NULL, NULL, NULL, 100, NULL, 1, 3, NULL, 1, NULL, NULL, NULL, 1, NULL, NULL, '2021-01-24 10:27:31', '2021-01-24 10:27:31');

-- --------------------------------------------------------

--
-- Table structure for table `academic_course_categories`
--

CREATE TABLE `academic_course_categories` (
  `id` int(11) NOT NULL,
  `name` varchar(255) NOT NULL,
  `total_hours` int(11) NOT NULL,
  `required_hours` int(11) NOT NULL,
  `created_at` timestamp NULL DEFAULT NULL,
  `updated_at` timestamp NULL DEFAULT NULL
) ENGINE=InnoDB DEFAULT CHARSET=utf8mb4;

--
-- Dumping data for table `academic_course_categories`
--

INSERT INTO `academic_course_categories` (`id`, `name`, `total_hours`, `required_hours`, `created_at`, `updated_at`) VALUES
(1, 'مقررات عامة', 144, 144, '2020-11-11 07:59:59', '2020-11-11 07:59:59'),
(2, 'محاسبة', 20, 10, '2020-11-11 08:24:36', '2020-11-11 08:24:36');

-- --------------------------------------------------------

--
-- Table structure for table `academic_degree_map`
--

CREATE TABLE `academic_degree_map` (
  `id` int(11) NOT NULL,
  `percent_from` int(11) NOT NULL,
  `percent_to` int(11) NOT NULL,
  `key` varchar(255) NOT NULL,
  `gpa` float NOT NULL,
  `name` varchar(255) NOT NULL,
  `created_at` timestamp NULL DEFAULT NULL,
  `updated_at` timestamp NULL DEFAULT NULL
) ENGINE=InnoDB DEFAULT CHARSET=utf8mb4;

--
-- Dumping data for table `academic_degree_map`
--

INSERT INTO `academic_degree_map` (`id`, `percent_from`, `percent_to`, `key`, `gpa`, `name`, `created_at`, `updated_at`) VALUES
(1, 0, 49, 'F', 0, 'راسب', '2020-12-27 07:16:48', '2020-12-27 07:16:48'),
(2, 90, 94, 'A', 3.7, 'ممتاز', '2020-11-11 07:46:40', '2020-11-11 07:49:15'),
(3, 85, 89, 'A-', 3.3, 'ممتاز', '2020-11-11 07:49:51', '2020-11-11 07:49:51'),
(4, 80, 84, 'B+', 3, 'جيد جدا', '2020-11-11 07:50:52', '2020-11-11 07:50:52'),
(5, 75, 79, 'B', 2.8, 'جيد جدا', '2020-11-11 07:51:35', '2020-11-11 07:51:35'),
(6, 70, 74, 'C+', 2.6, 'جيد', '2020-11-11 07:52:29', '2020-11-11 07:52:29'),
(7, 65, 69, 'C', 2.3, 'جيد', '2020-11-11 07:53:03', '2020-11-11 07:53:03'),
(8, 60, 64, 'D+', 2, 'مقبول', '2020-11-11 07:53:37', '2020-11-11 07:53:37'),
(9, 55, 59, 'D', 1.7, 'راسب', '2020-11-11 07:54:27', '2020-11-11 07:54:27'),
(10, 50, 54, 'D-', 1.4, 'راسب', '2020-11-11 07:55:20', '2020-11-11 07:55:20'),
(12, 95, 100, 'A+', 4, 'ممتاز', '2020-11-11 07:44:05', '2020-11-11 07:44:05'),
(14, 0, 0, 'غياب', 0, 'غياب', '2021-01-24 10:41:55', '2021-01-24 10:41:55'),
(16, 0, 0, 'منسحب', 0, 'منسحب', '2021-01-24 10:41:55', '2021-01-24 10:41:55');

-- --------------------------------------------------------

--
-- Table structure for table `academic_doctors`
--

CREATE TABLE `academic_doctors` (
  `id` int(11) NOT NULL,
  `name` varchar(255) NOT NULL,
  `phone` varchar(255) NOT NULL,
  `username` varchar(255) NOT NULL,
  `password` varchar(255) NOT NULL,
  `email` varchar(255) DEFAULT NULL,
  `gender` enum('male','female') DEFAULT NULL,
  `description` varchar(255) DEFAULT NULL,
  `active` tinyint(1) DEFAULT NULL,
  `created_at` timestamp NULL DEFAULT NULL,
  `updated_at` timestamp NULL DEFAULT NULL
) ENGINE=InnoDB DEFAULT CHARSET=utf8mb4;

--
-- Dumping data for table `academic_doctors`
--

INSERT INTO `academic_doctors` (`id`, `name`, `phone`, `username`, `password`, `email`, `gender`, `description`, `active`, `created_at`, `updated_at`) VALUES
(1, 'دكتور حمدى', '01123904212', 'hamdy', '123456', NULL, 'male', NULL, 1, '2020-11-17 11:28:37', '2020-11-17 11:29:59'),
(2, 'أ.د/ ابوبكر فكرى', '01225345177', '01225345177', '01225345177', NULL, 'male', NULL, 1, '2020-11-23 16:46:33', '2020-11-23 16:46:33'),
(3, 'أ.د/ عادل ابوالمجد', '01001861442', '01001861442', '01001861442', NULL, 'male', NULL, 1, '2020-11-23 16:47:07', '2020-11-23 16:47:16'),
(4, 'أ.د/ بدر نبيه', '01117074404', '01117074404', '01117074404', NULL, 'male', NULL, 1, '2020-11-23 16:47:40', '2020-11-23 16:47:40'),
(5, 'أ.د/ احمد ابوالقمصان', '01033978400', '01033978400', '01033978400', NULL, 'male', NULL, 1, '2020-11-23 16:48:07', '2020-11-23 16:48:07'),
(6, 'أ.د/ عبدالناصر درويش', '01095141037', '01095141037', '01095141037', NULL, 'male', NULL, 1, '2020-11-23 16:48:27', '2020-11-23 16:48:27'),
(7, 'أ.د/ اسامه سعيد', '01099963452', '01099963452', '01099963452', NULL, 'male', NULL, 1, '2020-11-23 16:48:43', '2020-11-23 16:48:43'),
(8, 'د/ عبدالمهدى محمد', '01119897163', '01119897163', '01119897163', NULL, 'male', NULL, 1, '2020-11-23 16:49:01', '2020-11-23 16:49:01'),
(9, 'د/ ناصر فراج', '01069956002', '01069956002', '01069956002', NULL, 'male', NULL, 1, '2020-11-23 16:49:18', '2020-11-23 16:49:18'),
(10, 'د/ نزار فكرى', '01223500169', '01223500169', '01223500169', NULL, 'male', NULL, 1, '2020-11-23 16:49:35', '2020-11-23 16:49:35'),
(11, 'د/ احمد اسماعيل', '01003759886', '01003759886', '01003759886', NULL, 'male', NULL, 1, '2020-11-23 16:49:48', '2020-11-23 16:49:48'),
(12, 'د/ سيف الإسلام رشوان', '01111096172', '01111096172', '01111096172', NULL, 'male', NULL, 1, '2020-11-23 16:50:01', '2020-11-23 16:50:01'),
(13, 'د/ محمد هاشم', '01223325287', '01223325287', '01223325287', NULL, 'male', NULL, 1, '2020-11-23 16:50:13', '2020-11-23 16:50:13'),
(14, 'د/ عبدالمهدى محمد.', '01119897163', '01119897163', '01119897163', NULL, 'male', NULL, 1, '2020-11-23 16:50:24', '2020-11-23 16:50:24'),
(15, 'د/ عبدالوهاب القذافى', '01020760207', '01020760207', '01020760207', NULL, 'male', NULL, 1, '2020-11-23 16:50:37', '2020-11-23 16:50:37'),
(16, 'د/ لمياء العزب', '01003736656', '01003736656', '01003736656', NULL, 'female', NULL, 1, '2020-11-23 16:50:51', '2020-11-23 16:51:19'),
(17, 'د/ ميرفت حسين', '01016308880', '01016308880', '01016308880', NULL, 'female', NULL, 1, '2020-11-23 16:51:05', '2020-11-23 16:51:14'),
(18, 'د/ خالد عبدالقادر', '01060150662', '01060150662', '01060150662', NULL, 'male', NULL, 1, '2020-11-23 16:51:35', '2020-11-23 16:51:35'),
(19, 'د/ جيهان', '01201511123', '01201511123', '01201511123', NULL, 'female', NULL, 1, '2020-11-23 16:51:52', '2020-11-23 16:51:52'),
(20, 'د/ ابراهيم عبد الحفيظ', '01110389508', '01110389508', '01110389508', NULL, 'male', NULL, 1, '2020-11-23 16:52:06', '2020-11-23 16:52:06');

-- --------------------------------------------------------

--
-- Table structure for table `academic_doctor_courses`
--

CREATE TABLE `academic_doctor_courses` (
  `id` int(11) NOT NULL,
  `doctor_id` int(11) NOT NULL,
  `course_id` int(11) NOT NULL,
  `academic_year_id` int(11) NOT NULL,
  `created_at` timestamp NULL DEFAULT NULL,
  `updated_at` timestamp NULL DEFAULT NULL
) ENGINE=InnoDB DEFAULT CHARSET=utf8mb4;

-- --------------------------------------------------------

--
-- Table structure for table `academic_doctor_levels`
--

CREATE TABLE `academic_doctor_levels` (
  `id` int(11) NOT NULL,
  `doctor_id` int(11) NOT NULL,
  `level_id` int(11) NOT NULL,
  `academic_year_id` int(11) NOT NULL,
  `created_at` timestamp NULL DEFAULT NULL,
  `updated_at` timestamp NULL DEFAULT NULL
) ENGINE=InnoDB DEFAULT CHARSET=utf8mb4;

--
-- Dumping data for table `academic_doctor_levels`
--

INSERT INTO `academic_doctor_levels` (`id`, `doctor_id`, `level_id`, `academic_year_id`, `created_at`, `updated_at`) VALUES
(17, 20, 1, 1, '2020-11-23 16:52:28', '2020-11-23 16:52:28'),
(18, 20, 2, 1, '2020-11-23 16:52:28', '2020-11-23 16:52:28'),
(21, 19, 1, 1, '2020-11-23 16:52:43', '2020-11-23 16:52:43'),
(22, 19, 2, 1, '2020-11-23 16:52:43', '2020-11-23 16:52:43'),
(23, 18, 1, 1, '2020-11-23 17:02:43', '2020-11-23 17:02:43'),
(24, 18, 2, 1, '2020-11-23 17:02:43', '2020-11-23 17:02:43'),
(25, 17, 1, 1, '2020-11-23 17:02:50', '2020-11-23 17:02:50'),
(26, 17, 2, 1, '2020-11-23 17:02:50', '2020-11-23 17:02:50'),
(35, 13, 3, 1, '2020-11-23 17:03:50', '2020-11-23 17:03:50'),
(36, 13, 4, 1, '2020-11-23 17:03:51', '2020-11-23 17:03:51'),
(53, 4, 2, 1, '2020-11-23 17:05:50', '2020-11-23 17:05:50'),
(54, 4, 3, 1, '2020-11-23 17:05:50', '2020-11-23 17:05:50'),
(55, 3, 2, 1, '2020-11-23 17:05:56', '2020-11-23 17:05:56'),
(56, 3, 3, 1, '2020-11-23 17:05:56', '2020-11-23 17:05:56'),
(57, 2, 2, 1, '2020-11-23 17:06:00', '2020-11-23 17:06:00'),
(58, 2, 3, 1, '2020-11-23 17:06:00', '2020-11-23 17:06:00'),
(59, 1, 2, 1, '2020-11-23 17:06:06', '2020-11-23 17:06:06'),
(60, 1, 3, 1, '2020-11-23 17:06:06', '2020-11-23 17:06:06'),
(61, 16, 1, 1, '2020-11-23 17:21:15', '2020-11-23 17:21:15'),
(62, 16, 3, 1, '2020-11-23 17:21:15', '2020-11-23 17:21:15'),
(63, 16, 4, 1, '2020-11-23 17:21:15', '2020-11-23 17:21:15'),
(64, 15, 1, 1, '2020-11-23 17:21:20', '2020-11-23 17:21:20'),
(65, 15, 3, 1, '2020-11-23 17:21:20', '2020-11-23 17:21:20'),
(66, 15, 4, 1, '2020-11-23 17:21:20', '2020-11-23 17:21:20'),
(67, 14, 1, 1, '2020-11-23 17:21:26', '2020-11-23 17:21:26'),
(68, 14, 3, 1, '2020-11-23 17:21:26', '2020-11-23 17:21:26'),
(69, 14, 4, 1, '2020-11-23 17:21:26', '2020-11-23 17:21:26'),
(70, 12, 3, 1, '2020-11-23 17:30:10', '2020-11-23 17:30:10'),
(71, 12, 4, 1, '2020-11-23 17:30:10', '2020-11-23 17:30:10'),
(72, 5, 4, 1, '2020-11-23 17:30:19', '2020-11-23 17:30:19'),
(73, 6, 4, 1, '2020-11-23 17:30:27', '2020-11-23 17:30:27'),
(74, 7, 4, 1, '2020-11-23 17:30:32', '2020-11-23 17:30:32'),
(75, 8, 4, 1, '2020-11-23 17:30:37', '2020-11-23 17:30:37'),
(76, 9, 3, 1, '2020-11-23 17:30:42', '2020-11-23 17:30:42'),
(77, 10, 3, 1, '2020-11-23 17:30:56', '2020-11-23 17:30:56'),
(78, 11, 3, 1, '2020-11-23 17:31:02', '2020-11-23 17:31:02');

-- --------------------------------------------------------

--
-- Table structure for table `academic_open_courses`
--

CREATE TABLE `academic_open_courses` (
  `id` int(11) NOT NULL,
  `course_id` int(11) NOT NULL,
  `term_id` int(11) NOT NULL,
  `academic_year_id` int(11) NOT NULL,
  `date` date NOT NULL,
  `created_at` timestamp NULL DEFAULT NULL,
  `updated_at` timestamp NULL DEFAULT NULL
) ENGINE=InnoDB DEFAULT CHARSET=utf8mb4;

--
-- Dumping data for table `academic_open_courses`
--

INSERT INTO `academic_open_courses` (`id`, `course_id`, `term_id`, `academic_year_id`, `date`, `created_at`, `updated_at`) VALUES
(120, 63, 1, 1, '2020-12-20', '2020-12-20 11:25:41', '2020-12-20 11:25:41'),
(121, 62, 1, 1, '2020-12-20', '2020-12-20 11:25:41', '2020-12-20 11:25:41'),
(122, 61, 1, 1, '2020-12-20', '2020-12-20 11:25:41', '2020-12-20 11:25:41'),
(123, 60, 1, 1, '2020-12-20', '2020-12-20 11:25:41', '2020-12-20 11:25:41'),
(124, 59, 1, 1, '2020-12-20', '2020-12-20 11:25:41', '2020-12-20 11:25:41'),
(125, 58, 1, 1, '2020-12-20', '2020-12-20 11:25:41', '2020-12-20 11:25:41'),
(126, 57, 1, 1, '2020-12-20', '2020-12-20 11:25:41', '2020-12-20 11:25:41'),
(127, 56, 1, 1, '2020-12-20', '2020-12-20 11:25:41', '2020-12-20 11:25:41'),
(128, 55, 1, 1, '2020-12-20', '2020-12-20 11:25:41', '2020-12-20 11:25:41'),
(129, 54, 1, 1, '2020-12-20', '2020-12-20 11:25:41', '2020-12-20 11:25:41'),
(130, 38, 1, 1, '2020-12-20', '2020-12-20 11:25:41', '2020-12-20 11:25:41'),
(131, 37, 1, 1, '2020-12-20', '2020-12-20 11:25:41', '2020-12-20 11:25:41'),
(132, 36, 1, 1, '2020-12-20', '2020-12-20 11:25:41', '2020-12-20 11:25:41'),
(133, 35, 1, 1, '2020-12-20', '2020-12-20 11:25:41', '2020-12-20 11:25:41'),
(134, 34, 1, 1, '2020-12-20', '2020-12-20 11:25:41', '2020-12-20 11:25:41'),
(135, 33, 1, 1, '2020-12-20', '2020-12-20 11:25:41', '2020-12-20 11:25:41'),
(136, 32, 1, 1, '2020-12-20', '2020-12-20 11:25:41', '2020-12-20 11:25:41'),
(137, 31, 1, 1, '2020-12-20', '2020-12-20 11:25:42', '2020-12-20 11:25:42'),
(138, 24, 1, 1, '2020-12-20', '2020-12-20 11:25:42', '2020-12-20 11:25:42'),
(139, 23, 1, 1, '2020-12-20', '2020-12-20 11:25:42', '2020-12-20 11:25:42'),
(140, 22, 1, 1, '2020-12-20', '2020-12-20 11:25:42', '2020-12-20 11:25:42'),
(141, 21, 1, 1, '2020-12-20', '2020-12-20 11:25:42', '2020-12-20 11:25:42'),
(142, 20, 1, 1, '2020-12-20', '2020-12-20 11:25:42', '2020-12-20 11:25:42'),
(143, 19, 1, 1, '2020-12-20', '2020-12-20 11:25:42', '2020-12-20 11:25:42'),
(144, 18, 1, 1, '2020-12-20', '2020-12-20 11:25:42', '2020-12-20 11:25:42'),
(145, 17, 1, 1, '2020-12-20', '2020-12-20 11:25:42', '2020-12-20 11:25:42'),
(146, 16, 1, 1, '2020-12-20', '2020-12-20 11:25:42', '2020-12-20 11:25:42'),
(147, 13, 1, 1, '2020-12-20', '2020-12-20 11:25:42', '2020-12-20 11:25:42'),
(148, 8, 1, 1, '2020-12-20', '2020-12-20 11:25:42', '2020-12-20 11:25:42'),
(149, 7, 1, 1, '2020-12-20', '2020-12-20 11:25:42', '2020-12-20 11:25:42'),
(150, 6, 1, 1, '2020-12-20', '2020-12-20 11:25:42', '2020-12-20 11:25:42'),
(151, 5, 1, 1, '2020-12-20', '2020-12-20 11:25:42', '2020-12-20 11:25:42'),
(152, 4, 1, 1, '2020-12-20', '2020-12-20 11:25:42', '2020-12-20 11:25:42'),
(153, 3, 1, 1, '2020-12-20', '2020-12-20 11:25:42', '2020-12-20 11:25:42'),
(154, 2, 1, 1, '2020-12-20', '2020-12-20 11:25:43', '2020-12-20 11:25:43'),
(155, 1, 1, 1, '2020-12-20', '2020-12-20 11:25:43', '2020-12-20 11:25:43'),
(156, 19, 1, 8, '2021-02-02', '2021-02-02 09:54:35', '2021-02-02 09:54:35'),
(157, 18, 1, 8, '2021-02-02', '2021-02-02 09:54:35', '2021-02-02 09:54:35'),
(158, 17, 1, 8, '2021-02-02', '2021-02-02 09:54:35', '2021-02-02 09:54:35'),
(159, 16, 1, 8, '2021-02-02', '2021-02-02 09:54:35', '2021-02-02 09:54:35'),
(160, 13, 1, 8, '2021-02-02', '2021-02-02 09:54:35', '2021-02-02 09:54:35'),
(161, 7, 1, 8, '2021-02-02', '2021-02-02 09:54:35', '2021-02-02 09:54:35'),
(162, 6, 1, 8, '2021-02-02', '2021-02-02 09:54:35', '2021-02-02 09:54:35'),
(163, 5, 1, 8, '2021-02-02', '2021-02-02 09:54:35', '2021-02-02 09:54:35'),
(164, 4, 1, 8, '2021-02-02', '2021-02-02 09:54:35', '2021-02-02 09:54:35'),
(165, 3, 1, 8, '2021-02-02', '2021-02-02 09:54:36', '2021-02-02 09:54:36'),
(166, 2, 1, 8, '2021-02-02', '2021-02-02 09:54:36', '2021-02-02 09:54:36');

-- --------------------------------------------------------

--
-- Table structure for table `academic_publish_result`
--

CREATE TABLE `academic_publish_result` (
  `id` int(11) NOT NULL,
  `user_id` int(11) NOT NULL,
  `academic_year_id` int(11) NOT NULL,
  `term_id` int(11) NOT NULL,
  `level_id` int(11) NOT NULL,
  `date` date NOT NULL,
  `created_at` timestamp NULL DEFAULT current_timestamp(),
  `updated_at` timestamp NULL DEFAULT current_timestamp()
) ENGINE=InnoDB DEFAULT CHARSET=utf8mb4;

-- --------------------------------------------------------

--
-- Table structure for table `academic_result_transfers`
--

CREATE TABLE `academic_result_transfers` (
  `id` int(11) NOT NULL,
  `term_id` int(11) NOT NULL,
  `academic_year_id` int(11) NOT NULL,
  `user_id` int(11) NOT NULL,
  `created_at` timestamp NULL DEFAULT NULL,
  `updated_at` timestamp NULL DEFAULT NULL
) ENGINE=InnoDB DEFAULT CHARSET=utf8mb4;

--
-- Dumping data for table `academic_result_transfers`
--

INSERT INTO `academic_result_transfers` (`id`, `term_id`, `academic_year_id`, `user_id`, `created_at`, `updated_at`) VALUES
(10, 1, 1, 1, '2020-12-27 09:26:03', '2020-12-27 09:26:03');

-- --------------------------------------------------------

--
-- Table structure for table `academic_student_courses_result`
--

CREATE TABLE `academic_student_courses_result` (
  `id` int(11) NOT NULL,
  `course_id` int(11) NOT NULL,
  `student_id` int(11) NOT NULL,
  `mid_degree` float DEFAULT NULL,
  `final_degree` float DEFAULT NULL,
  `term_id` int(11) NOT NULL,
  `academic_year_id` int(11) NOT NULL,
  `level_id` int(11) NOT NULL,
  `date` date NOT NULL,
  `gpa` float DEFAULT NULL,
  `user_id` int(11) DEFAULT NULL,
  `created_at` timestamp NULL DEFAULT NULL,
  `updated_at` timestamp NULL DEFAULT NULL
) ENGINE=InnoDB DEFAULT CHARSET=utf8mb4;

-- --------------------------------------------------------

--
-- Table structure for table `academic_student_gpa`
--

CREATE TABLE `academic_student_gpa` (
  `id` int(11) NOT NULL,
  `student_id` int(11) NOT NULL,
  `academic_year_id` int(11) NOT NULL,
  `term_id` int(11) NOT NULL,
  `gpa` float NOT NULL,
  `created_at` timestamp NULL DEFAULT NULL,
  `updated_at` timestamp NULL DEFAULT NULL
) ENGINE=InnoDB DEFAULT CHARSET=utf8mb4;

--
-- Dumping data for table `academic_student_gpa`
--

INSERT INTO `academic_student_gpa` (`id`, `student_id`, `academic_year_id`, `term_id`, `gpa`, `created_at`, `updated_at`) VALUES
(2, 1, 1, 1, 0, '2020-12-27 09:04:39', '2020-12-27 09:04:39'),
(3, 2, 1, 1, 0, '2020-12-27 09:04:39', '2020-12-27 09:04:39'),
(4, 3, 1, 1, 0, '2020-12-27 09:04:39', '2020-12-27 09:04:39'),
(5, 4, 1, 1, 0, '2020-12-27 09:04:39', '2020-12-27 09:04:39'),
(6, 5, 1, 1, 0, '2020-12-27 09:04:39', '2020-12-27 09:04:39'),
(7, 6, 1, 1, 0, '2020-12-27 09:04:39', '2020-12-27 09:04:39'),
(8, 7, 1, 1, 0, '2020-12-27 09:04:39', '2020-12-27 09:04:39'),
(9, 8, 1, 1, 0, '2020-12-27 09:04:39', '2020-12-27 09:04:39'),
(10, 9, 1, 1, 0, '2020-12-27 09:04:40', '2020-12-27 09:04:40'),
(11, 10, 1, 1, 0, '2020-12-27 09:04:40', '2020-12-27 09:04:40'),
(12, 11, 1, 1, 0, '2020-12-27 09:04:40', '2020-12-27 09:04:40'),
(13, 12, 1, 1, 0, '2020-12-27 09:04:40', '2020-12-27 09:04:40'),
(14, 13, 1, 1, 0, '2020-12-27 09:04:40', '2020-12-27 09:04:40'),
(15, 14, 1, 1, 0, '2020-12-27 09:04:40', '2020-12-27 09:04:40'),
(16, 15, 1, 1, 0, '2020-12-27 09:04:41', '2020-12-27 09:04:41'),
(17, 16, 1, 1, 0, '2020-12-27 09:04:41', '2020-12-27 09:04:41'),
(18, 17, 1, 1, 0, '2020-12-27 09:04:41', '2020-12-27 09:04:41');

-- --------------------------------------------------------

--
-- Table structure for table `academic_student_groups`
--

CREATE TABLE `academic_student_groups` (
  `id` int(11) NOT NULL,
  `doctor_id` int(11) NOT NULL,
  `student_id` int(11) NOT NULL,
  `academic_year_id` int(11) NOT NULL,
  `term_id` int(11) DEFAULT NULL,
  `created_at` timestamp NULL DEFAULT NULL,
  `updated_at` timestamp NULL DEFAULT NULL
) ENGINE=InnoDB DEFAULT CHARSET=utf8mb4;

--
-- Dumping data for table `academic_student_groups`
--

INSERT INTO `academic_student_groups` (`id`, `doctor_id`, `student_id`, `academic_year_id`, `term_id`, `created_at`, `updated_at`) VALUES
(2, 20, 10, 1, 1, '2020-11-23 17:24:30', '2020-11-23 17:24:30'),
(3, 19, 9, 1, 1, '2020-11-23 17:25:17', '2020-11-23 17:25:17'),
(4, 18, 7, 1, 1, '2020-11-23 17:26:20', '2020-11-23 17:26:20'),
(5, 20, 13, 1, 1, '2020-11-23 17:32:09', '2020-11-23 17:32:09'),
(7, 19, 12, 1, 1, '2020-11-23 17:33:56', '2020-11-23 17:33:56'),
(8, 20, 15, 1, 1, '2020-11-24 07:05:18', '2020-11-24 07:05:18'),
(9, 19, 16, 1, 1, '2020-12-21 06:51:51', '2020-12-21 06:51:51'),
(10, 18, 17, 1, 1, '2020-12-26 06:46:04', '2020-12-26 06:46:04'),
(11, 20, 1, 8, 1, '2021-02-02 09:54:57', '2021-02-02 09:54:57');

-- --------------------------------------------------------

--
-- Table structure for table `academic_student_register_courses`
--

CREATE TABLE `academic_student_register_courses` (
  `id` int(11) NOT NULL,
  `course_id` int(11) NOT NULL,
  `gpa` float DEFAULT NULL,
  `term_id` int(11) NOT NULL,
  `academic_year_id` int(11) NOT NULL,
  `student_id` int(11) NOT NULL,
  `level_id` int(11) NOT NULL,
  `division_id` int(11) NOT NULL,
  `degree_map_id` int(11) DEFAULT NULL,
  `user_id` int(11) DEFAULT NULL,
  `created_at` timestamp NULL DEFAULT NULL,
  `updated_at` timestamp NULL DEFAULT NULL,
  `student_degree` float DEFAULT NULL
) ENGINE=InnoDB DEFAULT CHARSET=utf8mb4;

--
-- Dumping data for table `academic_student_register_courses`
--

INSERT INTO `academic_student_register_courses` (`id`, `course_id`, `gpa`, `term_id`, `academic_year_id`, `student_id`, `level_id`, `division_id`, `degree_map_id`, `user_id`, `created_at`, `updated_at`, `student_degree`) VALUES
(1, 2, NULL, 1, 8, 1, 1, 1, NULL, 1, '2021-02-02 09:54:56', '2021-02-02 09:54:56', NULL),
(2, 3, NULL, 1, 8, 1, 1, 1, NULL, 1, '2021-02-02 09:54:56', '2021-02-02 09:54:56', NULL),
(3, 4, NULL, 1, 8, 1, 1, 1, NULL, 1, '2021-02-02 09:54:56', '2021-02-02 09:54:56', NULL),
(4, 6, NULL, 1, 8, 1, 1, 1, NULL, 1, '2021-02-02 09:54:56', '2021-02-02 09:54:56', NULL),
(5, 7, NULL, 1, 8, 1, 1, 1, NULL, 1, '2021-02-02 09:54:56', '2021-02-02 09:54:56', NULL),
(6, 5, NULL, 1, 8, 1, 1, 1, NULL, 1, '2021-02-02 09:54:56', '2021-02-02 09:54:56', NULL);

-- --------------------------------------------------------

--
-- Table structure for table `academic_years`
--

CREATE TABLE `academic_years` (
  `id` int(10) UNSIGNED NOT NULL,
  `name` varchar(191) COLLATE utf8mb4_unicode_ci NOT NULL,
  `start_date` date NOT NULL,
  `end_date` date NOT NULL,
  `notes` varchar(191) COLLATE utf8mb4_unicode_ci DEFAULT NULL,
  `created_at` timestamp NULL DEFAULT NULL,
  `updated_at` timestamp NULL DEFAULT NULL
) ENGINE=InnoDB DEFAULT CHARSET=utf8mb4 COLLATE=utf8mb4_unicode_ci;

--
-- Dumping data for table `academic_years`
--

INSERT INTO `academic_years` (`id`, `name`, `start_date`, `end_date`, `notes`, `created_at`, `updated_at`) VALUES
(1, '2020-2021', '2020-01-01', '2021-01-01', NULL, '2020-11-21 11:14:19', '2020-11-22 08:12:49'),
(7, '2019-2020', '2019-01-01', '2020-01-01', NULL, '2020-11-22 08:14:20', '2020-11-22 08:14:20'),
(8, '2021-2022', '2021-01-01', '2022-01-01', NULL, '2021-01-24 09:18:02', '2021-01-24 09:18:02');

-- --------------------------------------------------------

--
-- Table structure for table `acadmic_course_prerequsites`
--

CREATE TABLE `acadmic_course_prerequsites` (
  `id` int(11) NOT NULL,
  `course_id` int(11) NOT NULL,
  `related_course_id` int(11) NOT NULL,
  `created_at` timestamp NULL DEFAULT NULL,
  `updated_at` timestamp NULL DEFAULT NULL
) ENGINE=InnoDB DEFAULT CHARSET=utf8mb4;

--
-- Dumping data for table `acadmic_course_prerequsites`
--

INSERT INTO `acadmic_course_prerequsites` (`id`, `course_id`, `related_course_id`, `created_at`, `updated_at`) VALUES
(5, 13, 1, '2020-11-11 09:20:12', '2020-11-11 09:20:12'),
(6, 16, 4, '2020-11-11 09:27:44', '2020-11-11 09:27:44'),
(7, 17, 5, '2020-11-11 09:32:23', '2020-11-11 09:32:23'),
(8, 18, 7, '2020-11-11 09:33:50', '2020-11-11 09:33:50'),
(9, 19, 2, '2020-11-11 09:35:26', '2020-11-11 09:35:26'),
(10, 20, 5, '2020-11-11 09:36:53', '2020-11-11 09:36:53'),
(11, 21, 5, '2020-11-11 09:38:22', '2020-11-11 09:38:22'),
(12, 22, 5, '2020-11-11 09:47:48', '2020-11-11 09:47:48'),
(13, 23, 7, '2020-11-11 09:49:53', '2020-11-11 09:49:53'),
(14, 24, 13, '2020-11-11 09:51:12', '2020-11-11 09:51:12'),
(15, 25, 8, '2020-11-11 09:52:55', '2020-11-11 09:52:55'),
(16, 26, 21, '2020-11-11 09:54:02', '2020-11-11 09:54:02'),
(17, 27, 8, '2020-11-11 09:55:07', '2020-11-11 09:55:07'),
(18, 28, 8, '2020-11-11 09:56:22', '2020-11-11 09:56:22'),
(19, 30, 13, '2020-11-11 09:59:56', '2020-11-11 09:59:56'),
(20, 31, 23, '2020-11-11 10:02:16', '2020-11-11 10:02:16'),
(21, 32, 23, '2020-11-11 10:03:33', '2020-11-11 10:03:33'),
(22, 33, 32, '2020-11-11 10:05:42', '2020-11-11 10:05:42'),
(23, 34, 23, '2020-11-11 10:07:02', '2020-11-11 10:07:02'),
(24, 35, 23, '2020-11-11 10:08:19', '2020-11-11 10:08:19'),
(25, 36, 21, '2020-11-11 10:10:32', '2020-11-11 10:10:32'),
(26, 37, 24, '2020-11-11 10:11:48', '2020-11-11 10:11:48'),
(27, 38, 23, '2020-11-11 10:13:53', '2020-11-11 10:13:53'),
(28, 39, 25, '2020-11-11 10:16:09', '2020-11-11 10:16:09'),
(29, 40, 21, '2020-11-11 10:17:26', '2020-11-11 10:17:26'),
(30, 41, 21, '2020-11-11 10:18:46', '2020-11-11 10:18:46'),
(31, 42, 21, '2020-11-11 10:20:00', '2020-11-11 10:20:00'),
(32, 43, 25, '2020-11-11 10:21:06', '2020-11-11 10:21:06'),
(33, 45, 5, '2020-11-11 10:23:06', '2020-11-11 10:23:06'),
(34, 46, 8, '2020-11-11 10:24:25', '2020-11-11 10:24:25'),
(35, 47, 21, '2020-11-11 10:25:33', '2020-11-11 10:25:33'),
(36, 48, 21, '2020-11-11 10:55:15', '2020-11-11 10:55:15'),
(37, 49, 21, '2020-11-11 10:56:16', '2020-11-11 10:56:16'),
(38, 50, 8, '2020-11-11 10:57:03', '2020-11-11 10:57:03'),
(39, 51, 3, '2020-11-11 10:57:59', '2020-11-11 10:57:59'),
(40, 52, 23, '2020-11-11 10:58:52', '2020-11-11 10:58:52'),
(41, 53, 8, '2020-11-11 11:00:08', '2020-11-11 11:00:08'),
(42, 54, 13, '2020-11-11 11:01:10', '2020-11-11 11:01:10'),
(43, 55, 33, '2020-11-11 11:02:21', '2020-11-11 11:02:21'),
(44, 56, 30, '2020-11-11 11:03:29', '2020-11-11 11:03:29'),
(45, 57, 23, '2020-11-11 11:05:25', '2020-11-11 11:05:25'),
(46, 58, 23, '2020-11-11 11:06:23', '2020-11-11 11:06:23'),
(47, 59, 32, '2020-11-11 11:07:35', '2020-11-11 11:07:35'),
(48, 60, 23, '2020-11-11 11:08:19', '2020-11-11 11:08:19'),
(49, 61, 21, '2020-11-11 11:09:36', '2020-11-11 11:09:36'),
(50, 62, 34, '2020-11-11 11:10:51', '2020-11-11 11:10:51'),
(51, 63, 22, '2020-11-11 11:12:51', '2020-11-11 11:12:51');

-- --------------------------------------------------------

--
-- Table structure for table `account_academic_year_expenses`
--

CREATE TABLE `account_academic_year_expenses` (
  `id` int(11) NOT NULL,
  `academic_year_id` int(11) NOT NULL,
  `level_id` int(11) NOT NULL,
  `division_id` int(11) DEFAULT NULL,
  `created_at` timestamp NULL DEFAULT NULL,
  `updated_at` timestamp NULL DEFAULT NULL
) ENGINE=InnoDB DEFAULT CHARSET=utf8mb4 COLLATE=utf8mb4_unicode_ci;

--
-- Dumping data for table `account_academic_year_expenses`
--

INSERT INTO `account_academic_year_expenses` (`id`, `academic_year_id`, `level_id`, `division_id`, `created_at`, `updated_at`) VALUES
(1, 1, 1, 1, NULL, NULL),
(3, 1, 2, 1, '2020-09-08 06:56:00', '2020-09-08 06:56:00'),
(4, 1, 3, NULL, '2020-09-28 11:57:38', '2020-09-28 11:57:38'),
(5, 1, 4, NULL, '2020-09-28 11:57:41', '2020-09-28 11:57:41'),
(6, 8, 1, NULL, '2021-01-24 09:20:17', '2021-01-24 09:20:17'),
(7, 8, 2, NULL, '2021-01-24 09:20:34', '2021-01-24 09:20:34'),
(8, 8, 3, NULL, '2021-01-24 09:20:36', '2021-01-24 09:20:36'),
(9, 8, 4, NULL, '2021-01-24 09:20:39', '2021-01-24 09:20:39');

-- --------------------------------------------------------

--
-- Table structure for table `account_academic_year_expenses_details`
--

CREATE TABLE `account_academic_year_expenses_details` (
  `id` int(11) NOT NULL,
  `name` varchar(255) COLLATE utf8mb4_unicode_ci NOT NULL,
  `priorty` int(11) NOT NULL,
  `value` float NOT NULL,
  `term_id` int(11) NOT NULL,
  `store_id` int(11) NOT NULL,
  `discount` float DEFAULT NULL,
  `academic_year_expense_id` int(11) NOT NULL,
  `registeration_status_id` int(11) DEFAULT NULL,
  `wz_value` float DEFAULT NULL,
  `service_id` int(11) DEFAULT NULL,
  `created_at` timestamp NULL DEFAULT NULL,
  `updated_at` timestamp NULL DEFAULT NULL
) ENGINE=InnoDB DEFAULT CHARSET=utf8mb4 COLLATE=utf8mb4_unicode_ci;

--
-- Dumping data for table `account_academic_year_expenses_details`
--

INSERT INTO `account_academic_year_expenses_details` (`id`, `name`, `priorty`, `value`, `term_id`, `store_id`, `discount`, `academic_year_expense_id`, `registeration_status_id`, `wz_value`, `service_id`, `created_at`, `updated_at`) VALUES
(1, 'فتح ملف - مصاريف تحويل(تحويل من معهد)', 1, 200, 1, 3, 0, 1, 9, NULL, 0, NULL, '2020-11-23 15:14:16'),
(2, 'فتح ملف - مصاريف تحويل (مقاصه)', 1, 200, 1, 3, 0, 1, 4, NULL, 0, NULL, '2020-11-23 15:14:16'),
(5, 'مصاريف ترم اول', 2, 1685, 1, 4, 0, 1, NULL, 285, 0, '2020-09-08 04:54:12', '2020-11-23 12:48:46'),
(6, 'مصاريف ترم ثانى', 3, 2000, 2, 4, 0, 1, NULL, 0, 0, '2020-09-28 08:16:58', '2020-11-23 12:49:12'),
(10, 'فتح ملف', 1, 100, 1, 3, 0, 3, 2, NULL, 0, '2020-10-05 02:58:46', '2020-11-23 15:19:12'),
(11, 'فتح ملف - مصاريف تحويل(تحويل من معهد)', 1, 200, 1, 3, 0, 3, 9, NULL, 0, '2020-10-05 02:58:47', '2020-11-23 15:19:12'),
(12, 'فتح ملف - مصاريف تحويل (مقاصه)', 1, 200, 1, 3, 0, 3, 4, NULL, 0, '2020-10-05 02:58:47', '2020-11-23 15:19:13'),
(14, 'مصاريف ترم اول', 2, 2785, 1, 1, 0, 3, NULL, 285, 0, '2020-10-05 02:58:47', '2020-10-13 04:24:51'),
(15, 'مصاريف ترم ثانى', 2, 3000, 1, 1, 0, 3, NULL, NULL, 0, '2020-10-05 02:58:48', '2020-10-13 04:24:51'),
(16, 'فتح ملف', 1, 100, 1, 1, 0, 1, 3, NULL, NULL, '2020-11-23 15:17:51', '2020-11-23 15:17:51'),
(17, 'فتح ملف', 1, 100, 1, 1, 0, 1, 2, NULL, NULL, '2020-11-23 15:18:16', '2020-11-23 15:18:16'),
(18, 'فتح ملف', 1, 100, 1, 1, 0, 3, 3, NULL, NULL, '2020-11-23 15:19:34', '2020-11-23 15:19:34'),
(19, 'مصاريف ترم اول', 1, 3000, 1, 1, 0, 5, NULL, NULL, 12, '2020-12-27 07:31:41', '2020-12-27 07:34:05'),
(20, 'مصاريف ترم ثانى', 2, 4000, 2, 1, 0, 5, NULL, NULL, 12, '2020-12-27 07:31:41', '2020-12-27 07:34:05'),
(21, 'فتح ملف - مصاريف تحويل(تحويل من معهد)', 1, 200, 1, 3, 0, 6, 9, NULL, 0, '2021-01-24 09:28:08', '2021-01-24 09:28:08'),
(22, 'فتح ملف - مصاريف تحويل (مقاصه)', 1, 200, 1, 3, 0, 6, 4, NULL, 0, '2021-01-24 09:28:08', '2021-01-24 09:28:08'),
(23, 'مصاريف ترم اول', 2, 1685, 1, 4, 0, 6, NULL, 285, 12, '2021-01-24 09:28:08', '2021-01-26 07:55:45'),
(24, 'مصاريف ترم ثانى', 3, 2000, 2, 4, 0, 6, NULL, 0, 12, '2021-01-24 09:28:08', '2021-01-26 07:55:45'),
(25, 'فتح ملف', 1, 100, 1, 1, 0, 6, 3, NULL, NULL, '2021-01-24 09:28:08', '2021-01-24 09:28:08'),
(26, 'فتح ملف', 1, 100, 1, 1, 0, 6, 2, NULL, NULL, '2021-01-24 09:28:08', '2021-01-24 09:28:08'),
(27, 'فتح ملف - مصاريف تحويل(تحويل من معهد)', 1, 200, 1, 3, 0, 7, 9, NULL, 0, '2021-01-24 09:28:52', '2021-01-24 09:28:52'),
(28, 'فتح ملف - مصاريف تحويل (مقاصه)', 1, 200, 1, 3, 0, 7, 4, NULL, 0, '2021-01-24 09:28:52', '2021-01-24 09:28:52'),
(29, 'مصاريف ترم اول', 2, 1685, 1, 4, 0, 7, NULL, 285, 12, '2021-01-24 09:28:52', '2021-01-26 07:56:01'),
(30, 'مصاريف ترم ثانى', 3, 2000, 2, 4, 0, 7, NULL, 0, 12, '2021-01-24 09:28:52', '2021-01-26 07:56:01'),
(31, 'فتح ملف', 1, 100, 1, 1, 0, 7, 3, NULL, NULL, '2021-01-24 09:28:52', '2021-01-24 09:28:52'),
(32, 'فتح ملف', 1, 100, 1, 1, 0, 7, 2, NULL, NULL, '2021-01-24 09:28:52', '2021-01-24 09:28:52'),
(33, 'فتح ملف - مصاريف تحويل(تحويل من معهد)', 1, 200, 1, 3, 0, 8, 9, NULL, 0, '2021-01-24 09:28:56', '2021-01-24 09:28:56'),
(34, 'فتح ملف - مصاريف تحويل (مقاصه)', 1, 200, 1, 3, 0, 8, 4, NULL, 0, '2021-01-24 09:28:56', '2021-01-24 09:28:56'),
(35, 'مصاريف ترم اول', 2, 1685, 1, 4, 0, 8, NULL, 285, 0, '2021-01-24 09:28:56', '2021-01-24 09:28:56'),
(36, 'مصاريف ترم ثانى', 3, 2000, 2, 4, 0, 8, NULL, 0, 0, '2021-01-24 09:28:56', '2021-01-24 09:28:56'),
(37, 'فتح ملف', 1, 100, 1, 1, 0, 8, 3, NULL, NULL, '2021-01-24 09:28:56', '2021-01-24 09:28:56'),
(38, 'فتح ملف', 1, 100, 1, 1, 0, 8, 2, NULL, NULL, '2021-01-24 09:28:56', '2021-01-24 09:28:56'),
(39, 'فتح ملف - مصاريف تحويل(تحويل من معهد)', 1, 200, 1, 3, 0, 9, 9, NULL, 0, '2021-01-24 09:28:59', '2021-01-24 09:28:59'),
(40, 'فتح ملف - مصاريف تحويل (مقاصه)', 1, 200, 1, 3, 0, 9, 4, NULL, 0, '2021-01-24 09:28:59', '2021-01-24 09:28:59'),
(41, 'مصاريف ترم اول', 2, 1685, 1, 4, 0, 9, NULL, 285, 0, '2021-01-24 09:28:59', '2021-01-24 09:28:59'),
(42, 'مصاريف ترم ثانى', 3, 2000, 2, 4, 0, 9, NULL, 0, 0, '2021-01-24 09:28:59', '2021-01-24 09:28:59'),
(43, 'فتح ملف', 1, 100, 1, 1, 0, 9, 3, NULL, NULL, '2021-01-24 09:28:59', '2021-01-24 09:28:59'),
(44, 'فتح ملف', 1, 100, 1, 1, 0, 9, 2, NULL, NULL, '2021-01-24 09:28:59', '2021-01-24 09:28:59');

-- --------------------------------------------------------

--
-- Table structure for table `account_balance_reset`
--

CREATE TABLE `account_balance_reset` (
  `id` int(11) NOT NULL,
  `student_id` int(11) NOT NULL,
  `user_id` int(11) NOT NULL,
  `date` date NOT NULL,
  `value` float NOT NULL,
  `notes` varchar(255) DEFAULT NULL,
  `type` varchar(255) NOT NULL,
  `created_at` timestamp NULL DEFAULT NULL,
  `updated_at` timestamp NULL DEFAULT NULL
) ENGINE=InnoDB DEFAULT CHARSET=utf8mb4;

-- --------------------------------------------------------

--
-- Table structure for table `account_banks`
--

CREATE TABLE `account_banks` (
  `id` int(11) NOT NULL,
  `name` varchar(191) COLLATE utf8_unicode_ci NOT NULL,
  `account_number` varchar(191) COLLATE utf8_unicode_ci NOT NULL,
  `branche` varchar(191) COLLATE utf8_unicode_ci DEFAULT NULL,
  `init_balance` float NOT NULL,
  `balance` float NOT NULL,
  `created_at` timestamp NULL DEFAULT NULL,
  `updated_at` timestamp NULL DEFAULT NULL,
  `notes` varchar(191) COLLATE utf8_unicode_ci DEFAULT NULL
) ENGINE=InnoDB DEFAULT CHARSET=utf8 COLLATE=utf8_unicode_ci;

--
-- Dumping data for table `account_banks`
--

INSERT INTO `account_banks` (`id`, `name`, `account_number`, `branche`, `init_balance`, `balance`, `created_at`, `updated_at`, `notes`) VALUES
(3, 'بنك القاهرة', '15465463131212', 'القاهرة', 10000, -190000, '2020-08-22 19:53:39', '2020-08-24 11:14:17', NULL),
(4, 'الاهلى', '12312300', 'القاهرة', 200000, 98800, '2020-08-23 12:39:52', '2020-08-25 05:56:08', NULL),
(5, 'CIB Bank', '54587545454', 'Alex', 1000, 410, '2021-02-02 07:12:18', '2021-02-02 12:12:49', NULL);

-- --------------------------------------------------------

--
-- Table structure for table `account_checks`
--

CREATE TABLE `account_checks` (
  `id` int(11) NOT NULL,
  `date` date NOT NULL,
  `number` varchar(100) DEFAULT NULL,
  `person` varchar(255) DEFAULT NULL,
  `notes` varchar(255) DEFAULT NULL,
  `value` float NOT NULL,
  `is_paid` tinyint(1) DEFAULT NULL,
  `attachment` varchar(255) DEFAULT NULL,
  `bank_id` int(11) DEFAULT NULL,
  `created_at` timestamp NULL DEFAULT NULL,
  `updated_at` timestamp NULL DEFAULT NULL
) ENGINE=InnoDB DEFAULT CHARSET=utf8mb4;

--
-- Dumping data for table `account_checks`
--

INSERT INTO `account_checks` (`id`, `date`, `number`, `person`, `notes`, `value`, `is_paid`, `attachment`, `bank_id`, `created_at`, `updated_at`) VALUES
(1, '2021-02-02', '54245454', NULL, NULL, 1000, NULL, '161226028187220.png', 5, '2021-02-02 07:39:03', '2021-02-02 08:04:41'),
(2, '2021-02-03', '545454', NULL, NULL, 1000, NULL, NULL, 5, '2021-02-02 07:40:10', '2021-02-02 07:40:10'),
(3, '2021-02-02', '54544564564546', NULL, NULL, 50, NULL, NULL, 5, '2021-02-02 07:49:56', '2021-02-02 07:51:58');

-- --------------------------------------------------------

--
-- Table structure for table `account_dailies`
--

CREATE TABLE `account_dailies` (
  `id` int(11) NOT NULL,
  `date` date NOT NULL,
  `value` float NOT NULL,
  `tree_id` varchar(100) COLLATE utf8mb4_unicode_ci NOT NULL,
  `user_id` int(11) NOT NULL,
  `notes` varchar(255) COLLATE utf8mb4_unicode_ci DEFAULT NULL,
  `store_id` int(11) DEFAULT NULL,
  `type` enum('bank','store') COLLATE utf8mb4_unicode_ci NOT NULL,
  `bank_id` int(11) DEFAULT NULL,
  `created_at` timestamp NULL DEFAULT NULL,
  `updated_at` timestamp NULL DEFAULT NULL
) ENGINE=InnoDB DEFAULT CHARSET=utf8mb4 COLLATE=utf8mb4_unicode_ci;

--
-- Dumping data for table `account_dailies`
--

INSERT INTO `account_dailies` (`id`, `date`, `value`, `tree_id`, `user_id`, `notes`, `store_id`, `type`, `bank_id`, `created_at`, `updated_at`) VALUES
(5, '2021-02-02', 10, 'j1_3', 1, NULL, NULL, 'bank', 5, '2021-02-02 10:39:39', '2021-02-02 10:39:56'),
(6, '2021-02-02', 90, 'j1_4', 1, NULL, 4, 'store', NULL, '2021-02-02 10:40:33', '2021-02-02 10:41:14'),
(7, '2021-02-02', 10, 'j1_5', 1, NULL, NULL, 'bank', 5, '2021-02-02 11:05:52', '2021-02-02 11:05:52');

-- --------------------------------------------------------

--
-- Table structure for table `account_discounts`
--

CREATE TABLE `account_discounts` (
  `id` int(11) NOT NULL,
  `student_id` int(11) NOT NULL,
  `attachment` varchar(255) DEFAULT NULL,
  `value` float NOT NULL,
  `discount_request_id` int(11) NOT NULL,
  `user_id` int(11) DEFAULT NULL,
  `created_at` timestamp NULL DEFAULT NULL,
  `updated_at` timestamp NULL DEFAULT NULL
) ENGINE=InnoDB DEFAULT CHARSET=utf8mb4;

--
-- Dumping data for table `account_discounts`
--

INSERT INTO `account_discounts` (`id`, `student_id`, `attachment`, `value`, `discount_request_id`, `user_id`, `created_at`, `updated_at`) VALUES
(1, 673, NULL, 10, 1, 1, '2021-01-27 09:44:44', '2021-01-27 09:44:44');

-- --------------------------------------------------------

--
-- Table structure for table `account_discount_requests`
--

CREATE TABLE `account_discount_requests` (
  `id` int(11) NOT NULL,
  `student_id` int(11) NOT NULL,
  `discount_type_id` int(11) NOT NULL,
  `reason` varchar(255) NOT NULL,
  `student_affairs_notes` varchar(255) NOT NULL,
  `user_id` int(11) NOT NULL,
  `paid` tinyint(1) DEFAULT NULL,
  `created_at` timestamp NULL DEFAULT NULL,
  `updated_at` timestamp NULL DEFAULT NULL
) ENGINE=InnoDB DEFAULT CHARSET=utf8mb4;

--
-- Dumping data for table `account_discount_requests`
--

INSERT INTO `account_discount_requests` (`id`, `student_id`, `discount_type_id`, `reason`, `student_affairs_notes`, `user_id`, `paid`, `created_at`, `updated_at`) VALUES
(1, 673, 4, 'بيسب', 'يسبسي', 1, 1, '2021-01-27 09:42:37', '2021-01-27 09:44:44');

-- --------------------------------------------------------

--
-- Table structure for table `account_discount_types`
--

CREATE TABLE `account_discount_types` (
  `id` int(11) NOT NULL,
  `name` varchar(255) NOT NULL,
  `created_at` timestamp NULL DEFAULT NULL,
  `updated_at` timestamp NULL DEFAULT NULL
) ENGINE=InnoDB DEFAULT CHARSET=utf8mb4;

--
-- Dumping data for table `account_discount_types`
--

INSERT INTO `account_discount_types` (`id`, `name`, `created_at`, `updated_at`) VALUES
(1, 'تفوق رياضى', '2020-11-10 10:01:35', '2020-11-10 10:01:35'),
(2, 'متميز دراسيا', '2020-11-23 12:52:21', '2020-11-23 12:52:21'),
(3, 'الاول على الدفعة', '2020-11-23 12:52:29', '2020-11-23 12:52:29'),
(4, 'يتيم الوالدين', '2020-11-23 12:53:05', '2020-11-23 12:53:05'),
(5, 'غير قادر على دفع المصاريف', '2020-11-23 12:53:19', '2020-11-23 12:53:19');

-- --------------------------------------------------------

--
-- Table structure for table `account_installments`
--

CREATE TABLE `account_installments` (
  `id` int(11) NOT NULL,
  `student_id` int(11) NOT NULL,
  `type` enum('old','new') COLLATE utf8_unicode_ci NOT NULL,
  `value` float NOT NULL,
  `date` date NOT NULL,
  `paid` tinyint(1) NOT NULL,
  `academic_year_id` int(11) NOT NULL,
  `model_id` int(11) DEFAULT NULL,
  `created_at` timestamp NULL DEFAULT NULL,
  `updated_at` timestamp NULL DEFAULT NULL
) ENGINE=InnoDB DEFAULT CHARSET=utf8 COLLATE=utf8_unicode_ci;

--
-- Dumping data for table `account_installments`
--

INSERT INTO `account_installments` (`id`, `student_id`, `type`, `value`, `date`, `paid`, `academic_year_id`, `model_id`, `created_at`, `updated_at`) VALUES
(1, 9, 'new', 1000, '2020-11-23', 1, 1, NULL, '2020-11-23 16:06:39', '2020-11-23 16:07:22'),
(2, 9, 'new', 685, '2020-11-24', 0, 1, NULL, '2020-11-23 16:06:39', '2020-11-23 16:06:46'),
(3, 16, 'new', 1000, '2020-12-21', 1, 1, NULL, '2020-12-21 06:47:56', '2020-12-21 06:48:06'),
(4, 16, 'new', 685, '2020-12-21', 0, 1, NULL, '2020-12-21 06:47:56', '2020-12-21 06:47:56'),
(5, 672, 'new', 1000, '2021-01-27', 1, 8, NULL, '2021-01-27 07:51:07', '2021-01-27 07:51:16'),
(6, 672, 'new', 685, '2021-01-28', 0, 8, NULL, '2021-01-27 07:51:07', '2021-01-27 07:51:07'),
(7, 1, 'new', 1000, '2021-02-02', 1, 8, NULL, '2021-02-02 06:01:56', '2021-02-02 07:57:25'),
(8, 1, 'new', 685, '2021-02-03', 0, 8, NULL, '2021-02-02 06:01:57', '2021-02-02 06:01:57');

-- --------------------------------------------------------

--
-- Table structure for table `account_payments`
--

CREATE TABLE `account_payments` (
  `id` int(11) NOT NULL,
  `date` date NOT NULL,
  `model_type` enum('academic_year_expense','service','installment','old_academic_year_expense','refund','course') COLLATE utf8_unicode_ci NOT NULL,
  `model_id` int(11) DEFAULT NULL,
  `student_id` int(11) DEFAULT NULL,
  `value` float NOT NULL,
  `user_id` int(11) DEFAULT NULL,
  `store_id` int(11) DEFAULT NULL,
  `installment_id` int(11) DEFAULT NULL,
  `installment_type` varchar(255) COLLATE utf8_unicode_ci DEFAULT NULL,
  `service_count` int(11) DEFAULT NULL,
  `is_refund` int(11) DEFAULT 0,
  `refund_id` int(11) DEFAULT NULL,
  `academic_year_id` int(11) DEFAULT NULL,
  `paper_id` varchar(255) COLLATE utf8_unicode_ci DEFAULT NULL,
  `created_at` timestamp NULL DEFAULT NULL,
  `updated_at` timestamp NULL DEFAULT NULL
) ENGINE=InnoDB DEFAULT CHARSET=utf8 COLLATE=utf8_unicode_ci;

--
-- Dumping data for table `account_payments`
--

INSERT INTO `account_payments` (`id`, `date`, `model_type`, `model_id`, `student_id`, `value`, `user_id`, `store_id`, `installment_id`, `installment_type`, `service_count`, `is_refund`, `refund_id`, `academic_year_id`, `paper_id`, `created_at`, `updated_at`) VALUES
(17, '2020-11-23', 'academic_year_expense', 2, 14, 200, 1, 3, NULL, NULL, NULL, 0, NULL, 1, '14-1', '2020-11-23 15:20:21', '2020-11-23 15:20:21'),
(18, '2020-11-23', 'academic_year_expense', 16, 13, 100, 1, 1, NULL, NULL, NULL, 0, NULL, 1, '13-1', '2020-11-23 15:21:42', '2020-11-23 15:21:42'),
(19, '2020-11-23', 'academic_year_expense', 2, 12, 200, 1, 3, NULL, NULL, NULL, 0, NULL, 1, '12-1', '2020-11-23 15:24:46', '2020-11-23 15:24:46'),
(20, '2020-11-23', 'academic_year_expense', 2, 11, 200, 1, 3, NULL, NULL, NULL, 0, NULL, 1, '11-1', '2020-11-23 15:27:10', '2020-11-23 15:27:10'),
(21, '2020-11-23', 'academic_year_expense', 16, 1, 100, 1, 1, NULL, NULL, NULL, 0, NULL, 1, '1-1', '2020-11-23 15:47:17', '2020-11-23 15:47:17'),
(22, '2020-11-23', 'academic_year_expense', 16, 2, 100, 1, 1, NULL, NULL, NULL, 0, NULL, 1, '2-1', '2020-11-23 15:47:31', '2020-11-23 15:47:31'),
(23, '2020-11-23', 'academic_year_expense', 16, 3, 100, 1, 1, NULL, NULL, NULL, 0, NULL, 1, '3-1', '2020-11-23 15:47:45', '2020-11-23 15:47:45'),
(24, '2020-11-23', 'academic_year_expense', 16, 4, 100, 1, 1, NULL, NULL, NULL, 0, NULL, 1, '4-1', '2020-11-23 15:47:56', '2020-11-23 15:47:56'),
(25, '2020-11-23', 'academic_year_expense', 16, 5, 100, 1, 1, NULL, NULL, NULL, 0, NULL, 1, '5-1', '2020-11-23 15:48:09', '2020-11-23 15:48:09'),
(26, '2020-11-23', 'academic_year_expense', 16, 6, 100, 1, 1, NULL, NULL, NULL, 0, NULL, 1, '6-1', '2020-11-23 15:48:21', '2020-11-23 15:48:21'),
(27, '2020-11-23', 'academic_year_expense', 16, 7, 100, 1, 1, NULL, NULL, NULL, 0, NULL, 1, '7-1', '2020-11-23 15:48:33', '2020-11-23 15:48:33'),
(28, '2020-11-23', 'academic_year_expense', 2, 10, 200, 1, 3, NULL, NULL, NULL, 0, NULL, 1, '10-1', '2020-11-23 16:00:40', '2020-11-23 16:00:40'),
(29, '2020-11-23', 'academic_year_expense', 1, 9, 200, 1, 3, NULL, NULL, NULL, 0, NULL, 1, '9-1', '2020-11-23 16:01:13', '2020-11-23 16:01:13'),
(30, '2020-11-23', 'academic_year_expense', 2, 8, 200, 1, 3, NULL, NULL, NULL, 0, NULL, 1, '8-1', '2020-11-23 16:04:35', '2020-11-23 16:04:35'),
(31, '2020-11-23', 'academic_year_expense', 5, 9, 1000, 1, 4, 1, 'new', NULL, 0, NULL, 1, NULL, '2020-11-23 16:07:22', '2020-11-23 16:07:22'),
(32, '2020-11-23', 'service', 9, 9, 100, 1, 4, NULL, NULL, 1, 0, NULL, 1, NULL, '2020-11-23 16:15:56', '2020-11-23 16:15:56'),
(33, '2020-11-23', 'academic_year_expense', 5, 10, 1685, 1, 4, NULL, NULL, NULL, 0, NULL, 1, NULL, '2020-11-23 16:21:48', '2020-11-23 16:21:48'),
(34, '2020-11-23', 'service', 9, 10, 100, 1, 4, NULL, NULL, 1, 0, NULL, 1, NULL, '2020-11-23 16:21:59', '2020-11-23 16:21:59'),
(35, '2020-11-23', 'service', 11, 10, 200, 1, 4, NULL, NULL, 1, 0, NULL, 1, NULL, '2020-11-23 16:24:13', '2020-11-23 16:24:13'),
(36, '2020-11-23', 'service', 12, 10, 10, 1, 4, NULL, NULL, 1, 0, NULL, 1, NULL, '2020-11-23 16:24:13', '2020-11-23 16:24:13'),
(37, '2020-11-23', 'service', 11, 9, 200, 1, 4, NULL, NULL, 1, 0, NULL, 1, NULL, '2020-11-23 16:28:09', '2020-11-23 16:28:09'),
(38, '2020-11-23', 'service', 11, 7, 200, 1, 4, NULL, NULL, 1, 0, NULL, 1, NULL, '2020-11-23 16:30:15', '2020-11-23 16:30:15'),
(39, '2020-11-23', 'academic_year_expense', 5, 7, 1685, 1, 4, NULL, NULL, NULL, 0, NULL, 1, NULL, '2020-11-23 16:32:31', '2020-11-23 16:32:31'),
(40, '2020-11-23', 'service', 12, 7, 10, 1, 4, NULL, NULL, 1, 0, NULL, 1, NULL, '2020-11-23 16:32:38', '2020-11-23 16:32:38'),
(41, '2020-11-24', 'academic_year_expense', 16, 15, 100, 1, 1, NULL, NULL, NULL, 0, NULL, 1, '15-1', '2020-11-24 06:47:20', '2020-11-24 06:47:20'),
(42, '2020-12-21', 'academic_year_expense', 16, 16, 100, 1, 1, NULL, NULL, NULL, 0, NULL, 1, '16-1', '2020-12-21 06:47:16', '2020-12-21 06:47:16'),
(43, '2020-12-21', 'academic_year_expense', 5, 16, 1000, 1, 4, 3, 'new', NULL, 0, NULL, 1, NULL, '2020-12-21 06:48:06', '2020-12-21 06:48:06'),
(44, '2020-12-21', 'service', 6, 16, 100, 1, 4, NULL, NULL, 1, 0, NULL, 1, NULL, '2020-12-21 06:49:12', '2020-12-21 06:49:12'),
(45, '2020-12-21', 'service', 9, 16, 100, 1, 4, NULL, NULL, 1, 0, NULL, 1, NULL, '2020-12-21 06:49:12', '2020-12-21 06:49:12'),
(46, '2020-12-21', 'service', 11, 16, 200, 1, 4, NULL, NULL, 1, 0, NULL, 1, NULL, '2020-12-21 06:49:12', '2020-12-21 06:49:12'),
(47, '2020-12-26', 'service', 9, 16, 100, 1, 4, NULL, NULL, 1, 0, NULL, 1, NULL, '2020-12-26 10:49:58', '2020-12-26 10:49:58'),
(48, '2020-12-27', 'academic_year_expense', 20, 14, 4000, 1, 1, NULL, NULL, NULL, 0, NULL, 1, NULL, '2020-12-27 07:35:01', '2020-12-27 07:35:01'),
(49, '2021-01-26', 'academic_year_expense', 23, 2, 1685, 1, 4, NULL, NULL, NULL, 0, NULL, 8, NULL, '2021-01-26 07:26:58', '2021-01-26 07:26:58'),
(50, '2021-01-26', 'service', 9, 2, 100, 1, 4, NULL, NULL, 1, 0, NULL, 8, NULL, '2021-01-26 07:30:36', '2021-01-26 07:30:36'),
(51, '2021-01-26', 'service', 11, 2, 200, 1, 4, NULL, NULL, 1, 0, NULL, 8, NULL, '2021-01-26 07:30:36', '2021-01-26 07:30:36'),
(52, '2021-01-26', 'service', 3, 2, 100, 1, 4, NULL, NULL, 1, 0, NULL, 8, NULL, '2021-01-26 07:30:37', '2021-01-26 07:30:37'),
(54, '2021-01-27', 'academic_year_expense', 25, 672, 100, 1, 1, NULL, NULL, NULL, 0, NULL, 8, '672-1', '2021-01-27 07:49:34', '2021-01-27 07:49:34'),
(55, '2021-01-27', 'academic_year_expense', 23, 672, 1000, 1, 4, 5, 'new', NULL, 0, NULL, 8, NULL, '2021-01-27 07:51:16', '2021-01-27 07:51:16'),
(56, '2021-01-27', 'service', 15, 672, 600, 1, 5, NULL, NULL, 1, 0, NULL, 8, NULL, '2021-01-27 07:53:37', '2021-01-27 07:53:37'),
(57, '2021-01-27', 'service', 9, 672, 100, 1, 4, NULL, NULL, 1, 0, NULL, 8, NULL, '2021-01-27 07:53:37', '2021-01-27 07:53:37'),
(58, '2021-01-27', 'service', 15, 671, 600, 1, 5, NULL, NULL, 1, 0, NULL, 8, NULL, '2021-01-27 08:16:25', '2021-01-27 08:16:25'),
(59, '2021-01-27', 'service', 11, 671, 200, 1, 4, NULL, NULL, 1, 0, NULL, 8, NULL, '2021-01-27 08:16:25', '2021-01-27 08:16:25'),
(60, '2021-01-27', 'academic_year_expense', 23, 671, 1685, 1, 4, NULL, NULL, NULL, 0, NULL, 8, NULL, '2021-01-27 08:19:07', '2021-01-27 08:19:07'),
(61, '2021-01-27', 'service', 1, 672, 50, 1, 1, NULL, NULL, 1, 0, NULL, 8, NULL, '2021-01-27 08:27:05', '2021-01-27 08:27:05'),
(62, '2021-01-27', 'old_academic_year_expense', NULL, 673, 980, 1, 4, NULL, NULL, NULL, 0, NULL, 8, NULL, '2021-01-27 08:51:43', '2021-01-27 08:51:43'),
(63, '2021-01-27', 'service', 1, 673, 50, 1, 1, NULL, NULL, 1, 0, NULL, 8, NULL, '2021-01-27 09:05:48', '2021-01-27 09:05:48'),
(64, '2021-02-02', 'academic_year_expense', 23, 1, 1000, 1, 4, 7, 'new', NULL, 0, NULL, 8, NULL, '2021-02-02 07:57:24', '2021-02-02 07:57:24');

-- --------------------------------------------------------

--
-- Table structure for table `account_registeration_status_expenses`
--

CREATE TABLE `account_registeration_status_expenses` (
  `id` int(11) NOT NULL,
  `registeration_status_id` int(11) NOT NULL,
  `expenses_maincategory_id` int(11) NOT NULL,
  `created_at` timestamp NULL DEFAULT NULL,
  `updated_at` timestamp NULL DEFAULT NULL
) ENGINE=InnoDB DEFAULT CHARSET=utf8 COLLATE=utf8_unicode_ci;

--
-- Dumping data for table `account_registeration_status_expenses`
--

INSERT INTO `account_registeration_status_expenses` (`id`, `registeration_status_id`, `expenses_maincategory_id`, `created_at`, `updated_at`) VALUES
(1, 9, 1, '2020-08-23 10:05:52', '2020-08-23 10:05:52'),
(2, 3, 1, '2020-08-23 10:06:25', '2020-08-23 10:06:25'),
(3, 3, 2, '2020-08-23 10:06:25', '2020-08-23 10:06:25'),
(4, 3, 3, '2020-08-23 10:06:25', '2020-08-23 10:06:25');

-- --------------------------------------------------------

--
-- Table structure for table `account_rewords`
--

CREATE TABLE `account_rewords` (
  `id` int(11) NOT NULL,
  `name` varchar(255) COLLATE utf8_unicode_ci NOT NULL,
  `value` float NOT NULL,
  `notes` varchar(255) COLLATE utf8_unicode_ci DEFAULT NULL,
  `created_at` timestamp NULL DEFAULT NULL,
  `updated_at` timestamp NULL DEFAULT NULL
) ENGINE=InnoDB DEFAULT CHARSET=utf8 COLLATE=utf8_unicode_ci;

--
-- Dumping data for table `account_rewords`
--

INSERT INTO `account_rewords` (`id`, `name`, `value`, `notes`, `created_at`, `updated_at`) VALUES
(1, 'مكافة 1', 100, NULL, '2020-08-26 05:49:19', '2020-08-26 05:49:19'),
(2, 'مكافة 2', 50, NULL, '2020-08-26 05:49:42', '2020-08-26 05:49:42');

-- --------------------------------------------------------

--
-- Table structure for table `account_services`
--

CREATE TABLE `account_services` (
  `id` int(11) NOT NULL,
  `name` varchar(255) COLLATE utf8mb4_unicode_ci NOT NULL,
  `value` float NOT NULL,
  `except_level_id` int(11) DEFAULT NULL,
  `division_id` int(11) DEFAULT NULL,
  `copy` tinyint(1) DEFAULT NULL,
  `repeat` tinyint(1) DEFAULT NULL,
  `store_id` int(11) NOT NULL,
  `additional_value` float DEFAULT NULL,
  `installment_percent` int(11) DEFAULT NULL,
  `from_installment_id` int(11) DEFAULT NULL,
  `type` enum('wz','in') COLLATE utf8mb4_unicode_ci NOT NULL,
  `is_refund` int(11) DEFAULT 0,
  `is_in_store` tinyint(1) DEFAULT 0,
  `active` tinyint(1) DEFAULT 1,
  `created_at` timestamp NULL DEFAULT NULL,
  `updated_at` timestamp NULL DEFAULT NULL,
  `is_academic_year_expense` tinyint(1) DEFAULT NULL,
  `is_mobile` tinyint(1) DEFAULT NULL
) ENGINE=InnoDB DEFAULT CHARSET=utf8mb4 COLLATE=utf8mb4_unicode_ci;

--
-- Dumping data for table `account_services`
--

INSERT INTO `account_services` (`id`, `name`, `value`, `except_level_id`, `division_id`, `copy`, `repeat`, `store_id`, `additional_value`, `installment_percent`, `from_installment_id`, `type`, `is_refund`, `is_in_store`, `active`, `created_at`, `updated_at`, `is_academic_year_expense`, `is_mobile`) VALUES
(1, 'شهادة اثبات قيد', 50, NULL, NULL, 1, 1, 1, 0, NULL, NULL, 'wz', 1, 1, 1, '2020-09-08 08:29:21', '2021-01-27 07:43:29', NULL, 1),
(2, 'شهادة تخرج', 50, NULL, NULL, NULL, NULL, 1, 0, NULL, NULL, 'wz', 0, 0, 1, '2020-09-08 08:29:21', '2020-10-07 06:47:34', NULL, 1),
(3, 'التماس اعادة رصد درجات', 100, NULL, NULL, 1, 1, 4, NULL, 0, 1, 'wz', 1, 1, 1, '2020-09-26 17:01:05', '2021-01-26 08:02:06', NULL, 1),
(4, 'افاده', 0, NULL, NULL, 1, 0, 4, NULL, NULL, NULL, 'in', 1, 1, 1, '2020-10-07 05:04:04', '2020-10-14 05:05:23', NULL, NULL),
(5, 'كرنيه بدل فاقد', 50, 1, NULL, 0, NULL, 4, NULL, 100, 1, 'wz', 1, 0, 1, '2020-10-07 05:06:12', '2020-10-14 05:22:34', NULL, NULL),
(6, 'كارنيه بدل فاقد 1', 100, NULL, NULL, 0, 0, 4, 0, 100, 1, 'in', 1, 1, 1, '2020-10-07 11:29:23', '2020-10-14 05:05:08', NULL, NULL),
(7, 'الاشتراك فى الاتوبيس ترم اول', 700, NULL, NULL, 1, 1, 4, NULL, 60, 1, 'in', 1, 0, 1, '2020-10-12 11:35:41', '2020-11-23 12:55:48', NULL, NULL),
(8, 'مادة التربية العسكرية', 50, NULL, NULL, 0, 1, 4, NULL, NULL, NULL, 'in', 0, 1, 1, '2020-11-17 08:23:33', '2020-11-17 08:23:33', NULL, NULL),
(9, 'كارنية تحقيق الشخصية الدائم', 100, NULL, NULL, NULL, 1, 4, 0, 100, 1, 'in', 0, 1, 1, '2020-11-23 15:57:07', '2020-11-23 15:59:31', NULL, NULL),
(10, 'كارنيه المعامل', 100, NULL, NULL, NULL, 1, 4, NULL, NULL, NULL, 'in', 0, 1, 0, '2020-11-23 15:57:42', '2020-11-23 15:57:42', NULL, NULL),
(11, 'كارنيه اشتراك الباص', 200, NULL, NULL, NULL, 1, 4, NULL, NULL, NULL, 'in', 0, 1, 1, '2020-11-23 15:58:19', '2020-11-23 15:58:19', NULL, NULL),
(12, 'مصاريف دراسية', 0, NULL, NULL, NULL, NULL, 0, NULL, NULL, NULL, '', 0, 0, 1, NULL, NULL, 1, NULL),
(13, 'كارنية ورقى', 10, NULL, NULL, NULL, 1, 4, NULL, NULL, NULL, 'in', 0, 0, 1, '2020-11-23 15:58:59', '2021-01-27 07:43:21', NULL, NULL),
(15, 'كتب', 600, NULL, NULL, 1, 1, 5, NULL, 0, 0, 'in', 0, 1, 1, '2021-01-27 07:53:05', '2021-01-27 08:14:19', NULL, NULL);

-- --------------------------------------------------------

--
-- Table structure for table `account_settings`
--

CREATE TABLE `account_settings` (
  `id` int(11) NOT NULL,
  `name` varchar(255) COLLATE utf8mb4_unicode_ci DEFAULT NULL,
  `value` varchar(255) COLLATE utf8mb4_unicode_ci DEFAULT NULL,
  `created_at` timestamp NULL DEFAULT NULL,
  `updated_at` timestamp NULL DEFAULT NULL
) ENGINE=InnoDB DEFAULT CHARSET=utf8mb4 COLLATE=utf8mb4_unicode_ci;

--
-- Dumping data for table `account_settings`
--

INSERT INTO `account_settings` (`id`, `name`, `value`, `created_at`, `updated_at`) VALUES
(1, 'old balance store', '4', '2020-10-02 22:00:00', '2020-11-23 12:57:05'),
(2, NULL, '2', '2020-11-14 10:43:23', '2020-11-14 10:43:23');

-- --------------------------------------------------------

--
-- Table structure for table `account_stores`
--

CREATE TABLE `account_stores` (
  `id` int(11) NOT NULL,
  `name` varchar(191) COLLATE utf8_unicode_ci NOT NULL,
  `address` varchar(191) COLLATE utf8_unicode_ci DEFAULT NULL,
  `init_balance` float NOT NULL,
  `balance` float NOT NULL,
  `notes` varchar(191) COLLATE utf8_unicode_ci DEFAULT NULL,
  `user_id` int(11) NOT NULL,
  `created_at` timestamp NULL DEFAULT NULL,
  `updated_at` timestamp NULL DEFAULT NULL
) ENGINE=InnoDB DEFAULT CHARSET=utf8 COLLATE=utf8_unicode_ci;

--
-- Dumping data for table `account_stores`
--

INSERT INTO `account_stores` (`id`, `name`, `address`, `init_balance`, `balance`, `notes`, `user_id`, `created_at`, `updated_at`) VALUES
(1, 'خزنة شؤن الطلاب', NULL, 0, 34485, NULL, 1, '2020-08-22 18:18:23', '2021-01-27 09:05:48'),
(2, 'خزنة الوزاره', NULL, 0, 5610, NULL, 1, '2020-09-23 08:53:37', '2020-11-17 09:18:28'),
(3, 'خزنة التقدمات', NULL, 0, 3000, NULL, 1, '2020-09-28 14:05:36', '2020-11-23 16:04:35'),
(4, 'خزنة المعهد', NULL, 0, 14300, NULL, 1, '2020-10-07 05:02:30', '2021-02-02 10:41:14'),
(5, 'كتب', NULL, 0, 1200, NULL, 1, '2021-01-27 07:52:06', '2021-01-27 08:16:25'),
(6, 'خزنة تجريبية', NULL, 0, 60, NULL, 1, '2021-02-02 12:08:18', '2021-02-02 12:12:50');

-- --------------------------------------------------------

--
-- Table structure for table `account_student_old_balances`
--

CREATE TABLE `account_student_old_balances` (
  `id` int(11) NOT NULL,
  `student_id` int(11) NOT NULL,
  `value` float NOT NULL,
  `notes` varchar(255) COLLATE utf8mb4_unicode_ci DEFAULT NULL,
  `created_at` timestamp NULL DEFAULT NULL,
  `updated_at` timestamp NULL DEFAULT NULL
) ENGINE=InnoDB DEFAULT CHARSET=utf8mb4 COLLATE=utf8mb4_unicode_ci;

--
-- Dumping data for table `account_student_old_balances`
--

INSERT INTO `account_student_old_balances` (`id`, `student_id`, `value`, `notes`, `created_at`, `updated_at`) VALUES
(9, 673, 980, 'يوجد رسوم سابقه عن عام 2019', '2021-01-27 08:33:43', '2021-01-27 08:41:05');

-- --------------------------------------------------------

--
-- Table structure for table `account_student_services`
--

CREATE TABLE `account_student_services` (
  `id` int(11) NOT NULL,
  `service_id` int(11) NOT NULL,
  `student_id` int(11) NOT NULL,
  `created_at` timestamp NULL DEFAULT NULL,
  `updated_at` timestamp NULL DEFAULT NULL
) ENGINE=InnoDB DEFAULT CHARSET=utf8mb4 COLLATE=utf8mb4_unicode_ci;

--
-- Dumping data for table `account_student_services`
--

INSERT INTO `account_student_services` (`id`, `service_id`, `student_id`, `created_at`, `updated_at`) VALUES
(1, 1, 1, NULL, NULL),
(2, 4, 12, '2020-10-07 07:38:45', '2020-10-07 07:38:45'),
(3, 1, 12, '2020-10-07 07:38:46', '2020-10-07 07:38:46'),
(4, 6, 13, '2020-10-07 11:30:37', '2020-10-07 11:30:37'),
(5, 1, 23, '2020-10-11 11:41:41', '2020-10-11 11:41:41'),
(6, 1, 24, '2020-10-12 12:05:57', '2020-10-12 12:05:57'),
(7, 4, 24, '2020-10-12 12:43:28', '2020-10-12 12:43:28'),
(8, 4, 25, '2020-10-12 12:51:18', '2020-10-12 12:51:18'),
(9, 5, 26, '2020-10-12 13:41:38', '2020-10-12 13:41:38'),
(10, 4, 26, '2020-10-12 13:41:38', '2020-10-12 13:41:38'),
(11, 1, 26, '2020-10-12 13:41:38', '2020-10-12 13:41:38'),
(12, 1, 24, '2020-10-13 04:33:35', '2020-10-13 04:33:35'),
(13, 1, 24, '2020-10-13 04:35:11', '2020-10-13 04:35:11'),
(14, 1, 24, '2020-10-13 04:54:51', '2020-10-13 04:54:51'),
(15, 1, 24, '2020-10-13 04:55:49', '2020-10-13 04:55:49'),
(16, 3, 29, '2020-10-13 06:58:18', '2020-10-13 06:58:18'),
(17, 1, 30, '2020-10-13 07:03:19', '2020-10-13 07:03:19'),
(18, 3, 30, '2020-10-13 07:03:19', '2020-10-13 07:03:19'),
(19, 2, 30, '2020-10-13 07:03:19', '2020-10-13 07:03:19'),
(20, 2, 30, '2020-10-13 07:08:04', '2020-10-13 07:08:04'),
(21, 1, 30, '2020-10-13 07:08:04', '2020-10-13 07:08:04'),
(22, 3, 24, '2020-10-14 05:18:06', '2020-10-14 05:18:06'),
(23, 6, 24, '2020-10-14 05:18:06', '2020-10-14 05:18:06'),
(24, 8, 17, '2020-11-17 09:31:49', '2020-11-17 09:31:49'),
(25, 8, 30, '2020-11-17 09:32:57', '2020-11-17 09:32:57'),
(26, 9, 9, '2020-11-23 16:15:56', '2020-11-23 16:15:56'),
(27, 9, 10, '2020-11-23 16:21:59', '2020-11-23 16:21:59'),
(28, 11, 10, '2020-11-23 16:24:13', '2020-11-23 16:24:13'),
(29, 12, 10, '2020-11-23 16:24:13', '2020-11-23 16:24:13'),
(30, 11, 9, '2020-11-23 16:28:09', '2020-11-23 16:28:09'),
(31, 11, 7, '2020-11-23 16:30:15', '2020-11-23 16:30:15'),
(32, 12, 7, '2020-11-23 16:32:39', '2020-11-23 16:32:39'),
(33, 6, 16, '2020-12-21 06:49:12', '2020-12-21 06:49:12'),
(34, 9, 16, '2020-12-21 06:49:12', '2020-12-21 06:49:12'),
(35, 11, 16, '2020-12-21 06:49:13', '2020-12-21 06:49:13'),
(36, 9, 16, '2020-12-26 10:49:59', '2020-12-26 10:49:59'),
(37, 9, 2, '2021-01-26 07:30:36', '2021-01-26 07:30:36'),
(38, 11, 2, '2021-01-26 07:30:37', '2021-01-26 07:30:37'),
(39, 3, 2, '2021-01-26 07:30:37', '2021-01-26 07:30:37'),
(40, 15, 672, '2021-01-27 07:53:37', '2021-01-27 07:53:37'),
(41, 9, 672, '2021-01-27 07:53:37', '2021-01-27 07:53:37'),
(42, 15, 671, '2021-01-27 08:16:25', '2021-01-27 08:16:25'),
(43, 11, 671, '2021-01-27 08:16:25', '2021-01-27 08:16:25'),
(44, 1, 672, '2021-01-27 08:27:05', '2021-01-27 08:27:05'),
(45, 1, 673, '2021-01-27 09:05:48', '2021-01-27 09:05:48');

-- --------------------------------------------------------

--
-- Table structure for table `account_transformations`
--

CREATE TABLE `account_transformations` (
  `id` int(11) NOT NULL,
  `date` date NOT NULL,
  `bank_id` int(11) NOT NULL,
  `store_id` int(11) NOT NULL,
  `value` float NOT NULL,
  `notes` varchar(191) COLLATE utf8_unicode_ci DEFAULT NULL,
  `attachment` varchar(191) COLLATE utf8_unicode_ci DEFAULT NULL,
  `user_id` int(11) NOT NULL,
  `type` enum('bank_to_store','store_to_bank') COLLATE utf8_unicode_ci NOT NULL,
  `created_at` timestamp NOT NULL DEFAULT current_timestamp() ON UPDATE current_timestamp(),
  `updated_at` timestamp NOT NULL DEFAULT '0000-00-00 00:00:00'
) ENGINE=InnoDB DEFAULT CHARSET=utf8 COLLATE=utf8_unicode_ci;

--
-- Dumping data for table `account_transformations`
--

INSERT INTO `account_transformations` (`id`, `date`, `bank_id`, `store_id`, `value`, `notes`, `attachment`, `user_id`, `type`, `created_at`, `updated_at`) VALUES
(19, '2021-02-02', 5, 6, 30, NULL, '161227517034648.png', 1, 'bank_to_store', '2021-02-02 14:12:50', '2021-02-02 12:12:50');

-- --------------------------------------------------------

--
-- Table structure for table `account_trees`
--

CREATE TABLE `account_trees` (
  `id` varchar(191) COLLATE utf8mb4_unicode_ci NOT NULL,
  `parent` varchar(191) COLLATE utf8mb4_unicode_ci NOT NULL,
  `icon` varchar(191) COLLATE utf8mb4_unicode_ci NOT NULL,
  `type` varchar(191) COLLATE utf8mb4_unicode_ci NOT NULL,
  `text` varchar(191) COLLATE utf8mb4_unicode_ci NOT NULL,
  `created_at` timestamp NULL DEFAULT NULL,
  `updated_at` timestamp NULL DEFAULT NULL
) ENGINE=InnoDB DEFAULT CHARSET=utf8mb4 COLLATE=utf8mb4_unicode_ci;

--
-- Dumping data for table `account_trees`
--

INSERT INTO `account_trees` (`id`, `parent`, `icon`, `type`, `text`, `created_at`, `updated_at`) VALUES
('j1_1', '#', 'fa fa-usd', 'default', 'وزارى', '2018-09-10 16:50:19', '2021-02-02 10:38:48'),
('j1_2', '#', 'fa fa-usd', 'default', 'معهد', '2018-09-10 16:50:20', '2021-02-02 10:38:53'),
('j1_3', 'j1_2', 'fa fa-usd', 'default', 'ضرائب', '2021-02-02 09:40:20', '2021-02-02 09:40:26'),
('j1_4', 'j1_2', 'fa fa-usd', 'default', 'اكرامية', '2021-02-02 09:42:01', '2021-02-02 09:42:07'),
('j1_5', 'j1_1', 'fa fa-usd', 'default', 'تحويلات', '2021-02-02 09:42:28', '2021-02-02 09:42:32'),
('j1_6', 'j1_1', 'fa fa-usd', 'default', 'ايداعات', '2021-02-02 11:32:56', '2021-02-02 11:33:10');

-- --------------------------------------------------------

--
-- Table structure for table `applications`
--

CREATE TABLE `applications` (
  `id` bigint(20) UNSIGNED NOT NULL,
  `name` varchar(255) COLLATE utf8mb4_unicode_ci DEFAULT NULL,
  `code` varchar(255) COLLATE utf8mb4_unicode_ci DEFAULT NULL,
  `email` varchar(255) COLLATE utf8mb4_unicode_ci DEFAULT NULL,
  `nationality_id` int(10) UNSIGNED DEFAULT NULL,
  `gender` enum('male','female') COLLATE utf8mb4_unicode_ci DEFAULT NULL,
  `academic_years_id` int(10) UNSIGNED DEFAULT NULL,
  `registeration_date` date DEFAULT NULL,
  `qualification_types_id` int(10) UNSIGNED DEFAULT NULL,
  `qualification_id` int(11) DEFAULT NULL,
  `qualification_date` date DEFAULT NULL,
  `qualification_set_number` varchar(255) COLLATE utf8mb4_unicode_ci DEFAULT NULL,
  `language_1_id` int(10) UNSIGNED DEFAULT NULL,
  `language_2_id` int(10) UNSIGNED DEFAULT NULL,
  `city_id` int(10) UNSIGNED DEFAULT NULL,
  `government_id` int(10) UNSIGNED DEFAULT NULL,
  `country_id` int(10) UNSIGNED DEFAULT NULL,
  `religion` enum('muslim','christian') COLLATE utf8mb4_unicode_ci DEFAULT NULL,
  `military_status_id` int(10) UNSIGNED DEFAULT NULL,
  `military_area_id` int(10) UNSIGNED DEFAULT NULL,
  `national_id` varchar(255) COLLATE utf8mb4_unicode_ci DEFAULT NULL,
  `password` varchar(255) COLLATE utf8mb4_unicode_ci DEFAULT NULL,
  `grade` float DEFAULT NULL,
  `triple_number` varchar(255) COLLATE utf8mb4_unicode_ci DEFAULT NULL,
  `address` varchar(255) COLLATE utf8mb4_unicode_ci DEFAULT NULL,
  `birth_address` varchar(255) COLLATE utf8mb4_unicode_ci DEFAULT NULL,
  `phone_1` varchar(255) COLLATE utf8mb4_unicode_ci DEFAULT NULL,
  `registration_status_id` int(10) UNSIGNED DEFAULT NULL,
  `registration_method_id` int(10) UNSIGNED DEFAULT NULL,
  `national_id_date` date DEFAULT NULL,
  `national_id_place` int(10) UNSIGNED DEFAULT NULL,
  `parent_name` varchar(255) COLLATE utf8mb4_unicode_ci DEFAULT NULL,
  `parent_national_id` varchar(255) COLLATE utf8mb4_unicode_ci DEFAULT NULL,
  `parent_job_id` int(10) UNSIGNED DEFAULT NULL,
  `parent_address` varchar(255) COLLATE utf8mb4_unicode_ci DEFAULT NULL,
  `parent_phone` varchar(255) COLLATE utf8mb4_unicode_ci DEFAULT NULL,
  `relative_relation_id` int(10) UNSIGNED DEFAULT NULL,
  `personal_photo` varchar(255) COLLATE utf8mb4_unicode_ci DEFAULT NULL,
  `acceptance_code` varchar(255) COLLATE utf8mb4_unicode_ci DEFAULT NULL,
  `acceptance_date` date DEFAULT NULL,
  `level_id` int(11) DEFAULT NULL,
  `status` enum('1','0') COLLATE utf8mb4_unicode_ci DEFAULT NULL,
  `writen_by` int(10) UNSIGNED DEFAULT NULL,
  `case_constraint_id` int(10) UNSIGNED DEFAULT NULL,
  `created_at` timestamp NULL DEFAULT NULL,
  `updated_at` timestamp NULL DEFAULT NULL
) ENGINE=InnoDB DEFAULT CHARSET=utf8mb4 COLLATE=utf8mb4_unicode_ci;

-- --------------------------------------------------------

--
-- Table structure for table `application_attachment`
--

CREATE TABLE `application_attachment` (
  `id` bigint(20) UNSIGNED NOT NULL,
  `created_at` timestamp NULL DEFAULT NULL,
  `updated_at` timestamp NULL DEFAULT NULL
) ENGINE=InnoDB DEFAULT CHARSET=utf8mb4 COLLATE=utf8mb4_unicode_ci;

-- --------------------------------------------------------

--
-- Table structure for table `application_required`
--

CREATE TABLE `application_required` (
  `id` bigint(20) UNSIGNED NOT NULL,
  `name` varchar(191) COLLATE utf8mb4_unicode_ci NOT NULL,
  `display_name` varchar(191) COLLATE utf8mb4_unicode_ci NOT NULL,
  `required` tinyint(1) NOT NULL,
  `created_at` timestamp NULL DEFAULT NULL,
  `updated_at` timestamp NULL DEFAULT NULL
) ENGINE=InnoDB DEFAULT CHARSET=utf8mb4 COLLATE=utf8mb4_unicode_ci;

--
-- Dumping data for table `application_required`
--

INSERT INTO `application_required` (`id`, `name`, `display_name`, `required`, `created_at`, `updated_at`) VALUES
(2, 'address', 'عنوان الطالب', 0, '2020-08-05 04:53:19', '2020-09-28 05:41:43'),
(4, 'national_id', 'رقم البطاقة الشخصية', 0, '2020-08-05 04:53:19', '2020-09-28 05:41:43'),
(5, 'national_id_date', 'تاريخ اصدار البطاقة الشخصية', 0, '2020-08-05 04:53:19', '2020-09-28 05:41:44'),
(6, 'national_id_place', 'مكان اصدار البطاقة الشخصية', 0, '2020-08-05 04:53:19', '2020-09-28 05:41:44'),
(7, 'triple_number', 'الرقم الثلاثى', 0, '2020-08-05 04:53:19', '2020-09-28 05:41:44'),
(8, 'registeration_date', 'تاريخ تقديم طلب الالتحاق', 0, '2020-08-05 04:53:19', '2020-09-28 05:41:44'),
(9, 'military_area_id', 'جهة التجنيد', 0, '2020-08-05 04:53:19', '2020-09-28 05:41:44'),
(10, 'military_status_id', 'حالة التجنيد', 0, '2020-08-05 04:53:19', '2020-09-28 05:41:45'),
(14, 'qualification_date', 'تاريخ الحصول على شهادة المؤهل', 0, '2020-08-05 04:53:19', '2020-09-28 05:41:45'),
(15, 'qualification_set_number', 'رقم الجلوس', 0, '2020-08-05 04:53:19', '2020-09-28 05:41:45'),
(16, 'nationality_id', 'الجنسية', 0, '2020-08-05 04:53:19', '2020-09-28 05:41:45'),
(17, 'religion', 'الديانة', 0, '2020-08-05 04:53:19', '2020-09-28 05:41:45'),
(18, 'gender', 'الجنس', 0, '2020-08-05 04:53:19', '2020-09-28 05:41:45'),
(19, 'country_id', 'الدولة', 0, '2020-08-05 04:53:19', '2020-09-28 05:41:46'),
(20, 'government_id', 'المحافظة', 0, '2020-08-05 04:53:19', '2020-09-28 05:41:46'),
(21, 'city_id', 'المدينة', 0, '2020-08-05 04:53:19', '2020-09-28 05:41:46'),
(22, 'language_1_id', 'لغة اجنبية اولى', 0, '2020-08-05 04:53:19', '2020-09-28 05:41:46'),
(23, 'language_2_id', 'لغة اجنبية ثانية', 0, '2020-08-05 04:53:19', '2020-09-28 05:41:46'),
(25, 'phone_1', 'تليفون الطالب المتقدم', 0, '2020-08-05 04:53:19', '2020-09-28 05:41:46'),
(26, 'parent_name', 'اسم ولى الامر', 0, '2020-08-05 04:53:19', '2020-09-28 05:41:47'),
(27, 'parent_national_id', 'رقم البطاقة الشخصية لولى الامر', 0, '2020-08-05 04:53:19', '2020-09-28 05:41:47'),
(28, 'parent_job_id', 'وظيفة ولى الامر', 0, '2020-08-05 04:53:19', '2020-09-28 05:41:47'),
(29, 'parent_address', 'عنوان ولى الامر', 0, '2020-08-05 04:53:19', '2020-09-28 05:41:47'),
(30, 'parent_phone', 'تليفون ولى الامر', 0, '2020-08-05 04:53:19', '2020-09-28 05:41:47');

-- --------------------------------------------------------

--
-- Table structure for table `attributes`
--

CREATE TABLE `attributes` (
  `id` bigint(20) UNSIGNED NOT NULL,
  `name` varchar(191) COLLATE utf8mb4_unicode_ci NOT NULL,
  `type` varchar(191) COLLATE utf8mb4_unicode_ci NOT NULL,
  `required` enum('1','0') COLLATE utf8mb4_unicode_ci NOT NULL,
  `notes` varchar(191) COLLATE utf8mb4_unicode_ci DEFAULT NULL,
  `created_at` timestamp NULL DEFAULT NULL,
  `updated_at` timestamp NULL DEFAULT NULL
) ENGINE=InnoDB DEFAULT CHARSET=utf8mb4 COLLATE=utf8mb4_unicode_ci;

-- --------------------------------------------------------

--
-- Table structure for table `card_exports`
--

CREATE TABLE `card_exports` (
  `id` int(11) NOT NULL,
  `student_id` int(11) NOT NULL,
  `date` date NOT NULL,
  `rf_code` int(11) DEFAULT NULL,
  `payment_id` int(11) DEFAULT NULL,
  `card_id` int(11) NOT NULL,
  `created_at` timestamp NULL DEFAULT NULL,
  `updated_at` timestamp NULL DEFAULT NULL
) ENGINE=InnoDB DEFAULT CHARSET=utf8mb4;

--
-- Dumping data for table `card_exports`
--

INSERT INTO `card_exports` (`id`, `student_id`, `date`, `rf_code`, `payment_id`, `card_id`, `created_at`, `updated_at`) VALUES
(1, 9, '2020-11-23', NULL, 32, 1, '2020-11-23 16:16:44', '2020-11-23 16:16:44'),
(2, 10, '2020-11-23', NULL, 34, 1, '2020-11-23 16:25:01', '2020-11-23 16:25:01'),
(3, 10, '2020-11-23', NULL, 35, 3, '2020-11-23 16:25:13', '2020-11-23 16:25:13'),
(4, 10, '2020-11-23', NULL, 36, 4, '2020-11-23 16:25:23', '2020-11-23 16:25:23'),
(5, 9, '2020-11-23', NULL, 37, 3, '2020-11-23 16:28:38', '2020-11-23 16:28:38'),
(6, 7, '2020-11-23', NULL, 38, 3, '2020-11-23 16:30:29', '2020-11-23 16:30:29'),
(7, 7, '2020-11-23', NULL, 40, 4, '2020-11-23 16:32:49', '2020-11-23 16:32:49'),
(8, 16, '2020-12-21', NULL, 45, 1, '2020-12-21 06:50:51', '2020-12-21 06:50:51'),
(9, 16, '2020-12-21', NULL, 46, 3, '2020-12-21 06:51:02', '2020-12-21 06:51:02');

-- --------------------------------------------------------

--
-- Table structure for table `card_types`
--

CREATE TABLE `card_types` (
  `id` int(11) NOT NULL,
  `name` varchar(255) NOT NULL,
  `service_id` int(11) NOT NULL,
  `image` varchar(255) DEFAULT NULL,
  `created_at` timestamp NULL DEFAULT NULL,
  `updated_at` timestamp NULL DEFAULT NULL
) ENGINE=InnoDB DEFAULT CHARSET=utf8mb4;

--
-- Dumping data for table `card_types`
--

INSERT INTO `card_types` (`id`, `name`, `service_id`, `image`, `created_at`, `updated_at`) VALUES
(1, 'كارنية تحقيق الشخصية الدائم', 9, '/uploads/cards/1.png', '2020-11-23 18:13:16', '2020-11-23 18:13:16'),
(2, 'كارنيه المعامل', 10, '/uploads/cards/2.png', '2020-11-23 18:13:16', '2020-11-23 18:13:16'),
(3, 'كارنيه اشتراك الباص', 11, '/uploads/cards/3.png', '2020-11-23 18:13:16', '2020-11-23 18:13:16'),
(4, 'كارنية ورقى', 12, '/uploads/cards/4.png', '2020-11-23 18:13:16', '2020-11-23 18:13:16');

-- --------------------------------------------------------

--
-- Table structure for table `case_constraints`
--

CREATE TABLE `case_constraints` (
  `id` int(11) NOT NULL,
  `name` varchar(191) COLLATE utf8_unicode_ci NOT NULL,
  `notes` varchar(191) COLLATE utf8_unicode_ci DEFAULT NULL,
  `created_at` timestamp NULL DEFAULT NULL,
  `updated_at` timestamp NULL DEFAULT NULL
) ENGINE=InnoDB DEFAULT CHARSET=utf8 COLLATE=utf8_unicode_ci;

--
-- Dumping data for table `case_constraints`
--

INSERT INTO `case_constraints` (`id`, `name`, `notes`, `created_at`, `updated_at`) VALUES
(1, 'متقدم', NULL, NULL, NULL),
(2, 'مقيد', NULL, NULL, NULL),
(3, 'باقى للاعاده', NULL, '2020-12-26 08:18:35', '2020-12-26 08:18:35'),
(4, 'مفصولين', NULL, '2020-12-26 08:18:57', '2020-12-26 08:18:57'),
(5, 'بالارشيف', NULL, '2020-12-26 08:19:05', '2020-12-26 08:19:05');

-- --------------------------------------------------------

--
-- Table structure for table `cities`
--

CREATE TABLE `cities` (
  `id` bigint(20) UNSIGNED NOT NULL,
  `name` varchar(191) COLLATE utf8mb4_unicode_ci NOT NULL,
  `government_id` int(10) UNSIGNED NOT NULL,
  `notes` varchar(191) COLLATE utf8mb4_unicode_ci DEFAULT NULL,
  `created_at` timestamp NULL DEFAULT NULL,
  `updated_at` timestamp NULL DEFAULT NULL
) ENGINE=InnoDB DEFAULT CHARSET=utf8mb4 COLLATE=utf8mb4_unicode_ci;

--
-- Dumping data for table `cities`
--

INSERT INTO `cities` (`id`, `name`, `government_id`, `notes`, `created_at`, `updated_at`) VALUES
(2, 'الخرطوم', 2, NULL, '2020-08-05 08:17:08', '2020-08-05 08:17:08'),
(3, 'مركز بنى سويف', 3, NULL, '2020-08-08 21:03:32', '2020-08-11 14:13:21'),
(4, 'مركز الواسطى', 3, NULL, '2020-08-08 21:04:26', '2020-08-15 18:18:25'),
(5, 'مركز ناصر', 3, NULL, '2020-08-08 21:04:42', '2020-08-11 14:14:22'),
(6, 'مركز اهناسيا', 3, NULL, '2020-08-08 21:05:40', '2020-08-11 14:14:50'),
(7, 'مركز ببا', 3, NULL, '2020-08-08 21:07:13', '2020-08-11 14:15:17'),
(8, 'مركز سمسطا', 3, NULL, '2020-08-08 21:07:37', '2020-08-11 14:18:42'),
(9, 'مركز الفشن', 3, NULL, '2020-08-09 12:37:26', '2020-08-11 14:19:06'),
(10, 'مركز ابشواي', 4, NULL, '2020-08-11 14:25:32', '2020-08-11 19:08:52'),
(11, 'مركز اطسا', 4, NULL, '2020-08-11 14:26:15', '2020-08-11 19:08:31'),
(12, 'مركز الفيوم', 4, NULL, '2020-08-11 14:26:44', '2020-08-11 14:26:44'),
(13, 'مركز سنورس', 4, NULL, '2020-08-11 14:27:08', '2020-08-11 14:27:08'),
(14, 'مركز طامية', 4, NULL, '2020-08-11 14:27:46', '2020-08-11 14:27:46'),
(15, 'مركز كرداسة', 7, NULL, '2020-08-11 19:09:15', '2020-08-11 19:09:15'),
(16, 'مركز الحوامدية', 7, NULL, '2020-08-11 19:09:32', '2020-08-11 19:09:32'),
(17, 'مركز الواحات', 7, NULL, '2020-08-11 19:09:52', '2020-08-11 19:09:52'),
(18, 'مركز أطفيح', 7, NULL, '2020-08-11 19:10:19', '2020-08-11 19:10:19'),
(19, 'مركز أبو النمرس', 7, NULL, '2020-08-11 19:10:43', '2020-08-11 19:10:43'),
(20, 'مركز البدرشين', 7, NULL, '2020-08-11 19:10:59', '2020-08-11 19:10:59'),
(21, 'مركز القناطر', 7, NULL, '2020-08-11 19:11:18', '2020-08-11 19:11:18'),
(22, 'بنها العسل', 8, NULL, '2020-08-15 16:10:48', '2020-08-15 16:10:48'),
(23, 'قليوب', 8, NULL, '2020-08-15 16:57:07', '2020-08-15 16:57:07'),
(24, 'القناطر الخيرية', 8, NULL, '2020-08-15 16:58:52', '2020-08-15 16:58:52'),
(25, 'شبرا الخيمة', 8, NULL, '2020-08-15 17:33:46', '2020-08-15 17:33:46'),
(26, 'الخانكة', 8, NULL, '2020-08-15 17:35:44', '2020-08-15 17:35:44'),
(27, 'كفر شكر', 8, NULL, '2020-08-15 17:36:28', '2020-08-15 17:36:28'),
(28, 'شبين القناطر', 8, NULL, '2020-08-15 17:36:48', '2020-08-15 17:36:48'),
(29, 'طوخ', 8, NULL, '2020-08-15 17:37:30', '2020-08-15 17:37:30'),
(30, 'عين حلوان', 9, NULL, '2020-08-15 17:55:01', '2020-08-15 17:55:01'),
(31, 'وادي حوف', 9, NULL, '2020-08-15 17:55:23', '2020-08-15 17:55:23'),
(32, 'حدائق حلوان', 9, NULL, '2020-08-15 17:56:35', '2020-08-15 17:56:35'),
(33, 'حي المعصرة', 9, NULL, '2020-08-15 17:56:58', '2020-08-15 17:57:26'),
(34, 'مدينة 15 مايو', 9, NULL, '2020-08-15 17:58:16', '2020-08-15 17:58:16'),
(35, 'مدينة المعادي', 9, NULL, '2020-08-15 18:09:06', '2020-08-15 18:09:06'),
(36, 'مدينة الصف', 9, NULL, '2020-08-15 18:10:42', '2020-08-15 18:10:42'),
(37, 'مركز أطفيح', 9, NULL, '2020-08-15 18:11:28', '2020-08-15 18:11:28'),
(38, 'حي النهضة والهايكستب', 9, NULL, '2020-08-15 18:12:11', '2020-08-15 18:12:11'),
(39, 'حي المرج', 1, NULL, '2020-08-15 18:22:36', '2020-08-15 18:22:36'),
(40, 'حي المطرية', 1, NULL, '2020-08-15 18:24:44', '2020-08-15 18:24:44'),
(41, 'حي عين شمس', 1, NULL, '2020-08-15 18:25:22', '2020-08-15 18:25:22'),
(42, 'حي عين شمس', 1, NULL, '2020-08-15 18:27:57', '2020-08-15 18:27:57'),
(43, 'حي السلام أول', 1, NULL, '2020-08-15 18:28:24', '2020-08-15 18:28:24'),
(44, 'حي السلام ثان', 1, NULL, '2020-08-15 18:28:42', '2020-08-15 18:28:42'),
(45, 'حي النزهة', 1, NULL, '2020-08-15 18:29:08', '2020-08-15 18:29:08'),
(46, 'حي مصر الجديدة', 1, NULL, '2020-08-15 18:29:25', '2020-08-15 18:29:25'),
(47, 'حي شرق مدينة نصر', 1, NULL, '2020-08-15 18:29:47', '2020-08-15 18:29:47'),
(48, 'حي غرب مدينة نصر', 1, NULL, '2020-08-15 18:30:06', '2020-08-15 18:30:06'),
(49, 'حي منشأة ناصر', 1, NULL, '2020-08-15 18:30:27', '2020-08-15 18:30:27'),
(50, 'حى الوايلي', 1, NULL, '2020-08-15 18:31:08', '2020-08-15 18:31:08'),
(51, 'حى باب الشعرية', 1, NULL, '2020-08-15 18:31:31', '2020-08-15 18:31:31'),
(52, 'حي وسط', 1, NULL, '2020-08-15 18:32:14', '2020-08-15 18:32:14'),
(53, 'حي الموسكى', 1, NULL, '2020-08-15 18:32:28', '2020-08-15 18:32:28'),
(54, 'حي الأزبكية', 1, NULL, '2020-08-15 18:32:51', '2020-08-15 18:32:51'),
(55, 'حي عابدين', 1, NULL, '2020-08-15 18:33:08', '2020-08-15 18:33:27'),
(56, 'حي بولاق', 1, NULL, '2020-08-15 18:33:57', '2020-08-15 18:33:57'),
(57, 'حي غرب', 1, NULL, '2020-08-15 18:34:25', '2020-08-15 18:34:25'),
(58, 'حي الزيتون', 1, NULL, '2020-08-15 18:40:06', '2020-08-15 18:40:06'),
(59, 'حي حدائق القبة', 1, NULL, '2020-08-15 18:40:37', '2020-08-15 18:40:37'),
(60, 'حي الزاوية الحمراء', 1, NULL, '2020-08-15 18:41:01', '2020-08-15 18:41:01'),
(61, 'حي الشرابية', 1, NULL, '2020-08-15 18:41:34', '2020-08-15 18:41:34'),
(62, 'حي الساحل', 1, NULL, '2020-08-15 18:42:06', '2020-08-15 18:42:06'),
(63, 'حي شبرا', 1, NULL, '2020-08-15 18:42:27', '2020-08-15 18:42:27'),
(64, 'حي روض الفرج', 1, NULL, '2020-08-15 18:42:58', '2020-08-15 18:42:58'),
(65, 'حي السيدة زينب', 1, NULL, '2020-08-15 18:43:44', '2020-08-15 18:43:44'),
(67, 'حي الخليفة', 1, NULL, '2020-08-15 18:45:04', '2020-08-15 18:45:04'),
(68, 'حي المقطم', 1, NULL, '2020-08-15 18:45:47', '2020-08-15 18:45:47'),
(69, 'حي البساتين', 1, NULL, '2020-08-15 19:12:43', '2020-08-15 19:12:43'),
(70, 'حي دار السلام', 1, NULL, '2020-08-15 19:13:05', '2020-08-15 19:13:05'),
(71, 'حي المعادي', 1, NULL, '2020-08-15 19:13:47', '2020-08-15 19:13:47'),
(72, 'حي طرة', 1, NULL, '2020-08-15 19:14:28', '2020-08-15 19:14:28'),
(73, 'حلوان', 1, NULL, '2020-08-15 19:14:55', '2020-09-28 16:00:58'),
(74, 'بنى سويف', 3, NULL, '2020-11-21 10:02:51', '2020-11-21 10:02:51');

-- --------------------------------------------------------

--
-- Table structure for table `constraint_status`
--

CREATE TABLE `constraint_status` (
  `id` int(11) NOT NULL,
  `name` varchar(255) COLLATE utf8mb4_unicode_ci NOT NULL,
  `created_at` timestamp NULL DEFAULT NULL,
  `updated_at` timestamp NULL DEFAULT NULL
) ENGINE=InnoDB DEFAULT CHARSET=utf8mb4 COLLATE=utf8mb4_unicode_ci;

--
-- Dumping data for table `constraint_status`
--

INSERT INTO `constraint_status` (`id`, `name`, `created_at`, `updated_at`) VALUES
(1, 'متقدم', NULL, NULL);

-- --------------------------------------------------------

--
-- Table structure for table `countries`
--

CREATE TABLE `countries` (
  `id` bigint(20) UNSIGNED NOT NULL,
  `name` varchar(191) COLLATE utf8mb4_unicode_ci NOT NULL,
  `notes` varchar(191) COLLATE utf8mb4_unicode_ci DEFAULT NULL,
  `created_at` timestamp NULL DEFAULT NULL,
  `updated_at` timestamp NULL DEFAULT NULL
) ENGINE=InnoDB DEFAULT CHARSET=utf8mb4 COLLATE=utf8mb4_unicode_ci;

--
-- Dumping data for table `countries`
--

INSERT INTO `countries` (`id`, `name`, `notes`, `created_at`, `updated_at`) VALUES
(1, 'جمهورية مصر العربية', NULL, '2020-08-05 08:16:16', '2020-08-05 08:16:16'),
(2, 'جمهورية السودان', NULL, '2020-08-05 08:16:24', '2020-08-05 08:16:24'),
(4, 'جمهوريه ليبيا', NULL, '2020-08-11 13:54:07', '2020-08-11 18:14:25'),
(5, 'سويا', NULL, '2020-09-20 10:27:06', '2020-09-20 10:27:06'),
(6, 'لبنان', 'fgd', '2020-09-20 10:28:39', '2020-09-28 15:59:46'),
(10, 'السعودية', NULL, '2020-12-21 06:52:53', '2020-12-21 06:52:53');

-- --------------------------------------------------------

--
-- Table structure for table `departments`
--

CREATE TABLE `departments` (
  `id` bigint(20) UNSIGNED NOT NULL,
  `name` varchar(191) COLLATE utf8mb4_unicode_ci NOT NULL,
  `level_id` int(10) UNSIGNED NOT NULL,
  `division_id` int(11) DEFAULT NULL,
  `notes` varchar(191) COLLATE utf8mb4_unicode_ci DEFAULT NULL,
  `created_at` timestamp NULL DEFAULT NULL,
  `updated_at` timestamp NULL DEFAULT NULL
) ENGINE=InnoDB DEFAULT CHARSET=utf8mb4 COLLATE=utf8mb4_unicode_ci;

--
-- Dumping data for table `departments`
--

INSERT INTO `departments` (`id`, `name`, `level_id`, `division_id`, `notes`, `created_at`, `updated_at`) VALUES
(1, 'عام', 1, 1, NULL, NULL, NULL),
(4, 'عام', 2, 1, NULL, '2020-08-09 20:51:07', '2020-08-09 20:51:07'),
(5, 'عام', 3, 1, NULL, '2020-08-09 20:51:27', '2020-08-09 20:51:27'),
(6, 'عام', 4, 1, NULL, '2020-08-09 20:51:45', '2020-08-09 20:51:45'),
(7, 'إداره الأعمال', 3, 3, NULL, '2020-08-09 20:52:44', '2020-08-09 20:52:44'),
(8, 'إداره الأعمال', 4, 3, NULL, '2020-08-09 20:53:07', '2020-08-09 20:53:07'),
(9, 'المحاسبه', 3, 4, NULL, '2020-08-09 20:53:59', '2020-08-09 20:53:59'),
(10, 'المحاسبه', 4, 4, NULL, '2020-08-09 20:54:48', '2020-08-09 20:54:48'),
(11, 'تمويل', 3, 2, NULL, '2020-08-09 20:52:44', '2020-08-09 20:52:44'),
(12, 'تمويل', 4, 2, NULL, '2020-08-09 20:53:07', '2020-08-09 20:53:07');

-- --------------------------------------------------------

--
-- Table structure for table `divisions`
--

CREATE TABLE `divisions` (
  `id` bigint(20) UNSIGNED NOT NULL,
  `name` varchar(191) COLLATE utf8mb4_unicode_ci NOT NULL,
  `notes` varchar(191) COLLATE utf8mb4_unicode_ci DEFAULT NULL,
  `created_at` timestamp NULL DEFAULT NULL,
  `updated_at` timestamp NULL DEFAULT NULL
) ENGINE=InnoDB DEFAULT CHARSET=utf8mb4 COLLATE=utf8mb4_unicode_ci;

--
-- Dumping data for table `divisions`
--

INSERT INTO `divisions` (`id`, `name`, `notes`, `created_at`, `updated_at`) VALUES
(1, 'عام', NULL, '2020-08-11 18:48:33', '2020-08-11 18:48:33'),
(2, 'تمويل', NULL, '2020-08-11 18:50:11', '2020-08-11 18:50:11'),
(3, 'اداره', NULL, '2020-08-11 18:51:05', '2020-08-11 18:51:05'),
(4, 'محاسبه', NULL, '2020-08-11 18:53:14', '2020-08-11 18:53:14');

-- --------------------------------------------------------

--
-- Table structure for table `failed_jobs`
--

CREATE TABLE `failed_jobs` (
  `id` bigint(20) UNSIGNED NOT NULL,
  `connection` text COLLATE utf8mb4_unicode_ci NOT NULL,
  `queue` text COLLATE utf8mb4_unicode_ci NOT NULL,
  `payload` longtext COLLATE utf8mb4_unicode_ci NOT NULL,
  `exception` longtext COLLATE utf8mb4_unicode_ci NOT NULL,
  `failed_at` timestamp NOT NULL DEFAULT current_timestamp()
) ENGINE=InnoDB DEFAULT CHARSET=utf8mb4 COLLATE=utf8mb4_unicode_ci;

-- --------------------------------------------------------

--
-- Table structure for table `globale_settings`
--

CREATE TABLE `globale_settings` (
  `id` bigint(20) UNSIGNED NOT NULL,
  `name` varchar(191) COLLATE utf8mb4_unicode_ci NOT NULL,
  `value` varchar(191) COLLATE utf8mb4_unicode_ci NOT NULL,
  `notes` varchar(191) COLLATE utf8mb4_unicode_ci DEFAULT NULL,
  `created_at` timestamp NULL DEFAULT NULL,
  `updated_at` timestamp NULL DEFAULT NULL
) ENGINE=InnoDB DEFAULT CHARSET=utf8mb4 COLLATE=utf8mb4_unicode_ci;

--
-- Dumping data for table `globale_settings`
--

INSERT INTO `globale_settings` (`id`, `name`, `value`, `notes`, `created_at`, `updated_at`) VALUES
(1, 'عميد المعهد', 'ا.د / احمد ابو القمصان', NULL, '2020-08-09 19:02:05', '2020-08-09 19:02:05'),
(2, 'institute name', 'المعهد العالى للعلوم الادارية', NULL, '2020-08-09 19:02:05', '2020-08-09 19:02:05'),
(3, 'institute address', 'بنى سويف', NULL, '2020-08-09 19:02:05', '2020-08-09 19:02:05'),
(4, '-', '2020-08-11', NULL, '2020-08-11 20:01:02', '2020-08-11 20:02:35'),
(5, 'Adminsion setting', '3', NULL, NULL, NULL),
(6, 'current term', '1', NULL, NULL, NULL);

-- --------------------------------------------------------

--
-- Table structure for table `governments`
--

CREATE TABLE `governments` (
  `id` bigint(20) UNSIGNED NOT NULL,
  `name` varchar(191) COLLATE utf8mb4_unicode_ci NOT NULL,
  `country_id` int(10) UNSIGNED NOT NULL,
  `notes` varchar(191) COLLATE utf8mb4_unicode_ci DEFAULT NULL,
  `created_at` timestamp NULL DEFAULT NULL,
  `updated_at` timestamp NULL DEFAULT NULL
) ENGINE=InnoDB DEFAULT CHARSET=utf8mb4 COLLATE=utf8mb4_unicode_ci;

--
-- Dumping data for table `governments`
--

INSERT INTO `governments` (`id`, `name`, `country_id`, `notes`, `created_at`, `updated_at`) VALUES
(1, 'القاهرة', 1, NULL, '2020-08-05 08:16:36', '2020-08-05 08:16:36'),
(2, 'الخرطوم', 2, NULL, '2020-08-05 08:16:44', '2020-08-05 08:16:44'),
(3, 'بنى سويف', 1, NULL, '2020-08-11 14:07:08', '2020-08-11 14:07:08'),
(4, 'الفيوم', 1, NULL, '2020-08-11 14:07:47', '2020-08-11 14:07:47'),
(6, 'المنيا', 1, NULL, '2020-08-11 14:10:55', '2020-08-11 14:10:55'),
(7, 'الجيزه', 1, NULL, '2020-08-11 19:07:15', '2020-08-11 19:07:15'),
(8, 'القليوبيه', 1, NULL, '2020-08-15 16:08:31', '2020-08-15 16:08:31'),
(9, 'حلوان', 1, NULL, '2020-08-15 16:08:44', '2020-08-15 16:08:44'),
(12, 'الرياض', 1, NULL, '2020-12-21 06:53:16', '2020-12-21 06:53:16');

-- --------------------------------------------------------

--
-- Table structure for table `languages`
--

CREATE TABLE `languages` (
  `id` bigint(20) UNSIGNED NOT NULL,
  `name` varchar(191) COLLATE utf8mb4_unicode_ci NOT NULL,
  `notes` varchar(191) COLLATE utf8mb4_unicode_ci DEFAULT NULL,
  `created_at` timestamp NULL DEFAULT NULL,
  `updated_at` timestamp NULL DEFAULT NULL
) ENGINE=InnoDB DEFAULT CHARSET=utf8mb4 COLLATE=utf8mb4_unicode_ci;

--
-- Dumping data for table `languages`
--

INSERT INTO `languages` (`id`, `name`, `notes`, `created_at`, `updated_at`) VALUES
(1, 'اللغة الانجليزية', NULL, '2020-08-05 08:26:16', '2020-08-05 08:26:16'),
(2, 'اللغة الفرنسية', NULL, '2020-08-05 08:26:26', '2020-08-05 08:26:26'),
(3, 'اللغه التركيه', NULL, '2020-08-11 13:48:08', '2020-08-11 13:48:08'),
(5, 'اللغه الالمانيه', NULL, '2020-08-11 13:48:52', '2020-08-11 13:48:52'),
(6, 'اللغة الاسبانية', NULL, '2020-11-22 07:59:38', '2020-11-22 07:59:38');

-- --------------------------------------------------------

--
-- Table structure for table `levels`
--

CREATE TABLE `levels` (
  `id` bigint(20) UNSIGNED NOT NULL,
  `name` varchar(191) COLLATE utf8mb4_unicode_ci NOT NULL,
  `notes` varchar(191) COLLATE utf8mb4_unicode_ci DEFAULT NULL,
  `required_hour` int(11) DEFAULT NULL,
  `required_course` int(11) DEFAULT NULL,
  `created_at` timestamp NULL DEFAULT NULL,
  `updated_at` timestamp NULL DEFAULT NULL
) ENGINE=InnoDB DEFAULT CHARSET=utf8mb4 COLLATE=utf8mb4_unicode_ci;

--
-- Dumping data for table `levels`
--

INSERT INTO `levels` (`id`, `name`, `notes`, `required_hour`, `required_course`, `created_at`, `updated_at`) VALUES
(1, 'الاول', 'ok', 0, 0, '2020-08-05 08:24:02', '2020-12-26 08:07:42'),
(2, 'الثانى', NULL, 18, 6, '2020-08-05 08:24:02', '2020-12-26 08:07:41'),
(3, 'الثالث', NULL, 54, 18, '2020-08-09 20:49:09', '2020-12-26 08:07:39'),
(4, 'الرابع', NULL, 90, 30, '2020-08-09 20:49:57', '2020-12-26 08:07:38'),
(5, 'الخرجين', NULL, 144, 48, '2020-11-23 09:15:41', '2020-12-26 08:07:33');

-- --------------------------------------------------------

--
-- Table structure for table `login_histories`
--

CREATE TABLE `login_histories` (
  `id` bigint(20) UNSIGNED NOT NULL,
  `created_at` timestamp NULL DEFAULT NULL,
  `updated_at` timestamp NULL DEFAULT NULL,
  `phone_details` text COLLATE utf8mb4_unicode_ci DEFAULT NULL,
  `user_id` int(11) NOT NULL,
  `ip` varchar(191) COLLATE utf8mb4_unicode_ci DEFAULT NULL
) ENGINE=InnoDB DEFAULT CHARSET=utf8mb4 COLLATE=utf8mb4_unicode_ci;

--
-- Dumping data for table `login_histories`
--

INSERT INTO `login_histories` (`id`, `created_at`, `updated_at`, `phone_details`, `user_id`, `ip`) VALUES
(2, '2020-05-29 16:36:05', '2020-05-29 16:36:05', '\n            <ul>\n                <li>اسم المتصفح : Mozilla/5.0 (Windows NT 10.0; Win64; x64) AppleWebKit/537.36 (KHTML, like Gecko) Chrome/83.0.4103.61 Safari/537.36</li>\n                <li>نوع نظام التشغيل  : Mozilla/5.0 (Windows NT 10.0; Win64; x64) AppleWebKit/537.36 (KHTML, like Gecko) Chrome/83.0.4103.61 Safari/537.36</li>\n            </ul>\n        ', 1, '102.41.121.15'),
(3, '2020-05-29 16:37:20', '2020-05-29 16:37:20', '\n            <ul>\n                <li>اسم المتصفح : Mozilla/5.0 (Windows NT 6.1; ) AppleWebKit/537.36 (KHTML, like Gecko) Chrome/81.0.4044.138 Safari/537.36</li>\n                <li>نوع نظام التشغيل  : Mozilla/5.0 (Windows NT 6.1; ) AppleWebKit/537.36 (KHTML, like Gecko) Chrome/81.0.4044.138 Safari/537.36</li>\n            </ul>\n        ', 1, '197.37.234.87'),
(4, '2020-05-29 17:17:56', '2020-05-29 17:17:56', '\n            <ul>\n                <li>اسم المتصفح : Mozilla/5.0 (Linux; Android 8.0.0; SM-G965F) AppleWebKit/537.36 (KHTML, like Gecko) Chrome/81.0.4044.138 Mobile Safari/537.36</li>\n                <li>نوع نظام التشغيل  : Mozilla/5.0 (Linux; Android 8.0.0; SM-G965F) AppleWebKit/537.36 (KHTML, like Gecko) Chrome/81.0.4044.138 Mobile Safari/537.36</li>\n            </ul>\n        ', 1, '196.154.143.204'),
(5, '2020-05-29 17:19:18', '2020-05-29 17:19:18', '\n            <ul>\n                <li>اسم المتصفح : Mozilla/5.0 (Linux; Android 8.0.0; SM-G965F) AppleWebKit/537.36 (KHTML, like Gecko) Chrome/81.0.4044.138 Mobile Safari/537.36</li>\n                <li>نوع نظام التشغيل  : Mozilla/5.0 (Linux; Android 8.0.0; SM-G965F) AppleWebKit/537.36 (KHTML, like Gecko) Chrome/81.0.4044.138 Mobile Safari/537.36</li>\n            </ul>\n        ', 6, '196.154.143.204'),
(6, '2020-05-29 17:20:24', '2020-05-29 17:20:24', '\n            <ul>\n                <li>اسم المتصفح : Mozilla/5.0 (Linux; Android 8.0.0; SM-G965F) AppleWebKit/537.36 (KHTML, like Gecko) Chrome/81.0.4044.138 Mobile Safari/537.36</li>\n                <li>نوع نظام التشغيل  : Mozilla/5.0 (Linux; Android 8.0.0; SM-G965F) AppleWebKit/537.36 (KHTML, like Gecko) Chrome/81.0.4044.138 Mobile Safari/537.36</li>\n            </ul>\n        ', 1, '196.154.143.204'),
(7, '2020-05-29 17:25:28', '2020-05-29 17:25:28', '\n            <ul>\n                <li>اسم المتصفح : Mozilla/5.0 (Linux; Android 8.0.0; SM-G965F) AppleWebKit/537.36 (KHTML, like Gecko) Chrome/81.0.4044.138 Mobile Safari/537.36</li>\n                <li>نوع نظام التشغيل  : Mozilla/5.0 (Linux; Android 8.0.0; SM-G965F) AppleWebKit/537.36 (KHTML, like Gecko) Chrome/81.0.4044.138 Mobile Safari/537.36</li>\n            </ul>\n        ', 1, '196.154.143.204'),
(8, '2020-09-20 22:02:57', '2020-09-20 22:02:57', 'Chrome/85.0.4183.102', 1, '127.0.0.1'),
(9, '2020-09-20 22:27:18', '2020-09-20 22:27:18', 'Chrome/85.0.4183.102', 1, '127.0.0.1'),
(10, '2020-09-22 17:43:34', '2020-09-22 17:43:34', 'Safari/537.36', 1, '127.0.0.1'),
(11, '2020-09-23 05:28:30', '2020-09-23 05:28:30', 'Safari/537.36', 1, '127.0.0.1'),
(12, '2020-09-23 05:32:18', '2020-09-23 05:32:18', 'Safari/537.36', 1, '127.0.0.1'),
(13, '2020-09-23 05:33:26', '2020-09-23 05:33:26', 'Safari/537.36', 1, '127.0.0.1'),
(14, '2020-09-23 05:37:37', '2020-09-23 05:37:37', 'Safari/537.36', 1, '127.0.0.1'),
(15, '2020-09-23 06:57:19', '2020-09-23 06:57:19', 'Safari/537.36', 1, '127.0.0.1'),
(16, '2020-10-04 08:43:33', '2020-10-04 08:43:33', 'Safari/537.36', 1, '127.0.0.1'),
(17, '2020-10-04 17:18:56', '2020-10-04 17:18:56', 'Safari/537.36', 1, '127.0.0.1'),
(18, '2020-10-04 18:08:03', '2020-10-04 18:08:03', 'Safari/537.36', 1, '127.0.0.1'),
(19, '2020-10-06 06:38:43', '2020-10-06 06:38:43', 'Safari/537.36', 1, '127.0.0.1'),
(20, '2020-10-10 09:26:36', '2020-10-10 09:26:36', 'Chrome/86.0.4240.75', 1, '127.0.0.1'),
(21, '2020-11-10 08:29:24', '2020-11-10 08:29:24', 'Chrome/86.0.4240.183', 1, '::1'),
(22, '2020-11-10 09:31:58', '2020-11-10 09:31:58', 'Safari/537.36', 1, '::1'),
(23, '2020-11-10 09:39:06', '2020-11-10 09:39:06', 'Safari/537.36', 1, '::1'),
(24, '2020-11-11 07:33:26', '2020-11-11 07:33:26', 'Chrome/86.0.4240.193', 1, '::1'),
(25, '2020-11-11 07:40:21', '2020-11-11 07:40:21', 'Chrome/86.0.4240.183', 1, '192.168.1.3'),
(26, '2020-12-28 06:32:06', '2020-12-28 06:32:06', 'Chrome/87.0.4280.88', 1, '::1'),
(27, '2020-12-28 06:33:36', '2020-12-28 06:33:36', 'Chrome/87.0.4280.88', 3, '::1'),
(28, '2020-12-28 06:46:34', '2020-12-28 06:46:34', 'Chrome/87.0.4280.88', 3, '::1'),
(29, '2020-12-28 06:47:39', '2020-12-28 06:47:39', 'Chrome/87.0.4280.88', 3, '::1'),
(30, '2020-12-28 08:24:37', '2020-12-28 08:24:37', 'Chrome/87.0.4280.88', 1, '::1'),
(31, '2020-12-28 08:30:26', '2020-12-28 08:30:26', 'Chrome/87.0.4280.88', 3, '::1'),
(32, '2020-12-28 08:31:46', '2020-12-28 08:31:46', 'Chrome/87.0.4280.88', 3, '::1'),
(33, '2020-12-28 09:03:32', '2020-12-28 09:03:32', 'Chrome/87.0.4280.88', 1, '::1'),
(34, '2020-12-28 09:05:56', '2020-12-28 09:05:56', 'Chrome/87.0.4280.88', 1, '::1'),
(35, '2020-12-28 09:29:01', '2020-12-28 09:29:01', 'Chrome/87.0.4280.88', 3, '::1'),
(36, '2020-12-28 09:29:58', '2020-12-28 09:29:58', 'Chrome/87.0.4280.88', 3, '::1'),
(37, '2020-12-28 09:30:29', '2020-12-28 09:30:29', 'Chrome/87.0.4280.88', 1, '::1'),
(38, '2020-12-28 09:53:02', '2020-12-28 09:53:02', 'Chrome/87.0.4280.88', 3, '::1'),
(39, '2020-12-28 10:16:58', '2020-12-28 10:16:58', 'Chrome/87.0.4280.88', 1, '::1'),
(40, '2020-12-28 11:23:51', '2020-12-28 11:23:51', 'Chrome/87.0.4280.88', 1, '::1'),
(41, '2021-01-04 07:27:55', '2021-01-04 07:27:55', 'Chrome/87.0.4280.88', 1, '::1'),
(42, '2021-01-26 08:09:07', '2021-01-26 08:09:07', 'Chrome/88.0.4324.104', 4, '::1'),
(43, '2021-01-26 08:09:49', '2021-01-26 08:09:49', 'Chrome/88.0.4324.104', 1, '::1'),
(44, '2021-01-26 08:12:53', '2021-01-26 08:12:53', 'Chrome/88.0.4324.104', 7, '::1'),
(45, '2021-01-26 08:13:57', '2021-01-26 08:13:57', 'Chrome/88.0.4324.104', 1, '::1'),
(46, '2021-01-27 08:23:04', '2021-01-27 08:23:04', 'Chrome/88.0.4324.104', 7, '::1'),
(47, '2021-01-27 08:24:21', '2021-01-27 08:24:21', 'Chrome/88.0.4324.104', 1, '::1'),
(48, '2021-01-27 09:02:09', '2021-01-27 09:02:09', '', 1, '192.168.43.117'),
(49, '2021-01-27 09:04:39', '2021-01-27 09:04:39', '', 1, '192.168.43.117'),
(50, '2021-01-27 09:11:04', '2021-01-27 09:11:04', 'Gecko)', 1, '192.168.43.202');

-- --------------------------------------------------------

--
-- Table structure for table `migrations`
--

CREATE TABLE `migrations` (
  `id` int(10) UNSIGNED NOT NULL,
  `migration` varchar(191) COLLATE utf8mb4_unicode_ci NOT NULL,
  `batch` int(11) NOT NULL
) ENGINE=InnoDB DEFAULT CHARSET=utf8mb4 COLLATE=utf8mb4_unicode_ci;

--
-- Dumping data for table `migrations`
--

INSERT INTO `migrations` (`id`, `migration`, `batch`) VALUES
(1, '2014_10_12_000000_create_users_table', 1),
(2, '2014_10_12_100000_create_password_resets_table', 1),
(3, '2019_08_19_000000_create_failed_jobs_table', 1),
(4, '2020_07_17_173338_create_academic_years_table', 1),
(5, '2020_07_18_201114_create_applications_table', 1),
(6, '2020_07_18_205107_create_team_work_control_tabl', 1),
(7, '2020_07_18_205312_create_parent_relation_type_tabl', 1),
(8, '2020_07_18_205445_create_globale_settings_table', 1),
(9, '2020_07_18_205734_create_military_areas_table', 1),
(10, '2020_07_18_205935_create_military_status_table', 1),
(11, '2020_07_18_210053_create_military_settings_table', 1),
(12, '2020_07_18_210320_create_nationalities_table', 1),
(13, '2020_07_18_210403_create_parent_jobs_table', 1),
(14, '2020_07_18_210440_create_countries_table', 1),
(15, '2020_07_18_210504_create_governments_table', 1),
(16, '2020_07_18_210655_create_cities_table', 1),
(17, '2020_07_18_210851_create_registeration_status_table', 1),
(18, '2020_07_18_211348_create_qualifications_table', 1),
(19, '2020_07_18_211440_create_qualification_years_table', 1),
(20, '2020_07_18_211859_create_departments_table', 1),
(21, '2020_07_18_212029_create_levels_table', 1),
(22, '2020_07_18_212229_create_languages_table', 1),
(23, '2020_07_18_212330_create_specializations_table', 1),
(24, '2020_07_19_063008_create_students_table', 1),
(25, '2020_07_19_063315_create_parents_table', 1),
(26, '2020_07_19_065711_create_attributes_table', 1),
(27, '2020_07_19_065835_create_student_attributes_table', 1),
(28, '2020_07_19_070059_create_student_military_history_table', 1),
(29, '2020_07_19_075825_create_qualification_types_table', 1),
(30, '2020_07_19_083616_create_required_documents_table', 1),
(31, '2020_07_19_105519_create_registration_methods_table', 1),
(32, '2020_07_19_111658_create_student_required_documents_table', 1),
(33, '2020_07_19_112201_create_terms_table', 1),
(34, '2020_07_19_112243_create_schools_table', 1),
(35, '2020_07_19_112703_create_student_logs_table', 1),
(36, '2020_07_19_113313_create_student_status_table', 1),
(37, '2020_07_25_072834_laratrust_setup_tables', 1),
(38, '2020_07_27_111504_create_table_departments_levels', 1),
(39, '2020_07_27_114107_create_divisions_table', 1),
(40, '2020_07_29_110101_add_column_phone_to_users', 1),
(41, '2020_07_29_125315_create_login_histories_table', 1),
(42, '2020_08_04_080915_add_coloumn_level_id_to_qualification_types', 1),
(43, '2020_08_04_103631_create_application_required_table', 1),
(44, '2020_08_08_072657_create_relative_relation_table', 2),
(45, '2020_08_08_081617_create_translations_table', 3);

-- --------------------------------------------------------

--
-- Table structure for table `military_areas`
--

CREATE TABLE `military_areas` (
  `id` bigint(20) UNSIGNED NOT NULL,
  `name` varchar(191) COLLATE utf8mb4_unicode_ci NOT NULL,
  `government_id` int(10) UNSIGNED NOT NULL,
  `notes` varchar(191) COLLATE utf8mb4_unicode_ci DEFAULT NULL,
  `created_at` timestamp NULL DEFAULT NULL,
  `updated_at` timestamp NULL DEFAULT NULL
) ENGINE=InnoDB DEFAULT CHARSET=utf8mb4 COLLATE=utf8mb4_unicode_ci;

--
-- Dumping data for table `military_areas`
--

INSERT INTO `military_areas` (`id`, `name`, `government_id`, `notes`, `created_at`, `updated_at`) VALUES
(1, 'الهايكستب', 1, NULL, '2020-08-05 08:21:57', '2020-08-05 08:21:57'),
(2, 'الجيزه', 7, NULL, '2020-08-11 19:11:40', '2020-08-11 19:11:40');

-- --------------------------------------------------------

--
-- Table structure for table `military_area_submision`
--

CREATE TABLE `military_area_submision` (
  `id` int(11) NOT NULL,
  `military_area_id` int(10) UNSIGNED NOT NULL,
  `government_id` int(10) UNSIGNED NOT NULL,
  `city_id` int(10) UNSIGNED NOT NULL,
  `notes` varchar(191) COLLATE utf8_unicode_ci DEFAULT NULL,
  `created_at` timestamp NULL DEFAULT NULL,
  `updated_at` timestamp NULL DEFAULT NULL
) ENGINE=MyISAM DEFAULT CHARSET=utf8 COLLATE=utf8_unicode_ci;

--
-- Dumping data for table `military_area_submision`
--

INSERT INTO `military_area_submision` (`id`, `military_area_id`, `government_id`, `city_id`, `notes`, `created_at`, `updated_at`) VALUES
(4, 2, 7, 21, NULL, '2020-08-11 19:12:23', '2020-08-11 19:12:23'),
(2, 1, 1, 8, NULL, '2020-08-09 20:53:33', '2020-08-09 20:53:33'),
(3, 1, 2, 9, NULL, '2020-08-10 03:11:33', '2020-08-10 14:48:30'),
(5, 2, 3, 3, NULL, '2020-08-11 19:38:47', '2020-08-11 19:38:47'),
(6, 2, 3, 4, NULL, '2020-08-11 19:38:47', '2020-08-11 19:38:47'),
(7, 2, 3, 5, NULL, '2020-08-11 19:38:47', '2020-08-11 19:38:47'),
(8, 2, 3, 7, NULL, '2020-08-11 19:38:47', '2020-08-11 19:38:47'),
(9, 2, 3, 9, NULL, '2020-08-11 19:38:47', '2020-08-11 19:38:47'),
(10, 2, 3, 10, NULL, '2020-08-11 19:38:47', '2020-08-11 19:38:47'),
(11, 2, 3, 11, NULL, '2020-08-11 19:38:47', '2020-08-11 19:38:47'),
(12, 1, 4, 12, NULL, '2020-08-11 19:42:46', '2020-08-11 19:42:46'),
(13, 1, 4, 13, NULL, '2020-08-11 19:42:46', '2020-08-11 19:42:46'),
(14, 1, 4, 14, NULL, '2020-08-11 19:42:46', '2020-08-11 19:42:46'),
(15, 1, 4, 18, NULL, '2020-08-11 19:42:46', '2020-08-11 19:42:46'),
(16, 2, 3, 3, NULL, '2020-08-11 19:46:06', '2020-08-11 19:46:06'),
(17, 2, 3, 4, NULL, '2020-08-11 19:46:06', '2020-08-11 19:46:06'),
(18, 2, 3, 5, NULL, '2020-08-11 19:46:06', '2020-08-11 19:46:06'),
(19, 2, 1, 6, NULL, '2020-08-11 19:46:06', '2020-08-11 19:48:22'),
(20, 1, 1, 2, NULL, '2020-08-11 20:09:43', '2020-08-11 20:09:43'),
(21, 1, 1, 3, NULL, '2020-08-11 20:09:43', '2020-08-11 20:09:43'),
(22, 1, 1, 4, NULL, '2020-08-11 20:09:43', '2020-08-11 20:09:43'),
(23, 1, 1, 5, NULL, '2020-08-11 20:09:43', '2020-08-11 20:09:43'),
(24, 1, 1, 6, NULL, '2020-08-11 20:09:43', '2020-08-11 20:09:43'),
(25, 1, 1, 7, NULL, '2020-08-11 20:09:43', '2020-08-11 20:09:43'),
(26, 1, 3, 3, NULL, '2020-08-11 20:10:59', '2020-08-11 20:10:59'),
(27, 1, 3, 4, NULL, '2020-08-11 20:10:59', '2020-08-11 20:10:59'),
(28, 1, 3, 5, NULL, '2020-08-11 20:10:59', '2020-08-11 20:10:59'),
(29, 1, 3, 6, NULL, '2020-08-11 20:10:59', '2020-08-11 20:10:59'),
(30, 1, 3, 7, NULL, '2020-08-11 20:10:59', '2020-08-11 20:10:59'),
(31, 1, 3, 8, NULL, '2020-08-11 20:10:59', '2020-08-11 20:10:59'),
(32, 1, 3, 9, NULL, '2020-08-11 20:10:59', '2020-08-11 20:10:59');

-- --------------------------------------------------------

--
-- Table structure for table `military_course`
--

CREATE TABLE `military_course` (
  `id` int(11) NOT NULL,
  `name` varchar(191) NOT NULL,
  `notes` varchar(191) DEFAULT NULL,
  `created_at` timestamp NULL DEFAULT NULL,
  `updated_at` timestamp NULL DEFAULT NULL
) ENGINE=InnoDB DEFAULT CHARSET=utf8mb4;

--
-- Dumping data for table `military_course`
--

INSERT INTO `military_course` (`id`, `name`, `notes`, `created_at`, `updated_at`) VALUES
(2, 'الدورة التدريبية العسكرية', NULL, '2020-08-15 07:38:13', '2020-08-15 07:38:13'),
(5, 'دوره حقوق الإنسان', NULL, '2020-08-18 18:59:49', '2020-08-18 18:59:49');

-- --------------------------------------------------------

--
-- Table structure for table `military_course_collection`
--

CREATE TABLE `military_course_collection` (
  `id` bigint(20) NOT NULL,
  `military_course_id` int(10) UNSIGNED NOT NULL,
  `academic_year_id` int(10) UNSIGNED NOT NULL,
  `code` bigint(20) NOT NULL,
  `starts_in` date NOT NULL,
  `ends_in` date NOT NULL,
  `notes` varchar(191) DEFAULT NULL,
  `created_at` timestamp NULL DEFAULT NULL,
  `updated_at` timestamp NULL DEFAULT NULL
) ENGINE=InnoDB DEFAULT CHARSET=utf8mb4;

--
-- Dumping data for table `military_course_collection`
--

INSERT INTO `military_course_collection` (`id`, `military_course_id`, `academic_year_id`, `code`, `starts_in`, `ends_in`, `notes`, `created_at`, `updated_at`) VALUES
(4, 2, 8, 12, '2020-08-04', '2020-08-08', NULL, '2020-08-17 12:53:08', '2020-08-17 19:01:49'),
(6, 2, 2, 15, '2020-08-21', '2020-08-25', NULL, '2020-08-18 14:00:35', '2020-08-18 14:00:35'),
(7, 2, 5, 37, '2021-01-01', '2021-01-14', NULL, '2020-08-18 19:17:02', '2020-08-18 19:17:02');

-- --------------------------------------------------------

--
-- Table structure for table `military_course_collection_student`
--

CREATE TABLE `military_course_collection_student` (
  `id` int(11) NOT NULL,
  `student_id` int(10) UNSIGNED NOT NULL,
  `military_course_collection_id` int(10) UNSIGNED NOT NULL,
  `status` enum('1','0') NOT NULL,
  `created_at` timestamp NULL DEFAULT NULL,
  `updated_at` timestamp NULL DEFAULT NULL
) ENGINE=InnoDB DEFAULT CHARSET=utf8mb4;

--
-- Dumping data for table `military_course_collection_student`
--

INSERT INTO `military_course_collection_student` (`id`, `student_id`, `military_course_collection_id`, `status`, `created_at`, `updated_at`) VALUES
(38, 1, 6, '1', '2020-08-18 19:04:06', '2020-08-18 19:08:12'),
(40, 2, 7, '1', '2020-08-18 19:53:12', '2020-08-18 19:53:46'),
(41, 3, 7, '0', '2020-08-19 15:24:07', '2020-08-19 15:26:00'),
(42, 4, 7, '1', '2020-08-19 15:24:07', '2020-08-19 15:24:07');

-- --------------------------------------------------------

--
-- Table structure for table `military_settings`
--

CREATE TABLE `military_settings` (
  `id` bigint(20) UNSIGNED NOT NULL,
  `condition_age` int(11) NOT NULL,
  `reason` varchar(191) COLLATE utf8mb4_unicode_ci NOT NULL,
  `military_status_id` int(11) NOT NULL,
  `notes` varchar(191) COLLATE utf8mb4_unicode_ci DEFAULT NULL,
  `created_at` timestamp NULL DEFAULT NULL,
  `updated_at` timestamp NULL DEFAULT NULL
) ENGINE=InnoDB DEFAULT CHARSET=utf8mb4 COLLATE=utf8mb4_unicode_ci;

--
-- Dumping data for table `military_settings`
--

INSERT INTO `military_settings` (`id`, `condition_age`, `reason`, `military_status_id`, `notes`, `created_at`, `updated_at`) VALUES
(2, 20, 'اعفاء مؤقت', 2, NULL, '2020-08-11 19:12:54', '2020-08-11 19:12:54');

-- --------------------------------------------------------

--
-- Table structure for table `military_status`
--

CREATE TABLE `military_status` (
  `id` bigint(20) UNSIGNED NOT NULL,
  `name` varchar(191) COLLATE utf8mb4_unicode_ci NOT NULL,
  `notes` varchar(191) COLLATE utf8mb4_unicode_ci DEFAULT NULL,
  `created_at` timestamp NULL DEFAULT NULL,
  `updated_at` timestamp NULL DEFAULT NULL
) ENGINE=InnoDB DEFAULT CHARSET=utf8mb4 COLLATE=utf8mb4_unicode_ci;

--
-- Dumping data for table `military_status`
--

INSERT INTO `military_status` (`id`, `name`, `notes`, `created_at`, `updated_at`) VALUES
(1, 'اعفاء نهائى من اداء الخدمة العسكرية', NULL, '2020-08-05 08:22:21', '2020-08-05 08:22:21'),
(2, 'اعفاء مؤقت', NULL, '2020-08-05 08:22:28', '2020-08-05 08:22:28'),
(3, 'ادى الخدمة', NULL, '2020-11-23 07:27:32', '2020-11-23 07:27:32');

-- --------------------------------------------------------

--
-- Table structure for table `nationalities`
--

CREATE TABLE `nationalities` (
  `id` bigint(20) UNSIGNED NOT NULL,
  `name` varchar(191) COLLATE utf8mb4_unicode_ci NOT NULL,
  `notes` varchar(191) COLLATE utf8mb4_unicode_ci DEFAULT NULL,
  `created_at` timestamp NULL DEFAULT NULL,
  `updated_at` timestamp NULL DEFAULT NULL
) ENGINE=InnoDB DEFAULT CHARSET=utf8mb4 COLLATE=utf8mb4_unicode_ci;

--
-- Dumping data for table `nationalities`
--

INSERT INTO `nationalities` (`id`, `name`, `notes`, `created_at`, `updated_at`) VALUES
(1, 'مصرى', NULL, '2020-08-05 08:25:24', '2020-08-05 08:25:24'),
(2, 'سودانى', NULL, '2020-08-05 08:25:32', '2020-08-05 08:25:32'),
(4, 'ليبى', NULL, '2020-08-11 14:30:31', '2020-08-11 14:30:31'),
(5, 'مغربى', NULL, '2020-11-22 08:00:10', '2020-11-22 08:00:10'),
(6, 'المانى', NULL, '2020-11-22 08:00:20', '2020-11-22 08:00:20');

-- --------------------------------------------------------

--
-- Table structure for table `notification`
--

CREATE TABLE `notification` (
  `id` bigint(20) UNSIGNED NOT NULL,
  `title` varchar(191) COLLATE utf8mb4_unicode_ci NOT NULL,
  `user_id` int(11) NOT NULL,
  `body` varchar(191) COLLATE utf8mb4_unicode_ci DEFAULT NULL,
  `seen` tinyint(1) NOT NULL DEFAULT 0,
  `icon` varchar(191) COLLATE utf8mb4_unicode_ci DEFAULT NULL,
  `created_at` timestamp NULL DEFAULT NULL,
  `updated_at` timestamp NULL DEFAULT NULL
) ENGINE=InnoDB DEFAULT CHARSET=utf8mb4 COLLATE=utf8mb4_unicode_ci;

--
-- Dumping data for table `notification`
--

INSERT INTO `notification` (`id`, `title`, `user_id`, `body`, `seen`, `icon`, `created_at`, `updated_at`) VALUES
(1, 'add expense_maincategory', 1, 'add expense_maincategory', 1, 'fa fa-list-o', '2020-08-23 06:19:39', '2020-09-28 16:42:21'),
(2, 'add expense_maincategory', 1, 'add expense_maincategory', 1, 'fa fa-list-o', '2020-08-23 07:10:25', '2020-09-28 16:42:21'),
(3, 'add expense_subcategory', 1, 'add expense_subcategory', 1, 'fa fa-list-o', '2020-08-23 07:37:17', '2020-09-28 16:42:21'),
(4, 'add expense_subcategory', 1, 'add expense_subcategory', 1, 'fa fa-list-o', '2020-08-23 07:37:18', '2020-09-28 16:42:21'),
(5, 'add expense_subcategory', 1, 'add expense_subcategory', 1, 'fa fa-list-o', '2020-08-23 07:59:26', '2020-09-28 16:42:21'),
(6, 'add expense_subcategory', 1, 'add expense_subcategory', 1, 'fa fa-list-o', '2020-08-23 07:59:27', '2020-09-28 16:42:21'),
(7, 'add expense_subcategory', 1, 'add expense_subcategory', 1, 'fa fa-list-o', '2020-08-23 07:59:28', '2020-09-28 16:42:21'),
(8, 'add expense_subcategory', 1, 'add expense_subcategory', 1, 'fa fa-list-o', '2020-08-23 07:59:29', '2020-09-28 16:42:21'),
(9, 'add expense_subcategory', 1, 'add expense_subcategory', 1, 'fa fa-list-o', '2020-08-23 07:59:30', '2020-09-28 16:42:21'),
(10, 'add expense_subcategory', 1, 'add expense_subcategory', 1, 'fa fa-list-o', '2020-08-23 07:59:31', '2020-09-28 16:42:21'),
(11, 'add expense_subcategory', 1, 'add expense_subcategory', 1, 'fa fa-list-o', '2020-08-23 07:59:32', '2020-09-28 16:42:21'),
(12, 'add expense_subcategory', 1, 'add expense_subcategory', 1, 'fa fa-list-o', '2020-08-23 07:59:33', '2020-09-28 16:42:21'),
(13, 'add expense_subcategory', 1, 'add expense_subcategory', 1, 'fa fa-list-o', '2020-08-23 07:59:33', '2020-09-28 16:42:21'),
(14, 'add expense_subcategory', 1, 'add expense_subcategory', 1, 'fa fa-list-o', '2020-08-23 07:59:34', '2020-09-28 16:42:21'),
(15, 'add expense_subcategory', 1, 'add expense_subcategory', 1, 'fa fa-list-o', '2020-08-23 08:09:15', '2020-09-28 16:42:21'),
(16, 'add expense_subcategory', 1, 'add expense_subcategory', 1, 'fa fa-list-o', '2020-08-23 08:09:16', '2020-09-28 16:42:21'),
(17, 'add expense_subcategory', 1, 'add expense_subcategory', 1, 'fa fa-list-o', '2020-08-23 08:10:00', '2020-09-28 16:42:21'),
(18, 'add expense_maincategory', 1, 'add expense_maincategory', 1, 'fa fa-list-o', '2020-08-23 08:20:20', '2020-09-28 16:42:21'),
(19, 'remove expense_maincategory', 1, 'remove expense_maincategoryfdsf', 1, 'fa fa-list-o', '2020-08-23 08:20:39', '2020-09-28 16:42:21'),
(20, 'add expense_subcategory', 1, 'add expense_subcategory', 1, 'fa fa-list-o', '2020-08-23 09:36:35', '2020-09-28 16:42:21'),
(21, 'add expense_subcategory', 1, 'add expense_subcategory', 1, 'fa fa-list-o', '2020-08-23 09:36:36', '2020-09-28 16:42:21'),
(22, 'add expense_subcategory', 1, 'add expense_subcategory', 1, 'fa fa-list-o', '2020-08-23 09:36:38', '2020-09-28 16:42:21'),
(23, 'add expense_subcategory', 1, 'add expense_subcategory', 1, 'fa fa-list-o', '2020-08-23 09:36:39', '2020-09-28 16:42:21'),
(24, 'add expense_subcategory', 1, 'add expense_subcategory', 1, 'fa fa-list-o', '2020-08-23 09:36:40', '2020-09-28 16:42:21'),
(25, 'add expense_subcategory', 1, 'add expense_subcategory', 1, 'fa fa-list-o', '2020-08-23 09:36:41', '2020-09-28 16:42:21'),
(26, 'add installment', 1, 'add installment', 1, 'fa fa-calendar', '2020-08-23 10:56:41', '2020-09-28 16:42:21'),
(27, 'add expense_subcategory', 1, 'add expense_subcategory', 1, 'fa fa-list-o', '2020-08-23 11:22:54', '2020-09-28 16:42:21'),
(28, 'add expense_subcategory', 1, 'add expense_subcategory', 1, 'fa fa-list-o', '2020-08-23 11:22:56', '2020-09-28 16:42:21'),
(29, 'add expense_subcategory', 1, 'add expense_subcategory', 1, 'fa fa-list-o', '2020-08-23 11:24:51', '2020-09-28 16:42:21'),
(30, 'add expense_subcategory', 1, 'add expense_subcategory', 1, 'fa fa-list-o', '2020-08-23 11:24:53', '2020-09-28 16:42:21'),
(31, 'add expense_subcategory', 1, 'add expense_subcategory', 1, 'fa fa-list-o', '2020-08-23 11:25:36', '2020-09-28 16:42:21'),
(32, 'add expense_subcategory', 1, 'add expense_subcategory', 1, 'fa fa-list-o', '2020-08-23 11:25:37', '2020-09-28 16:42:21'),
(33, 'add expense_subcategory', 1, 'add expense_subcategory', 1, 'fa fa-list-o', '2020-08-23 11:27:27', '2020-09-28 16:42:21'),
(34, 'add expense_subcategory', 1, 'add expense_subcategory', 1, 'fa fa-list-o', '2020-08-23 11:27:28', '2020-09-28 16:42:21'),
(35, 'install installment', 1, 'install installment 1', 1, 'fa fa-circle', '2020-08-24 07:54:06', '2020-09-28 16:42:21'),
(36, 'install installment', 1, 'install installment 1', 1, 'fa fa-circle', '2020-08-24 07:55:21', '2020-09-28 16:42:21'),
(37, 'pay installment', 1, 'pay installment 5', 1, 'fa fa-circle', '2020-08-24 10:41:25', '2020-09-28 16:42:21'),
(38, 'pay installment', 1, 'pay installment 5', 1, 'fa fa-circle', '2020-08-24 10:43:19', '2020-09-28 16:42:21'),
(39, 'pay installment', 1, 'pay installment 5', 1, 'fa fa-circle', '2020-08-24 10:57:21', '2020-09-28 16:42:21'),
(40, 'pay installment', 1, 'pay installment 5', 1, 'fa fa-circle', '2020-08-24 10:57:56', '2020-09-28 16:42:21'),
(41, 'add installment', 1, 'add installment', 1, 'fa fa-calendar', '2020-08-24 11:00:52', '2020-09-28 16:42:21'),
(42, 'install installment', 1, 'install installment 6', 1, 'fa fa-circle', '2020-08-24 11:02:16', '2020-09-28 16:42:21'),
(43, 'تعديل بنك', 1, 'تعديل بنك', 1, 'fa fa-bank', '2020-08-24 11:08:58', '2020-09-28 16:42:21'),
(44, 'اضافة تحويل مالى', 1, 'اضافة تحويل مالى', 1, 'fa fa-transformation', '2020-08-24 11:14:17', '2020-09-28 16:42:21'),
(45, 'add installment', 1, 'add installment', 1, 'fa fa-calendar', '2020-08-24 11:28:28', '2020-09-28 16:42:21'),
(46, 'pay installment', 1, 'pay installment 6', 1, 'fa fa-circle', '2020-08-24 11:48:31', '2020-09-28 16:42:21'),
(47, 'pay installment', 1, 'pay installment 7', 1, 'fa fa-circle', '2020-08-25 04:47:44', '2020-09-28 16:42:21'),
(48, 'اضافه مصروف رئيسى', 1, 'اضافه مصروف رئيسى', 1, 'fa fa-list-o', '2020-08-25 05:22:30', '2020-09-28 16:42:21'),
(49, 'remove expense_maincategory', 1, 'remove expense_maincategoryمصاريف الكتب', 1, 'fa fa-list-o', '2020-08-25 05:23:06', '2020-09-28 16:42:21'),
(50, 'اضافة تحويل مالى', 1, 'اضافة تحويل مالى', 1, 'fa fa-transformation', '2020-08-25 05:38:15', '2020-09-28 16:42:21'),
(51, 'اضافة تحويل مالى', 1, 'اضافة تحويل مالى', 1, 'fa fa-transformation', '2020-08-25 05:43:40', '2020-09-28 16:42:21'),
(52, 'اضافة تحويل مالى', 1, 'اضافة تحويل مالى', 1, 'fa fa-transformation', '2020-08-25 05:46:20', '2020-09-28 16:42:21'),
(53, 'تعديل التحويل', 1, 'تعديل التحويل', 1, 'fa fa-transformation', '2020-08-25 05:56:08', '2020-09-28 16:42:21'),
(54, 'تغير الترجمه', 1, 'تغير الترجمه', 1, 'fa fa-language', '2020-08-25 07:13:49', '2020-09-28 16:42:21'),
(55, 'add deposite', 1, 'add deposite', 1, 'fa fa-handshake-o', '2020-08-25 08:02:03', '2020-09-28 16:42:21'),
(56, 'أضافة قسط', 1, 'أضافة قسط', 1, 'fa fa-calendar', '2020-08-25 09:23:35', '2020-09-28 16:42:21'),
(57, 'تقسيط القسط رقم ', 1, 'تقسيط القسط رقم 10', 1, 'fa fa-circle', '2020-08-25 09:24:30', '2020-09-28 16:42:21'),
(58, 'pay installment', 1, 'pay installment 11', 1, 'fa fa-circle', '2020-08-25 09:26:11', '2020-09-28 16:42:21'),
(59, 'add plan', 1, 'add planplan1', 1, 'fa fa-map-marker', '2020-08-25 13:17:00', '2020-09-28 16:42:21'),
(60, 'add plan', 1, 'add planخطة الترم الاول', 1, 'fa fa-map-marker', '2020-08-25 13:47:15', '2020-09-28 16:42:21'),
(61, 'add plan', 1, 'add planخطة الترم الثانى', 1, 'fa fa-map-marker', '2020-08-25 13:54:03', '2020-09-28 16:42:21'),
(62, 'add reword', 1, 'add reword', 1, 'fa fa-money', '2020-08-26 05:49:19', '2020-09-28 16:42:21'),
(63, 'add reword', 1, 'add reword', 1, 'fa fa-money', '2020-08-26 05:49:42', '2020-09-28 16:42:21'),
(64, 'add fine', 1, 'add fine', 1, 'fa fa-money', '2020-08-29 06:08:39', '2020-09-28 16:42:21'),
(65, 'add fine', 1, 'add fine', 1, 'fa fa-money', '2020-08-29 06:10:56', '2020-09-28 16:42:21'),
(66, 'add plan', 1, 'add planخطة  المستوى الثانى', 1, 'fa fa-map-marker', '2020-08-29 07:44:04', '2020-09-28 16:42:21'),
(67, 'add expense_subcategory', 1, 'add expense_subcategory', 1, 'fa fa-list-o', '2020-08-29 08:42:43', '2020-09-28 16:42:21'),
(68, 'add daily', 1, 'add daily', 1, 'fa fa-daily', '2020-08-29 11:44:13', '2020-09-28 16:42:21'),
(69, 'add daily', 1, 'add daily', 1, 'fa fa-daily', '2020-08-29 11:54:55', '2020-09-28 16:42:21'),
(70, 'add daily', 1, 'add daily', 1, 'fa fa-daily', '2020-08-29 11:57:05', '2020-09-28 16:42:21'),
(71, 'pay installment', 1, 'pay installment 5', 1, 'fa fa-circle', '2020-08-29 12:45:11', '2020-09-28 16:42:21'),
(72, 'ملف تقديم جديد', 1, 'ملف تقديم جديدمريم محمد ابوالخير محمد عبدالصمد', 1, 'fa fa-file-o', '2020-09-28 07:43:11', '2020-09-28 16:42:21'),
(73, 'تعديل صروف سنه دراسيه', 1, 'تعديل صروف سنه دراسيه', 1, 'fa fa-money', '2020-09-28 07:48:28', '2020-09-28 16:42:21'),
(74, 'تعديل صروف سنه دراسيه', 1, 'تعديل صروف سنه دراسيه', 1, 'fa fa-money', '2020-09-28 08:06:29', '2020-09-28 16:42:21'),
(75, 'تعديل صروف سنه دراسيه', 1, 'تعديل صروف سنه دراسيه', 1, 'fa fa-money', '2020-09-28 08:29:56', '2020-09-28 16:42:21'),
(76, 'تعديل صروف سنه دراسيه', 1, 'تعديل صروف سنه دراسيه', 1, 'fa fa-money', '2020-09-28 08:52:13', '2020-09-28 16:42:21'),
(77, 'تعديل صروف سنه دراسيه', 1, 'تعديل صروف سنه دراسيه', 1, 'fa fa-money', '2020-09-28 08:52:36', '2020-09-28 16:42:21'),
(78, 'تعديل صروف سنه دراسيه', 1, 'تعديل صروف سنه دراسيه', 1, 'fa fa-money', '2020-09-28 08:53:43', '2020-09-28 16:42:21'),
(79, 'edit Store خزنة الوزاره', 1, 'edit Store خزنة الوزاره', 1, 'fa fa-trophy', '2020-09-28 08:54:26', '2020-09-28 16:42:21'),
(80, 'تعديل صروف سنه دراسيه', 1, 'تعديل صروف سنه دراسيه', 1, 'fa fa-money', '2020-09-28 08:55:24', '2020-09-28 16:42:21'),
(81, 'الطالب مريم محمد ابوالخير محمد عبدالصمد دفع 200 فى الخزينه', 1, 'الطالب مريم محمد ابوالخير محمد عبدالصمد دفع 200 فى الخزينه', 1, 'fa fa-money', '2020-09-28 09:30:44', '2020-09-28 16:42:21'),
(82, 'الطالب مريم محمد ابوالخير محمد عبدالصمد دفع 200 فى الخزينه', 1, 'الطالب مريم محمد ابوالخير محمد عبدالصمد دفع 200 فى الخزينه', 1, 'fa fa-money', '2020-09-28 09:33:10', '2020-09-28 16:42:21'),
(83, 'ملف تقديم جديد', 1, 'ملف تقديم جديدمصطفى السيد محمد عبدالجواد', 1, 'fa fa-file-o', '2020-09-28 09:37:14', '2020-09-28 16:42:21'),
(84, 'تعديل ملف تقديم', 1, 'تعديل ملف تقديممصطفى السيد محمد عبدالجواد', 1, 'fa fa-file-o', '2020-09-28 09:45:14', '2020-09-28 16:42:21'),
(85, 'الطالب مصطفى السيد محمد عبدالجواد دفع 200 فى الخزينه', 1, 'الطالب مصطفى السيد محمد عبدالجواد دفع 200 فى الخزينه', 1, 'fa fa-money', '2020-09-28 10:13:44', '2020-09-28 16:42:21'),
(86, 'تعديل صروف سنه دراسيه', 1, 'تعديل صروف سنه دراسيه', 1, 'fa fa-money', '2020-09-28 10:16:10', '2020-09-28 16:42:21'),
(87, 'تعديل صروف سنه دراسيه', 1, 'تعديل صروف سنه دراسيه', 1, 'fa fa-money', '2020-09-28 10:16:31', '2020-09-28 16:42:21'),
(88, 'تعديل صروف سنه دراسيه', 1, 'تعديل صروف سنه دراسيه', 1, 'fa fa-money', '2020-09-28 10:16:58', '2020-09-28 16:42:21'),
(89, 'تعديل صروف سنه دراسيه', 1, 'تعديل صروف سنه دراسيه', 1, 'fa fa-money', '2020-09-28 10:17:49', '2020-09-28 16:42:21'),
(90, 'ملف تقديم جديد', 1, 'ملف تقديم جديدجرجس فايز خليل جرجس', 1, 'fa fa-file-o', '2020-09-28 10:24:29', '2020-09-28 16:42:21'),
(91, 'الطالب جرجس فايز خليل جرجس دفع 200 فى الخزينه', 1, 'الطالب جرجس فايز خليل جرجس دفع 200 فى الخزينه', 1, 'fa fa-money', '2020-09-28 10:25:15', '2020-09-28 16:42:21'),
(92, 'الطالب جرجس فايز خليل جرجس دفع 2000 فى الخزينه', 1, 'الطالب جرجس فايز خليل جرجس دفع 2000 فى الخزينه', 1, 'fa fa-money', '2020-09-28 10:30:14', '2020-09-28 16:42:21'),
(93, 'ملف تقديم جديد', 1, 'ملف تقديم جديدمارى طلعت سعد سعيد', 1, 'fa fa-file-o', '2020-09-28 10:34:28', '2020-09-28 16:42:21'),
(94, 'تعديل ملف تقديم', 1, 'تعديل ملف تقديممارى طلعت سعد سعيد', 1, 'fa fa-file-o', '2020-09-28 10:34:53', '2020-09-28 16:42:21'),
(95, 'الطالب مارى طلعت سعد سعيد دفع 200 فى الخزينه', 1, 'الطالب مارى طلعت سعد سعيد دفع 200 فى الخزينه', 1, 'fa fa-money', '2020-09-28 10:35:49', '2020-09-28 16:42:21'),
(96, 'ملف تقديم جديد', 1, 'ملف تقديم جديداسلام عزت رجب محمد', 1, 'fa fa-file-o', '2020-09-28 10:40:31', '2020-09-28 16:42:21'),
(97, 'الطالب اسلام عزت رجب محمد دفع 200 فى الخزينه', 1, 'الطالب اسلام عزت رجب محمد دفع 200 فى الخزينه', 1, 'fa fa-money', '2020-09-28 10:41:05', '2020-09-28 16:42:21'),
(98, 'تقسيط رسوم الطالباسلام عزت رجب محمد', 1, 'تقسيط رسوم الطالباسلام عزت رجب محمد', 1, 'fa fa-calendar', '2020-09-28 11:13:15', '2020-09-28 16:42:21'),
(99, 'تقسيط رسوم الطالباسلام عزت رجب محمد', 1, 'تقسيط رسوم الطالباسلام عزت رجب محمد', 1, 'fa fa-calendar', '2020-09-28 11:13:55', '2020-09-28 16:42:21'),
(100, 'تعديل صروف سنه دراسيه', 1, 'تعديل صروف سنه دراسيه', 1, 'fa fa-money', '2020-09-28 11:24:58', '2020-09-28 16:42:21'),
(101, 'تقسيط رسوم الطالباسلام عزت رجب محمد', 1, 'تقسيط رسوم الطالباسلام عزت رجب محمد', 1, 'fa fa-calendar', '2020-09-28 11:30:43', '2020-09-28 16:42:21'),
(102, 'الطالب اسلام عزت رجب محمد دفع 815 فى الخزينه', 1, 'الطالب اسلام عزت رجب محمد دفع 815 فى الخزينه', 1, 'fa fa-money', '2020-09-28 12:10:13', '2020-09-28 16:42:21'),
(103, 'add Store خزنة التقدمات', 1, 'add Store خزنة التقدمات', 1, 'fa fa-trophy', '2020-09-28 14:05:36', '2020-09-28 16:42:21'),
(104, 'تعديل صروف سنه دراسيه', 1, 'تعديل صروف سنه دراسيه', 1, 'fa fa-money', '2020-09-28 14:07:40', '2020-09-28 16:42:21'),
(105, 'ملف تقديم جديد', 1, 'ملف تقديم جديدمريم محمد ابوالخير محمد عبدالصمد', 1, 'fa fa-file-o', '2020-09-28 14:13:21', '2020-09-28 16:42:21'),
(106, 'تعديل ملف تقديم', 1, 'تعديل ملف تقديممريم محمد ابوالخير محمد عبدالصمد', 1, 'fa fa-file-o', '2020-09-28 14:16:10', '2020-09-28 16:42:21'),
(107, 'ملف تقديم جديد', 1, 'ملف تقديم جديدمصطفى السيد محمد عبدالجواد', 1, 'fa fa-file-o', '2020-09-28 14:23:22', '2020-09-28 16:42:21'),
(108, 'تعديل ملف تقديم', 1, 'تعديل ملف تقديممصطفى السيد محمد عبدالجواد', 1, 'fa fa-file-o', '2020-09-28 14:23:43', '2020-09-28 16:42:21'),
(109, 'الطالب مصطفى السيد محمد عبدالجواد دفع 200 فى الخزينه', 1, 'الطالب مصطفى السيد محمد عبدالجواد دفع 200 فى الخزينه', 1, 'fa fa-money', '2020-09-28 14:25:53', '2020-09-28 16:42:21'),
(110, 'الطالب مريم محمد ابوالخير محمد عبدالصمد دفع 200 فى الخزينه', 1, 'الطالب مريم محمد ابوالخير محمد عبدالصمد دفع 200 فى الخزينه', 1, 'fa fa-money', '2020-09-28 15:02:39', '2020-09-28 16:42:21'),
(111, 'الطالب مريم محمد ابوالخير محمد عبدالصمد دفع 1685 فى الخزينه', 1, 'الطالب مريم محمد ابوالخير محمد عبدالصمد دفع 1685 فى الخزينه', 1, 'fa fa-money', '2020-09-28 15:06:58', '2020-09-28 16:42:21'),
(112, 'تقسيط رسوم الطالبمصطفى السيد محمد عبدالجواد', 1, 'تقسيط رسوم الطالبمصطفى السيد محمد عبدالجواد', 1, 'fa fa-calendar', '2020-09-28 15:21:23', '2020-09-28 16:42:21'),
(113, 'تقسيط رسوم الطالبمصطفى السيد محمد عبدالجواد', 1, 'تقسيط رسوم الطالبمصطفى السيد محمد عبدالجواد', 1, 'fa fa-calendar', '2020-09-28 15:21:48', '2020-09-28 16:42:21'),
(114, 'تقسيط رسوم الطالبمصطفى السيد محمد عبدالجواد', 1, 'تقسيط رسوم الطالبمصطفى السيد محمد عبدالجواد', 1, 'fa fa-calendar', '2020-09-28 15:25:34', '2020-09-28 16:42:21'),
(115, 'تقسيط رسوم الطالبمصطفى السيد محمد عبدالجواد', 1, 'تقسيط رسوم الطالبمصطفى السيد محمد عبدالجواد', 1, 'fa fa-calendar', '2020-09-28 15:26:48', '2020-09-28 16:42:21'),
(116, 'تقسيط رسوم الطالبمصطفى السيد محمد عبدالجواد', 1, 'تقسيط رسوم الطالبمصطفى السيد محمد عبدالجواد', 1, 'fa fa-calendar', '2020-09-28 15:27:04', '2020-09-28 16:42:21'),
(117, 'تقسيط رسوم الطالبمصطفى السيد محمد عبدالجواد', 1, 'تقسيط رسوم الطالبمصطفى السيد محمد عبدالجواد', 1, 'fa fa-calendar', '2020-09-28 15:27:25', '2020-09-28 16:42:21'),
(118, 'تقسيط رسوم الطالبمصطفى السيد محمد عبدالجواد', 1, 'تقسيط رسوم الطالبمصطفى السيد محمد عبدالجواد', 1, 'fa fa-calendar', '2020-09-28 15:27:55', '2020-09-28 16:42:21'),
(119, 'تقسيط رسوم الطالبمصطفى السيد محمد عبدالجواد', 1, 'تقسيط رسوم الطالبمصطفى السيد محمد عبدالجواد', 1, 'fa fa-calendar', '2020-09-28 15:28:19', '2020-09-28 16:42:21'),
(120, 'تقسيط رسوم الطالبمصطفى السيد محمد عبدالجواد', 1, 'تقسيط رسوم الطالبمصطفى السيد محمد عبدالجواد', 1, 'fa fa-calendar', '2020-09-28 15:28:37', '2020-09-28 16:42:21'),
(121, 'تقسيط رسوم الطالبمصطفى السيد محمد عبدالجواد', 1, 'تقسيط رسوم الطالبمصطفى السيد محمد عبدالجواد', 1, 'fa fa-calendar', '2020-09-28 15:32:27', '2020-09-28 16:42:21'),
(122, 'تقسيط رسوم الطالبمصطفى السيد محمد عبدالجواد', 1, 'تقسيط رسوم الطالبمصطفى السيد محمد عبدالجواد', 1, 'fa fa-calendar', '2020-09-28 15:32:48', '2020-09-28 16:42:21'),
(123, 'الطالب مصطفى السيد محمد عبدالجواد دفع 500 فى الخزينه', 1, 'الطالب مصطفى السيد محمد عبدالجواد دفع 500 فى الخزينه', 1, 'fa fa-money', '2020-09-28 15:38:44', '2020-09-28 16:42:21'),
(124, 'تقسيط رسوم الطالبمصطفى السيد محمد عبدالجواد', 1, 'تقسيط رسوم الطالبمصطفى السيد محمد عبدالجواد', 1, 'fa fa-calendar', '2020-09-28 15:45:26', '2020-09-28 16:42:21'),
(125, 'الطالب مصطفى السيد محمد عبدالجواد دفع 500 فى الخزينه', 1, 'الطالب مصطفى السيد محمد عبدالجواد دفع 500 فى الخزينه', 1, 'fa fa-money', '2020-09-28 15:45:56', '2020-09-28 16:42:21'),
(126, 'الطالب مصطفى السيد محمد عبدالجواد دفع 500 فى الخزينه', 1, 'الطالب مصطفى السيد محمد عبدالجواد دفع 500 فى الخزينه', 1, 'fa fa-money', '2020-09-28 15:47:41', '2020-09-28 16:42:21'),
(127, 'الطالب مصطفى السيد محمد عبدالجواد دفع 500 فى الخزينه', 1, 'الطالب مصطفى السيد محمد عبدالجواد دفع 500 فى الخزينه', 1, 'fa fa-money', '2020-09-28 15:49:48', '2020-09-28 16:42:21'),
(128, 'تعديل الخدمهبيسبسيبسي', 1, 'تعديل الخدمهبيسبسيبسي', 1, 'fa fa-trophy', '2020-09-28 16:36:09', '2020-09-28 16:42:21'),
(129, 'تعديل الخدمهبيسبسيبسي', 1, 'تعديل الخدمهبيسبسيبسي', 1, 'fa fa-trophy', '2020-09-28 16:43:06', '2020-09-28 16:43:10'),
(130, 'تعديل الخدمهبيسبسيبسي', 1, 'تعديل الخدمهبيسبسيبسي', 1, 'fa fa-trophy', '2020-09-28 16:43:54', '2020-09-28 16:48:09'),
(131, 'تعديل الخدمهبيسبسيبسي', 1, 'تعديل الخدمهبيسبسيبسي', 1, 'fa fa-trophy', '2020-09-28 16:51:24', '2020-09-28 16:51:31'),
(132, 'تعديل صروف سنه دراسيه', 1, 'تعديل صروف سنه دراسيه', 1, 'fa fa-money', '2020-09-28 16:52:35', '2020-09-28 16:52:42'),
(133, 'ملف تقديم جديد', 1, 'ملف تقديم جديدشاهندا عادل جمال عبدالحميد', 1, 'fa fa-file-o', '2020-09-28 17:08:56', '2020-09-28 17:09:02'),
(134, 'الطالب شاهندا عادل جمال عبدالحميد دفع 200 فى الخزينه', 1, 'الطالب شاهندا عادل جمال عبدالحميد دفع 200 فى الخزينه', 1, 'fa fa-money', '2020-09-28 17:09:34', '2020-09-28 17:09:43'),
(135, 'الطالب شاهندا عادل جمال عبدالحميد دفع 1685 فى الخزينه', 1, 'الطالب شاهندا عادل جمال عبدالحميد دفع 1685 فى الخزينه', 1, 'fa fa-money', '2020-09-28 17:34:05', '2020-09-28 17:34:13'),
(136, 'ملف تقديم جديد', 1, 'ملف تقديم جديدمهند محمود يوسف مجاهد', 1, 'fa fa-file-o', '2020-09-28 17:39:24', '2020-09-28 17:39:30'),
(137, 'الطالب مهند محمود يوسف مجاهد دفع 200 فى الخزينه', 1, 'الطالب مهند محمود يوسف مجاهد دفع 200 فى الخزينه', 1, 'fa fa-money', '2020-09-28 17:52:04', '2020-09-28 17:52:10'),
(138, 'تقسيط رسوم الطالبمهند محمود يوسف مجاهد', 1, 'تقسيط رسوم الطالبمهند محمود يوسف مجاهد', 1, 'fa fa-calendar', '2020-09-28 17:54:33', '2020-09-28 17:54:39'),
(139, 'تقسيط رسوم الطالبمهند محمود يوسف مجاهد', 1, 'تقسيط رسوم الطالبمهند محمود يوسف مجاهد', 1, 'fa fa-calendar', '2020-09-28 18:02:22', '2020-09-28 18:02:29'),
(140, 'الطالب مهند محمود يوسف مجاهد دفع 85 فى الخزينه', 1, 'الطالب مهند محمود يوسف مجاهد دفع 85 فى الخزينه', 1, 'fa fa-money', '2020-09-28 18:03:07', '2020-09-28 18:03:11'),
(141, 'الطالب مهند محمود يوسف مجاهد دفع 100 فى الخزينه', 1, 'الطالب مهند محمود يوسف مجاهد دفع 100 فى الخزينه', 1, 'fa fa-money', '2020-09-28 18:03:34', '2020-09-28 18:03:43'),
(142, 'ملف تقديم جديد', 1, 'ملف تقديم جديداحمد محمد راضى', 1, 'fa fa-file-o', '2020-09-29 04:58:58', '2020-09-29 04:59:04'),
(143, 'ملف تقديم جديد', 1, 'ملف تقديم جديدنهى', 1, 'fa fa-file-o', '2020-09-29 05:00:09', '2020-09-29 05:00:14'),
(144, 'ملف تقديم جديد', 1, 'ملف تقديم جديدسميه احمد', 1, 'fa fa-file-o', '2020-09-29 05:01:28', '2020-09-29 05:01:34'),
(145, 'تعديل صروف سنه دراسيه', 1, 'تعديل صروف سنه دراسيه', 1, 'fa fa-money', '2020-09-29 05:05:54', '2020-09-29 05:05:56'),
(146, 'الطالب سميه احمد دفع 300 فى الخزينه', 1, 'الطالب سميه احمد دفع 300 فى الخزينه', 1, 'fa fa-money', '2020-09-29 05:11:02', '2020-09-29 05:11:04'),
(147, 'تقسيط رسوم الطالبسميه احمد', 1, 'تقسيط رسوم الطالبسميه احمد', 1, 'fa fa-calendar', '2020-09-29 05:13:35', '2020-09-29 05:13:35'),
(148, 'تعديل صروف سنه دراسيه', 1, 'تعديل صروف سنه دراسيه', 1, 'fa fa-money', '2020-09-29 05:20:19', '2020-09-29 05:20:25'),
(149, 'ملف تقديم جديد', 1, 'ملف تقديم جديدهاجر', 1, 'fa fa-file-o', '2020-09-29 05:36:33', '2020-09-29 05:36:36'),
(150, 'الطالب سميه احمد دفع 685 فى الخزينه', 1, 'الطالب سميه احمد دفع 685 فى الخزينه', 1, 'fa fa-money', '2020-09-29 05:37:50', '2020-09-29 05:37:55'),
(151, 'الطالب سميه احمد دفع 685 فى الخزينه', 1, 'الطالب سميه احمد دفع 685 فى الخزينه', 1, 'fa fa-money', '2020-09-29 05:39:57', '2020-09-29 05:40:05'),
(152, 'الطالب نهى دفع 100 فى الخزينه', 1, 'الطالب نهى دفع 100 فى الخزينه', 1, 'fa fa-money', '2020-09-29 05:41:02', '2020-09-29 05:41:05'),
(153, 'الطالب نهى دفع 100 فى الخزينه', 1, 'الطالب نهى دفع 100 فى الخزينه', 1, 'fa fa-money', '2020-09-29 05:52:34', '2020-09-29 05:52:38'),
(154, 'الطالب نهى دفع 100 فى الخزينه', 1, 'الطالب نهى دفع 100 فى الخزينه', 1, 'fa fa-money', '2020-09-29 05:55:54', '2020-09-29 05:55:59'),
(155, 'الطالب نهى دفع 100 فى الخزينه', 1, 'الطالب نهى دفع 100 فى الخزينه', 1, 'fa fa-money', '2020-09-29 05:57:47', '2020-09-29 05:57:52'),
(156, 'الطالب نهى دفع 100 فى الخزينه', 1, 'الطالب نهى دفع 100 فى الخزينه', 1, 'fa fa-money', '2020-09-29 05:58:51', '2020-09-29 05:58:53'),
(157, 'الطالب نهى دفع 100 فى الخزينه', 1, 'الطالب نهى دفع 100 فى الخزينه', 1, 'fa fa-money', '2020-09-29 05:59:17', '2020-09-29 05:59:23'),
(158, 'الطالب نهى دفع 100 فى الخزينه', 1, 'الطالب نهى دفع 100 فى الخزينه', 1, 'fa fa-money', '2020-09-29 06:00:05', '2020-09-29 06:00:14'),
(159, 'الطالب نهى دفع 100 فى الخزينه', 1, 'الطالب نهى دفع 100 فى الخزينه', 1, 'fa fa-money', '2020-09-29 06:01:42', '2020-09-29 06:01:45'),
(160, 'الطالب نهى دفع 100 فى الخزينه', 1, 'الطالب نهى دفع 100 فى الخزينه', 1, 'fa fa-money', '2020-09-29 06:02:20', '2020-09-29 06:02:26'),
(161, 'الطالب نهى دفع 100 فى الخزينه', 1, 'الطالب نهى دفع 100 فى الخزينه', 1, 'fa fa-money', '2020-09-29 06:02:34', '2020-09-29 06:02:45'),
(162, 'الطالب نهى دفع 100 فى الخزينه', 1, 'الطالب نهى دفع 100 فى الخزينه', 1, 'fa fa-money', '2020-09-29 06:04:41', '2020-09-29 06:04:46'),
(163, 'الطالب نهى دفع 100 فى الخزينه', 1, 'الطالب نهى دفع 100 فى الخزينه', 1, 'fa fa-money', '2020-09-29 06:05:02', '2020-09-29 06:05:08'),
(164, 'الطالب نهى دفع 100 فى الخزينه', 1, 'الطالب نهى دفع 100 فى الخزينه', 1, 'fa fa-money', '2020-09-29 06:05:29', '2020-09-29 06:05:47'),
(165, 'الطالب نهى دفع 100 فى الخزينه', 1, 'الطالب نهى دفع 100 فى الخزينه', 1, 'fa fa-money', '2020-09-29 06:06:00', '2020-09-29 06:06:09'),
(166, 'الطالب نهى دفع 100 فى الخزينه', 1, 'الطالب نهى دفع 100 فى الخزينه', 1, 'fa fa-money', '2020-09-29 06:07:43', '2020-09-29 06:07:49'),
(167, 'الطالب نهى دفع 100 فى الخزينه', 1, 'الطالب نهى دفع 100 فى الخزينه', 1, 'fa fa-money', '2020-09-29 06:08:35', '2020-09-29 06:08:48'),
(168, 'الطالب هاجر دفع 200 فى الخزينه', 1, 'الطالب هاجر دفع 200 فى الخزينه', 1, 'fa fa-money', '2020-09-29 06:13:58', '2020-09-29 06:13:59'),
(169, 'تقسيط رسوم الطالبهاجر', 1, 'تقسيط رسوم الطالبهاجر', 1, 'fa fa-calendar', '2020-09-29 06:14:31', '2020-09-29 06:14:38'),
(170, 'الطالب هاجر دفع 500 فى الخزينه', 1, 'الطالب هاجر دفع 500 فى الخزينه', 1, 'fa fa-money', '2020-09-29 06:15:27', '2020-09-29 06:15:29'),
(171, 'تقسيط رسوم الطالبهاجر', 1, 'تقسيط رسوم الطالبهاجر', 1, 'fa fa-calendar', '2020-09-29 06:16:20', '2020-09-29 06:16:28'),
(172, 'تقسيط رسوم الطالبهاجر', 1, 'تقسيط رسوم الطالبهاجر', 1, 'fa fa-calendar', '2020-09-29 06:20:10', '2020-09-29 06:20:20'),
(173, 'الطالب سميه احمد دفع 500 فى الخزينه', 1, 'الطالب سميه احمد دفع 500 فى الخزينه', 1, 'fa fa-money', '2020-09-29 09:44:22', '2020-09-29 09:44:27'),
(174, 'الطالب مهند محمود يوسف مجاهد دفع 100 فى الخزينه', 1, 'الطالب مهند محمود يوسف مجاهد دفع 100 فى الخزينه', 1, 'fa fa-money', '2020-09-29 09:45:50', '2020-09-29 09:45:57'),
(175, 'الطالب نهى دفع 1685 فى الخزينه', 1, 'الطالب نهى دفع 1685 فى الخزينه', 1, 'fa fa-money', '2020-09-29 09:52:52', '2020-09-29 09:53:00'),
(176, 'الطالب مهند محمود يوسف مجاهد دفع 400 فى الخزينه', 1, 'الطالب مهند محمود يوسف مجاهد دفع 400 فى الخزينه', 1, 'fa fa-money', '2020-09-29 09:55:06', '2020-09-29 09:55:14'),
(177, 'الطالب احمد محمد راضى دفع 300 فى الخزينه', 1, 'الطالب احمد محمد راضى دفع 300 فى الخزينه', 1, 'fa fa-money', '2020-09-29 10:02:11', '2020-09-29 10:02:16'),
(178, 'ملف تقديم جديد', 1, 'ملف تقديم جديدمحسن محمد', 1, 'fa fa-file-o', '2020-09-29 10:03:43', '2020-09-29 10:03:45'),
(179, 'تعديل ملف تقديم', 1, 'تعديل ملف تقديممحسن محمد', 1, 'fa fa-file-o', '2020-09-29 10:03:59', '2020-09-29 10:04:04'),
(180, 'الطالب محسن محمد دفع 200 فى الخزينه', 1, 'الطالب محسن محمد دفع 200 فى الخزينه', 1, 'fa fa-money', '2020-09-29 10:05:00', '2020-09-29 10:05:05'),
(181, 'طالب جديد', 1, 'طالب جديداحمد رمضان شعبان عبدالحميد', 1, 'fa fa-user', '2020-10-03 09:53:53', '2020-10-03 09:53:57'),
(182, 'تقسيط رسوم الطالباحمد رمضان شعبان عبدالحميد', 1, 'تقسيط رسوم الطالباحمد رمضان شعبان عبدالحميد', 1, 'fa fa-calendar', '2020-10-03 09:56:52', '2020-10-03 09:57:01'),
(183, 'الطالب احمد رمضان شعبان عبدالحميد دفع 1000 فى الخزينه', 1, 'الطالب احمد رمضان شعبان عبدالحميد دفع 1000 فى الخزينه', 1, 'fa fa-money', '2020-10-03 09:57:22', '2020-10-03 09:57:32'),
(184, 'الطالب احمد رمضان شعبان عبدالحميد دفع 1000 فى الخزينه', 1, 'الطالب احمد رمضان شعبان عبدالحميد دفع 1000 فى الخزينه', 1, 'fa fa-money', '2020-10-03 09:58:13', '2020-10-03 09:58:16'),
(185, 'الطالب احمد رمضان شعبان عبدالحميد دفع 1000 فى الخزينه', 1, 'الطالب احمد رمضان شعبان عبدالحميد دفع 1000 فى الخزينه', 1, 'fa fa-money', '2020-10-03 10:11:37', '2020-10-03 10:11:50'),
(186, 'تقسيط رسوم الطالباحمد رمضان شعبان عبدالحميد', 1, 'تقسيط رسوم الطالباحمد رمضان شعبان عبدالحميد', 1, 'fa fa-calendar', '2020-10-03 10:27:26', '2020-10-03 10:27:41'),
(187, 'الطالب احمد رمضان شعبان عبدالحميد دفع 1000 فى الخزينه', 1, 'الطالب احمد رمضان شعبان عبدالحميد دفع 1000 فى الخزينه', 1, 'fa fa-money', '2020-10-03 10:27:58', '2020-10-03 10:28:20'),
(188, 'الطالب احمد رمضان شعبان عبدالحميد دفع 1000 فى الخزينه', 1, 'الطالب احمد رمضان شعبان عبدالحميد دفع 1000 فى الخزينه', 1, 'fa fa-money', '2020-10-03 10:28:46', '2020-10-03 10:29:03'),
(189, 'ملف تقديم جديد', 1, 'ملف تقديم جديديسرى سمير كامل سعد', 1, 'fa fa-file-o', '2020-10-03 11:47:43', '2020-10-03 12:03:56'),
(190, 'update profile info', 1, 'update profile info', 1, 'fa fa-id-card-o', '2020-10-04 10:26:12', '2020-10-04 10:28:17'),
(191, 'update profile info', 1, 'update profile info', 1, 'fa fa-id-card-o', '2020-10-04 10:26:37', '2020-10-04 10:28:17'),
(192, 'update profile info', 1, 'update profile info', 1, 'fa fa-id-card-o', '2020-10-04 18:03:11', '2020-10-04 18:03:32'),
(193, 'update profile info', 1, 'update profile info', 1, 'fa fa-id-card-o', '2020-10-04 18:04:37', '2020-10-04 18:05:04'),
(194, 'update profile info', 1, 'update profile info', 1, 'fa fa-id-card-o', '2020-10-04 18:26:53', '2020-10-04 18:27:25'),
(195, 'update profile info', 1, 'update profile info', 1, 'fa fa-id-card-o', '2020-10-04 18:28:54', '2020-10-04 18:29:23'),
(196, 'تعديل صروف سنه دراسيه', 1, 'تعديل صروف سنه دراسيه', 1, 'fa fa-money', '2020-10-05 04:58:48', '2020-10-05 05:33:27'),
(197, 'تعديل صروف سنه دراسيه', 1, 'تعديل صروف سنه دراسيه', 1, 'fa fa-money', '2020-10-05 04:59:48', '2020-10-05 05:33:27'),
(198, 'ملف تقديم جديد', 1, 'ملف تقديم جديدعلى ماهر معوض محمد', 1, 'fa fa-file-o', '2020-10-05 05:05:52', '2020-10-05 05:33:27'),
(199, 'طالب جديد', 1, 'طالب جديدمريم محمد ابوالخير محمد عبدالصمد', 1, 'fa fa-user', '2020-10-05 05:08:47', '2020-10-05 05:33:27'),
(200, 'الطالب مريم محمد ابوالخير محمد عبدالصمد دفع 2385 فى الخزينه', 1, 'الطالب مريم محمد ابوالخير محمد عبدالصمد دفع 2385 فى الخزينه', 1, 'fa fa-money', '2020-10-05 05:09:40', '2020-10-05 05:33:27'),
(201, 'الطالب على ماهر معوض محمد دفع 230 فى الخزينه', 1, 'الطالب على ماهر معوض محمد دفع 230 فى الخزينه', 1, 'fa fa-money', '2020-10-05 05:11:58', '2020-10-05 05:33:27'),
(202, 'تقسيط رسوم الطالبعلى ماهر معوض محمد', 1, 'تقسيط رسوم الطالبعلى ماهر معوض محمد', 1, 'fa fa-calendar', '2020-10-05 05:13:31', '2020-10-05 05:33:27'),
(203, 'الطالب على ماهر معوض محمد دفع 385 فى الخزينه', 1, 'الطالب على ماهر معوض محمد دفع 385 فى الخزينه', 1, 'fa fa-money', '2020-10-05 05:13:47', '2020-10-05 05:33:27'),
(204, 'طالب جديد', 1, 'طالب جديداسلام عزت رجب محمد', 1, 'fa fa-user', '2020-10-05 05:17:32', '2020-10-05 05:33:27'),
(205, 'طالب جديد', 1, 'طالب جديداسلام عزت رجب محمد', 1, 'fa fa-user', '2020-10-05 05:18:51', '2020-10-05 05:33:27'),
(206, 'تقسيط رسوم الطالباسلام عزت رجب محمد', 1, 'تقسيط رسوم الطالباسلام عزت رجب محمد', 1, 'fa fa-calendar', '2020-10-05 05:20:00', '2020-10-05 05:33:27'),
(207, 'الطالب اسلام عزت رجب محمد دفع 1000 فى الخزينه', 1, 'الطالب اسلام عزت رجب محمد دفع 1000 فى الخزينه', 1, 'fa fa-money', '2020-10-05 05:20:18', '2020-10-05 05:33:27'),
(208, 'طالب جديد', 1, 'طالب جديداسلام عزت رجب محمد', 1, 'fa fa-user', '2020-10-05 05:56:51', '2020-10-05 06:02:21'),
(209, 'طالب جديد', 1, 'طالب جديدمريم محمد ابوالخير محمد عبدالصمد', 1, 'fa fa-user', '2020-10-05 05:58:38', '2020-10-05 06:02:21'),
(210, 'طالب جديد', 1, 'طالب جديدمريم محمد ابوالخير محمد عبدالصمد', 1, 'fa fa-user', '2020-10-05 05:59:07', '2020-10-05 06:02:21'),
(211, 'update old balance store settings ', 1, 'update old balance store settings ', 1, 'fa fa-cogs', '2020-10-05 06:19:04', '2020-10-05 06:20:10'),
(212, 'update old balance store settings ', 1, 'update old balance store settings ', 1, 'fa fa-cogs', '2020-10-05 06:19:20', '2020-10-05 06:20:10'),
(213, 'ملف تقديم جديد', 1, 'ملف تقديم جديدمعاز عبد المجيد احد', 1, 'fa fa-file-o', '2020-10-05 07:13:22', '2020-10-06 06:09:43'),
(214, 'تغير الترجمه', 1, 'تغير الترجمه', 1, 'fa fa-language', '2020-10-06 06:13:54', '2020-10-06 06:22:37'),
(215, 'تغير الترجمه', 1, 'تغير الترجمه', 1, 'fa fa-language', '2020-10-06 06:21:23', '2020-10-06 06:22:37'),
(216, 'الطالب معاز عبد المجيد احد دفع 100 فى الخزينه', 1, 'الطالب معاز عبد المجيد احد دفع 100 فى الخزينه', 1, 'fa fa-money', '2020-10-06 06:40:27', '2020-10-06 06:41:32'),
(217, 'تقسيط رسوم الطالبمعاز عبد المجيد احد', 1, 'تقسيط رسوم الطالبمعاز عبد المجيد احد', 1, 'fa fa-calendar', '2020-10-06 06:51:31', '2020-10-06 06:51:57'),
(218, 'install the balance of studentمعاز عبد المجيد احد', 1, 'install the balance of studentمعاز عبد المجيد احد', 1, 'fa fa-calendar', '2020-10-06 06:52:56', '2020-10-06 06:54:41'),
(219, 'install the balance of studentمعاز عبد المجيد احد', 1, 'install the balance of studentمعاز عبد المجيد احد', 1, 'fa fa-calendar', '2020-10-06 06:53:24', '2020-10-06 06:54:41'),
(220, 'تقسيط رسوم الطالب معاز عبد المجيد احد', 1, 'تقسيط رسوم الطالب معاز عبد المجيد احد', 1, 'fa fa-calendar', '2020-10-06 07:02:15', '2020-10-06 07:02:21'),
(221, 'الطالب معاز عبد المجيد احد دفع 185 فى الخزينه ', 1, 'الطالب معاز عبد المجيد احد دفع 185 فى الخزينه ', 1, 'fa fa-money', '2020-10-06 07:03:10', '2020-10-06 07:03:14'),
(222, 'الطالب معاز عبد المجيد احد دفع 500 فى الخزينه ', 1, 'الطالب معاز عبد المجيد احد دفع 500 فى الخزينه ', 1, 'fa fa-money', '2020-10-06 07:04:25', '2020-10-06 07:04:30'),
(223, 'ملف تقديم جديد ', 1, 'ملف تقديم جديد شريف ناصر محمد جابر', 1, 'fa fa-file-o', '2020-10-06 10:04:23', '2020-10-06 10:04:30'),
(224, 'الطالب شريف ناصر محمد جابر دفع 300 فى الخزينه ', 1, 'الطالب شريف ناصر محمد جابر دفع 300 فى الخزينه ', 1, 'fa fa-money', '2020-10-06 10:06:08', '2020-10-06 10:06:13'),
(225, 'تقسيط رسوم الطالب شريف ناصر محمد جابر', 1, 'تقسيط رسوم الطالب شريف ناصر محمد جابر', 1, 'fa fa-calendar', '2020-10-06 10:08:15', '2020-10-06 10:08:21'),
(226, 'الطالب شريف ناصر محمد جابر دفع 500 فى الخزينه ', 1, 'الطالب شريف ناصر محمد جابر دفع 500 فى الخزينه ', 1, 'fa fa-money', '2020-10-06 10:08:48', '2020-10-06 10:08:56'),
(227, 'طالب جديد ', 1, 'طالب جديد حسن عبدالناصر حسن عبدالمجيد', 1, 'fa fa-user', '2020-10-06 10:47:25', '2020-10-06 10:47:33'),
(228, 'طالب جديد ', 1, 'طالب جديد حسن عبدالناصر حسن عبدالمجيد', 1, 'fa fa-user', '2020-10-06 10:48:54', '2020-10-06 10:49:02'),
(229, 'الطالب حسن عبدالناصر حسن عبدالمجيد دفع 2000 فى الخزينه ', 1, 'الطالب حسن عبدالناصر حسن عبدالمجيد دفع 2000 فى الخزينه ', 1, 'fa fa-money', '2020-10-06 10:50:21', '2020-10-06 10:50:25'),
(230, 'طالب جديد ', 1, 'طالب جديد على رفاعى عبداللطيف مرزوق', 1, 'fa fa-user', '2020-10-06 10:55:08', '2020-10-06 10:55:19'),
(231, 'الطالب على رفاعى عبداللطيف مرزوق دفع 1500 فى الخزينه ', 1, 'الطالب على رفاعى عبداللطيف مرزوق دفع 1500 فى الخزينه ', 1, 'fa fa-money', '2020-10-06 10:58:59', '2020-10-06 10:59:04'),
(232, 'تقسيط رسوم الطالب على رفاعى عبداللطيف مرزوق', 1, 'تقسيط رسوم الطالب على رفاعى عبداللطيف مرزوق', 1, 'fa fa-calendar', '2020-10-06 11:00:36', '2020-10-06 11:00:47'),
(233, 'الطالب على رفاعى عبداللطيف مرزوق دفع 385 فى الخزينه ', 1, 'الطالب على رفاعى عبداللطيف مرزوق دفع 385 فى الخزينه ', 1, 'fa fa-money', '2020-10-06 11:00:52', '2020-10-06 11:01:02'),
(234, 'تقسيط رسوم الطالب على رفاعى عبداللطيف مرزوق', 1, 'تقسيط رسوم الطالب على رفاعى عبداللطيف مرزوق', 1, 'fa fa-calendar', '2020-10-06 11:03:29', '2020-10-06 11:03:41'),
(235, 'طالب جديد ', 1, 'طالب جديد محمود هلال حسين عبدالله', 1, 'fa fa-user', '2020-10-06 11:51:52', '2020-10-06 11:52:11'),
(236, 'الطالب محمود هلال حسين عبدالله دفع 2000 فى الخزينه ', 1, 'الطالب محمود هلال حسين عبدالله دفع 2000 فى الخزينه ', 1, 'fa fa-money', '2020-10-06 11:52:29', '2020-10-06 11:52:51'),
(237, 'الطالب محمود هلال حسين عبدالله دفع 2000 فى الخزينه ', 1, 'الطالب محمود هلال حسين عبدالله دفع 2000 فى الخزينه ', 1, 'fa fa-money', '2020-10-06 11:54:12', '2020-10-06 11:54:34'),
(238, 'طالب جديد ', 1, 'طالب جديد محمود هلال حسين عبدالله', 1, 'fa fa-user', '2020-10-06 11:54:57', '2020-10-06 11:55:27'),
(239, 'طالب جديد ', 1, 'طالب جديد محمود هلال حسين عبدالله', 1, 'fa fa-user', '2020-10-06 11:55:09', '2020-10-06 11:55:27'),
(240, 'الطالب محمود هلال حسين عبدالله دفع 2000 فى الخزينه ', 1, 'الطالب محمود هلال حسين عبدالله دفع 2000 فى الخزينه ', 1, 'fa fa-money', '2020-10-06 11:55:48', '2020-10-06 11:56:03'),
(241, 'الطالب محمود هلال حسين عبدالله دفع 2000 فى الخزينه ', 1, 'الطالب محمود هلال حسين عبدالله دفع 2000 فى الخزينه ', 1, 'fa fa-money', '2020-10-06 11:57:24', '2020-10-06 11:57:52'),
(242, 'تعديل الخدمه شهادة اثبات قيد', 1, 'تعديل الخدمه شهادة اثبات قيد', 1, 'fa fa-trophy', '2020-10-07 05:01:39', '2020-10-07 05:01:43'),
(243, 'add Store خزنة المعهد', 1, 'add Store خزنة المعهد', 1, 'fa fa-trophy', '2020-10-07 05:02:30', '2020-10-07 05:02:33'),
(244, 'اضافة خدمه افاده', 1, 'اضافة خدمه افاده', 1, 'fa fa-trophy', '2020-10-07 05:04:05', '2020-10-07 05:04:10'),
(245, 'اضافة خدمه كرنيه بدل فاقد', 1, 'اضافة خدمه كرنيه بدل فاقد', 1, 'fa fa-trophy', '2020-10-07 05:06:12', '2020-10-07 05:06:18'),
(246, 'تعديل الخدمه التماس اعادة رصد درجات', 1, 'تعديل الخدمه التماس اعادة رصد درجات', 1, 'fa fa-trophy', '2020-10-07 05:07:54', '2020-10-07 05:07:59'),
(247, 'تعديل الخدمه كرنيه بدل فاقد', 1, 'تعديل الخدمه كرنيه بدل فاقد', 1, 'fa fa-trophy', '2020-10-07 05:14:25', '2020-10-07 05:14:30'),
(248, 'تعديل الخدمه افاده', 1, 'تعديل الخدمه افاده', 1, 'fa fa-trophy', '2020-10-07 05:14:39', '2020-10-07 05:14:45'),
(249, 'تعديل الخدمه كرنيه بدل فاقد', 1, 'تعديل الخدمه كرنيه بدل فاقد', 1, 'fa fa-trophy', '2020-10-07 05:18:40', '2020-10-07 05:18:45'),
(250, 'تعديل الخدمه افاده', 1, 'تعديل الخدمه افاده', 1, 'fa fa-trophy', '2020-10-07 05:18:43', '2020-10-07 05:18:45'),
(251, 'تعديل الخدمه كرنيه بدل فاقد', 1, 'تعديل الخدمه كرنيه بدل فاقد', 1, 'fa fa-trophy', '2020-10-07 05:20:37', '2020-10-07 05:20:42'),
(252, 'تعديل الخدمه افاده', 1, 'تعديل الخدمه افاده', 1, 'fa fa-trophy', '2020-10-07 05:20:39', '2020-10-07 05:20:42'),
(253, 'اضافة خدمه fdsf', 1, 'اضافة خدمه fdsf', 1, 'fa fa-trophy', '2020-10-07 05:24:51', '2020-10-07 05:24:58'),
(254, 'حذف خدمه fdsf', 1, 'حذف خدمه fdsf', 1, 'fa fa-trophy', '2020-10-07 05:24:58', '2020-10-07 05:25:00'),
(255, 'تعديل الخدمه شهادة اثبات قيد', 1, 'تعديل الخدمه شهادة اثبات قيد', 1, 'fa fa-trophy', '2020-10-07 06:47:27', '2020-10-07 06:47:30'),
(256, 'تعديل الخدمه شهادة تخرج', 1, 'تعديل الخدمه شهادة تخرج', 1, 'fa fa-trophy', '2020-10-07 06:47:34', '2020-10-07 06:47:39'),
(257, 'تعديل الخدمه كرنيه بدل فاقد', 1, 'تعديل الخدمه كرنيه بدل فاقد', 1, 'fa fa-trophy', '2020-10-07 06:47:53', '2020-10-07 06:47:57'),
(258, 'الطالب مريم محمد ابوالخير محمد عبدالصمد دفع 50 فى الخزينه ', 1, 'الطالب مريم محمد ابوالخير محمد عبدالصمد دفع 50 فى الخزينه ', 1, 'fa fa-money', '2020-10-07 07:17:26', '2020-10-07 07:17:33'),
(259, 'الطالب يسرى سمير كامل سعد دفع 100 فى الخزينه ', 1, 'الطالب يسرى سمير كامل سعد دفع 100 فى الخزينه ', 1, 'fa fa-money', '2020-10-07 07:28:04', '2020-10-07 07:28:09'),
(260, 'الطالب يسرى سمير كامل سعد دفع 50 فى الخزينه ', 1, 'الطالب يسرى سمير كامل سعد دفع 50 فى الخزينه ', 1, 'fa fa-money', '2020-10-07 07:38:47', '2020-10-07 07:38:56'),
(261, 'student مريم محمد ابوالخير محمد عبدالصمد refund  in store', 1, 'student مريم محمد ابوالخير محمد عبدالصمد refund  in store', 1, 'fa fa-money', '2020-10-07 09:31:38', '2020-10-07 09:31:42'),
(262, 'student مريم محمد ابوالخير محمد عبدالصمد refund  in store', 1, 'student مريم محمد ابوالخير محمد عبدالصمد refund  in store', 1, 'fa fa-money', '2020-10-07 09:33:18', '2020-10-07 09:33:21'),
(263, 'student مصطفى السيد محمد عبدالجواد refund  in store', 1, 'student مصطفى السيد محمد عبدالجواد refund  in store', 1, 'fa fa-money', '2020-10-07 09:37:13', '2020-10-07 09:37:17'),
(264, 'الطالب نهى رد رسوم بقيمة  فى الخزينه', 1, 'الطالب نهى رد رسوم بقيمة  فى الخزينه', 1, 'fa fa-money', '2020-10-07 09:39:30', '2020-10-07 09:39:34'),
(265, 'الطالب هاجر رد رسوم بقيمة 100 فى الخزينه', 1, 'الطالب هاجر رد رسوم بقيمة 100 فى الخزينه', 1, 'fa fa-money', '2020-10-07 09:40:47', '2020-10-07 09:40:52'),
(266, 'payment value removed from store خزنة شؤن الطلاب', 1, 'payment value removed from store خزنة شؤن الطلاب', 1, 'fa fa-money', '2020-10-07 10:26:17', '2020-10-07 10:26:22'),
(267, 'payment value removed from store خزنة شؤن الطلاب', 1, 'payment value removed from store خزنة شؤن الطلاب', 1, 'fa fa-money', '2020-10-07 10:28:55', '2020-10-07 10:28:59'),
(268, 'edit payment info of number 83', 1, 'edit payment info of number 83', 1, 'fa fa-money', '2020-10-07 11:10:10', '2020-10-07 11:10:13'),
(269, 'edit payment info of number 84', 1, 'edit payment info of number 84', 1, 'fa fa-money', '2020-10-07 11:11:04', '2020-10-07 11:11:08'),
(270, 'طالب جديد ', 1, 'طالب جديد مريم محمد ابوالخير محمد عبدالصمد', 1, 'fa fa-user', '2020-10-07 11:16:14', '2020-10-07 11:16:22'),
(271, 'تعديل صروف سنه دراسيه ', 1, 'تعديل صروف سنه دراسيه ', 1, 'fa fa-money', '2020-10-07 11:25:04', '2020-10-07 11:25:10'),
(272, 'تعديل صروف سنه دراسيه ', 1, 'تعديل صروف سنه دراسيه ', 1, 'fa fa-money', '2020-10-07 11:26:21', '2020-10-07 11:26:25'),
(273, 'اضافة خدمه كارنيه بدل فاقد', 1, 'اضافة خدمه كارنيه بدل فاقد', 1, 'fa fa-trophy', '2020-10-07 11:29:23', '2020-10-07 11:29:28'),
(274, 'الطالب على ماهر معوض محمد دفع 100 فى الخزينه ', 1, 'الطالب على ماهر معوض محمد دفع 100 فى الخزينه ', 1, 'fa fa-money', '2020-10-07 11:30:37', '2020-10-07 11:30:43'),
(275, 'تعديل الخدمه التماس اعادة رصد درجات', 1, 'تعديل الخدمه التماس اعادة رصد درجات', 1, 'fa fa-trophy', '2020-10-07 11:31:49', '2020-10-07 11:31:53'),
(276, 'تعديل الخدمه التماس اعادة رصد درجات', 1, 'تعديل الخدمه التماس اعادة رصد درجات', 1, 'fa fa-trophy', '2020-10-07 11:32:27', '2020-10-07 11:32:32'),
(277, 'طالب جديد ', 1, 'طالب جديد مارى طلعت سعد سعيد', 1, 'fa fa-user', '2020-10-07 11:37:52', '2020-10-07 11:37:56'),
(278, 'تعديل الخدمه كارنيه بدل فاقد 1', 1, 'تعديل الخدمه كارنيه بدل فاقد 1', 1, 'fa fa-trophy', '2020-10-10 08:03:34', '2020-10-10 08:03:39'),
(279, 'طالب جديد ', 1, 'طالب جديد مارى طلعت سعد سعيد', 1, 'fa fa-user', '2020-10-10 09:13:13', '2020-10-10 09:13:21'),
(280, 'الطالب مارى طلعت سعد سعيد دفع 1000 فى الخزينه ', 1, 'الطالب مارى طلعت سعد سعيد دفع 1000 فى الخزينه ', 1, 'fa fa-money', '2020-10-10 09:13:59', '2020-10-10 09:14:12'),
(281, 'ملف تقديم جديد ', 1, 'ملف تقديم جديد محمود محمد طه', 1, 'fa fa-file-o', '2020-10-10 09:24:47', '2020-10-10 09:24:53'),
(282, 'تغير الترجمه ', 1, 'تغير الترجمه ', 1, 'fa fa-language', '2020-10-10 09:58:55', '2020-10-10 10:09:57'),
(283, 'تغير الترجمه', 1, 'تغير الترجمه', 1, 'fa fa-language', '2020-10-10 10:08:43', '2020-10-10 10:09:57'),
(284, 'تعديل الخدمهكارنيه بدل فاقد 1', 1, 'تعديل الخدمهكارنيه بدل فاقد 1', 1, 'fa fa-trophy', '2020-10-10 10:11:25', '2020-10-10 10:11:28'),
(285, 'تعديل الخدمهكرنيه بدل فاقد', 1, 'تعديل الخدمهكرنيه بدل فاقد', 1, 'fa fa-trophy', '2020-10-10 10:11:30', '2020-10-10 10:11:34'),
(286, 'تعديل الخدمهافاده', 1, 'تعديل الخدمهافاده', 1, 'fa fa-trophy', '2020-10-10 10:11:36', '2020-10-10 10:11:42'),
(287, 'تعديل الخدمهالتماس اعادة رصد درجات', 1, 'تعديل الخدمهالتماس اعادة رصد درجات', 1, 'fa fa-trophy', '2020-10-10 10:11:40', '2020-10-10 10:11:42'),
(288, 'تعديل الخدمهشهادة اثبات قيد', 1, 'تعديل الخدمهشهادة اثبات قيد', 1, 'fa fa-trophy', '2020-10-10 10:11:45', '2020-10-10 10:11:49'),
(289, 'تعديل الخدمه  كارنيه بدل فاقد 1', 1, 'تعديل الخدمه  كارنيه بدل فاقد 1', 1, 'fa fa-trophy', '2020-10-10 10:13:12', '2020-10-10 10:13:22'),
(290, 'تغير الترجمه  ', 1, 'تغير الترجمه  ', 1, 'fa fa-language', '2020-10-10 10:15:24', '2020-10-10 10:26:23'),
(291, 'تغير الترجمه  ', 1, 'تغير الترجمه  ', 1, 'fa fa-language', '2020-10-10 13:42:37', '2020-10-10 13:47:54'),
(292, 'تغير الترجمه', 1, 'تغير الترجمه', 1, 'fa fa-language', '2020-10-10 13:47:26', '2020-10-10 13:47:54'),
(293, 'تغير الترجمه', 1, 'تغير الترجمه', 1, 'fa fa-language', '2020-10-10 13:47:28', '2020-10-10 13:47:54'),
(294, 'تغير الترجمه', 1, 'تغير الترجمه', 1, 'fa fa-language', '2020-10-11 11:12:25', '2020-10-11 11:14:16'),
(295, 'تغير الترجمه', 1, 'تغير الترجمه', 1, 'fa fa-language', '2020-10-11 11:14:07', '2020-10-11 11:14:16'),
(296, 'ملف تقديم جديد', 1, 'ملف تقديم جديدكريستينا عاطف مرقص', 1, 'fa fa-file-o', '2020-10-11 11:36:55', '2020-10-11 11:36:59'),
(297, 'تعديل ملف تقديم', 1, 'تعديل ملف تقديمكريستينا عاطف مرقص', 1, 'fa fa-file-o', '2020-10-11 11:38:32', '2020-10-11 11:38:38'),
(298, 'الطالب كريستينا عاطف مرقص دفع 100 فى الخزينه', 1, 'الطالب كريستينا عاطف مرقص دفع 100 فى الخزينه', 1, 'fa fa-money', '2020-10-11 11:40:03', '2020-10-11 11:40:13'),
(299, 'الطالب كريستينا عاطف مرقص دفع 50 فى الخزينه', 1, 'الطالب كريستينا عاطف مرقص دفع 50 فى الخزينه', 1, 'fa fa-money', '2020-10-11 11:41:41', '2020-10-11 11:42:22'),
(300, 'مبلغ الايصال طرح من الخزينهخزنة شؤن الطلاب', 1, 'مبلغ الايصال طرح من الخزينهخزنة شؤن الطلاب', 1, 'fa fa-money', '2020-10-11 11:43:59', '2020-10-11 11:44:54'),
(301, 'الطالب كريستينا عاطف مرقص رد رسوم بقيمة 100 فى الخزينه', 1, 'الطالب كريستينا عاطف مرقص رد رسوم بقيمة 100 فى الخزينه', 1, 'fa fa-money', '2020-10-11 11:49:15', '2020-10-11 11:51:30'),
(302, 'ملف تقديم جديد', 1, 'ملف تقديم جديداحمد عبدالعظيم حسن شعبان', 1, 'fa fa-file-o', '2020-10-12 10:51:09', '2020-10-12 10:51:15'),
(303, 'ملف تقديم جديد', 1, 'ملف تقديم جديدبطه سيد حشمت السيد', 1, 'fa fa-file-o', '2020-10-12 10:54:10', '2020-10-12 10:54:17'),
(304, 'طالب جديد', 1, 'طالب جديدطراف محمد جواد يونس', 1, 'fa fa-user', '2020-10-12 10:59:21', '2020-10-12 10:59:35'),
(305, 'تغير الترجمه', 1, 'تغير الترجمه', 1, 'fa fa-language', '2020-10-12 11:04:24', '2020-10-12 11:08:58'),
(306, 'تغير الترجمه', 1, 'تغير الترجمه', 1, 'fa fa-language', '2020-10-12 11:07:07', '2020-10-12 11:08:58'),
(307, 'اضافة خدمه الاشتراك فى الاتوبيس ترم اول', 1, 'اضافة خدمه الاشتراك فى الاتوبيس ترم اول', 1, 'fa fa-trophy', '2020-10-12 11:35:41', '2020-10-12 11:35:46'),
(308, 'الطالب احمد عبدالعظيم حسن شعبان دفع 200 فى الخزينه ', 1, 'الطالب احمد عبدالعظيم حسن شعبان دفع 200 فى الخزينه ', 1, 'fa fa-money', '2020-10-12 11:40:06', '2020-10-12 11:40:11'),
(309, 'الطالب احمد عبدالعظيم حسن شعبان دفع 50 فى الخزينه ', 1, 'الطالب احمد عبدالعظيم حسن شعبان دفع 50 فى الخزينه ', 1, 'fa fa-money', '2020-10-12 12:05:57', '2020-10-12 12:06:07'),
(310, 'تعديل الخدمه افاده', 1, 'تعديل الخدمه افاده', 1, 'fa fa-trophy', '2020-10-12 12:30:19', '2020-10-12 12:30:36'),
(311, 'تعديل الخدمه افاده', 1, 'تعديل الخدمه افاده', 1, 'fa fa-trophy', '2020-10-12 12:31:51', '2020-10-12 12:32:18'),
(312, 'تغير الترجمه', 1, 'تغير الترجمه', 1, 'fa fa-language', '2020-10-12 12:33:08', '2020-10-12 12:33:54'),
(313, 'تعديل الخدمهافاده', 1, 'تعديل الخدمهافاده', 1, 'fa fa-trophy', '2020-10-12 12:35:33', '2020-10-12 12:35:38'),
(314, 'الطالب احمد عبدالعظيم حسن شعبان دفع 0 فى الخزينه', 1, 'الطالب احمد عبدالعظيم حسن شعبان دفع 0 فى الخزينه', 1, 'fa fa-money', '2020-10-12 12:43:28', '2020-10-12 12:43:31'),
(315, 'تقسيط رسوم الطالباحمد عبدالعظيم حسن شعبان', 1, 'تقسيط رسوم الطالباحمد عبدالعظيم حسن شعبان', 1, 'fa fa-calendar', '2020-10-12 12:44:47', '2020-10-12 12:44:52'),
(316, 'الطالب احمد عبدالعظيم حسن شعبان دفع 815 فى الخزينه', 1, 'الطالب احمد عبدالعظيم حسن شعبان دفع 815 فى الخزينه', 1, 'fa fa-money', '2020-10-12 12:44:59', '2020-10-12 12:45:02'),
(317, 'الطالب بطه سيد حشمت السيد دفع 110 فى الخزينه', 1, 'الطالب بطه سيد حشمت السيد دفع 110 فى الخزينه', 1, 'fa fa-money', '2020-10-12 12:50:44', '2020-10-12 12:50:49'),
(318, 'الطالب بطه سيد حشمت السيد دفع 0 فى الخزينه', 1, 'الطالب بطه سيد حشمت السيد دفع 0 فى الخزينه', 1, 'fa fa-money', '2020-10-12 12:51:18', '2020-10-12 12:51:23'),
(319, 'الطالب بطه سيد حشمت السيد دفع 2385 فى الخزينه', 1, 'الطالب بطه سيد حشمت السيد دفع 2385 فى الخزينه', 1, 'fa fa-money', '2020-10-12 12:51:31', '2020-10-12 12:51:36'),
(320, 'تقسيط رسوم الطالبطراف محمد جواد يونس', 1, 'تقسيط رسوم الطالبطراف محمد جواد يونس', 1, 'fa fa-calendar', '2020-10-12 13:31:07', '2020-10-12 13:31:18'),
(321, 'الطالب طراف محمد جواد يونس دفع 5000 فى الخزينه', 1, 'الطالب طراف محمد جواد يونس دفع 5000 فى الخزينه', 1, 'fa fa-money', '2020-10-12 13:31:15', '2020-10-12 13:31:18'),
(322, 'تقسيط رسوم الطالبطراف محمد جواد يونس', 1, 'تقسيط رسوم الطالبطراف محمد جواد يونس', 1, 'fa fa-calendar', '2020-10-12 13:40:41', '2020-10-12 13:40:46'),
(323, 'الطالب طراف محمد جواد يونس دفع 1000 فى الخزينه', 1, 'الطالب طراف محمد جواد يونس دفع 1000 فى الخزينه', 1, 'fa fa-money', '2020-10-12 13:40:48', '2020-10-12 13:40:52'),
(324, 'الطالب طراف محمد جواد يونس دفع 2385 فى الخزينه', 1, 'الطالب طراف محمد جواد يونس دفع 2385 فى الخزينه', 1, 'fa fa-money', '2020-10-12 13:40:56', '2020-10-12 13:40:59'),
(325, 'الطالب طراف محمد جواد يونس دفع 100 فى الخزينه', 1, 'الطالب طراف محمد جواد يونس دفع 100 فى الخزينه', 1, 'fa fa-money', '2020-10-12 13:41:38', '2020-10-12 13:41:44'),
(326, 'الطالب طراف محمد جواد يونس رد رسوم بقيمة 50 فى الخزينه', 1, 'الطالب طراف محمد جواد يونس رد رسوم بقيمة 50 فى الخزينه', 1, 'fa fa-money', '2020-10-12 13:44:59', '2020-10-12 13:45:02'),
(327, 'تعديل صروف سنه دراسيه', 1, 'تعديل صروف سنه دراسيه', 1, 'fa fa-money', '2020-10-12 14:24:08', '2020-10-12 14:24:13'),
(328, 'الطالب احمد عبدالعظيم حسن شعبان دفع 50 فى الخزينه', 1, 'الطالب احمد عبدالعظيم حسن شعبان دفع 50 فى الخزينه', 1, 'fa fa-money', '2020-10-13 04:33:35', '2020-10-13 04:34:30'),
(329, 'الطالب احمد عبدالعظيم حسن شعبان دفع 50 فى الخزينه', 1, 'الطالب احمد عبدالعظيم حسن شعبان دفع 50 فى الخزينه', 1, 'fa fa-money', '2020-10-13 04:35:11', '2020-10-13 04:53:35'),
(330, 'الطالب احمد عبدالعظيم حسن شعبان دفع 50 فى الخزينه', 1, 'الطالب احمد عبدالعظيم حسن شعبان دفع 50 فى الخزينه', 1, 'fa fa-money', '2020-10-13 04:54:51', '2020-10-13 04:55:25'),
(331, 'الطالب احمد عبدالعظيم حسن شعبان دفع 50 فى الخزينه', 1, 'الطالب احمد عبدالعظيم حسن شعبان دفع 50 فى الخزينه', 1, 'fa fa-money', '2020-10-13 04:55:49', '2020-10-13 05:00:29'),
(332, 'تعديل صروف سنه دراسيه', 1, 'تعديل صروف سنه دراسيه', 1, 'fa fa-money', '2020-10-13 06:22:45', '2020-10-13 07:29:46'),
(333, 'حذف مصروف دراسىمصاريف ترم ثانى', 1, 'حذف مصروف دراسىمصاريف ترم ثانى', 1, 'fa fa-money', '2020-10-13 06:22:51', '2020-10-13 07:29:46'),
(334, 'تعديل صروف سنه دراسيه', 1, 'تعديل صروف سنه دراسيه', 1, 'fa fa-money', '2020-10-13 06:23:49', '2020-10-13 07:29:46'),
(335, 'تعديل صروف سنه دراسيه', 1, 'تعديل صروف سنه دراسيه', 1, 'fa fa-money', '2020-10-13 06:23:57', '2020-10-13 07:29:46'),
(336, 'تعديل صروف سنه دراسيه', 1, 'تعديل صروف سنه دراسيه', 1, 'fa fa-money', '2020-10-13 06:24:51', '2020-10-13 07:29:46'),
(337, 'حذف مصروف دراسىمصاريف ترم تانى', 1, 'حذف مصروف دراسىمصاريف ترم تانى', 1, 'fa fa-money', '2020-10-13 06:25:00', '2020-10-13 07:29:46'),
(338, 'تعديل صروف سنه دراسيه', 1, 'تعديل صروف سنه دراسيه', 1, 'fa fa-money', '2020-10-13 06:25:52', '2020-10-13 07:29:46'),
(339, 'طالب جديد', 1, 'طالب جديدمحمود محمد لبيب عبدالناصر', 1, 'fa fa-user', '2020-10-13 06:28:49', '2020-10-13 07:29:46'),
(340, 'طالب جديد', 1, 'طالب جديدبلال حمزه حسين جوده', 1, 'fa fa-user', '2020-10-13 06:30:11', '2020-10-13 07:29:46'),
(341, 'ملف تقديم جديد', 1, 'ملف تقديم جديداحمد حمدى ابراهيم عبدالسلام', 1, 'fa fa-file-o', '2020-10-13 06:31:08', '2020-10-13 07:29:46'),
(342, 'ملف تقديم جديد', 1, 'ملف تقديم جديداحمد اشرف محمد عبد اللطيف', 1, 'fa fa-file-o', '2020-10-13 06:33:30', '2020-10-13 07:29:46'),
(343, 'تعديل ملف تقديم', 1, 'تعديل ملف تقديماحمد حمدى ابراهيم عبدالسلام', 1, 'fa fa-file-o', '2020-10-13 06:33:49', '2020-10-13 07:29:46'),
(344, 'طالب جديد', 1, 'طالب جديدبلال حمزه حسين جوده', 1, 'fa fa-user', '2020-10-13 06:34:15', '2020-10-13 07:29:46'),
(345, 'طالب جديد', 1, 'طالب جديدمحمود محمد لبيب عبدالناصر', 1, 'fa fa-user', '2020-10-13 06:34:38', '2020-10-13 07:29:46'),
(346, 'تغير الترجمه', 1, 'تغير الترجمه', 1, 'fa fa-language', '2020-10-13 06:37:25', '2020-10-13 07:29:46'),
(347, 'تغير الترجمه', 1, 'تغير الترجمه', 1, 'fa fa-language', '2020-10-13 06:38:20', '2020-10-13 07:29:46'),
(348, 'الطالب احمد حمدى ابراهيم عبدالسلام دفع 100 فى الخزينه', 1, 'الطالب احمد حمدى ابراهيم عبدالسلام دفع 100 فى الخزينه', 1, 'fa fa-money', '2020-10-13 06:46:50', '2020-10-13 07:29:46'),
(349, 'تعديل الخدمهالاشتراك فى الاتوبيس ترم اول', 1, 'تعديل الخدمهالاشتراك فى الاتوبيس ترم اول', 1, 'fa fa-trophy', '2020-10-13 06:53:06', '2020-10-13 07:29:46'),
(350, 'تعديل الخدمهالاشتراك فى الاتوبيس ترم اول', 1, 'تعديل الخدمهالاشتراك فى الاتوبيس ترم اول', 1, 'fa fa-trophy', '2020-10-13 06:55:38', '2020-10-13 07:29:46'),
(351, 'الطالب احمد حمدى ابراهيم عبدالسلام دفع 100 فى الخزينه', 1, 'الطالب احمد حمدى ابراهيم عبدالسلام دفع 100 فى الخزينه', 1, 'fa fa-money', '2020-10-13 06:58:18', '2020-10-13 07:29:46'),
(352, 'الطالب احمد اشرف محمد عبد اللطيف دفع 200 فى الخزينه', 1, 'الطالب احمد اشرف محمد عبد اللطيف دفع 200 فى الخزينه', 1, 'fa fa-money', '2020-10-13 07:02:02', '2020-10-13 07:29:46'),
(353, 'الطالب احمد اشرف محمد عبد اللطيف دفع 200 فى الخزينه', 1, 'الطالب احمد اشرف محمد عبد اللطيف دفع 200 فى الخزينه', 1, 'fa fa-money', '2020-10-13 07:03:19', '2020-10-13 07:29:46'),
(354, 'الطالب احمد اشرف محمد عبد اللطيف دفع 100 فى الخزينه', 1, 'الطالب احمد اشرف محمد عبد اللطيف دفع 100 فى الخزينه', 1, 'fa fa-money', '2020-10-13 07:08:04', '2020-10-13 07:29:46');
INSERT INTO `notification` (`id`, `title`, `user_id`, `body`, `seen`, `icon`, `created_at`, `updated_at`) VALUES
(355, 'الطالب احمد حمدى ابراهيم عبدالسلام دفع 1685 فى الخزينه', 1, 'الطالب احمد حمدى ابراهيم عبدالسلام دفع 1685 فى الخزينه', 1, 'fa fa-money', '2020-10-13 07:18:17', '2020-10-13 07:29:46'),
(356, 'تغير الترجمه', 1, 'تغير الترجمه', 1, 'fa fa-language', '2020-10-14 04:43:09', '2020-10-14 04:44:46'),
(357, 'تغير الترجمه', 1, 'تغير الترجمه', 1, 'fa fa-language', '2020-10-14 04:48:33', '2020-10-14 04:50:00'),
(358, 'تغير الترجمه', 1, 'تغير الترجمه', 1, 'fa fa-language', '2020-10-14 04:50:45', '2020-10-14 04:54:26'),
(359, 'تعديل الخدمهالاشتراك فى الاتوبيس ترم اول', 1, 'تعديل الخدمهالاشتراك فى الاتوبيس ترم اول', 1, 'fa fa-trophy', '2020-10-14 04:51:57', '2020-10-14 04:54:26'),
(360, 'تعديل الخدمهالاشتراك فى الاتوبيس ترم اول', 1, 'تعديل الخدمهالاشتراك فى الاتوبيس ترم اول', 1, 'fa fa-trophy', '2020-10-14 04:52:24', '2020-10-14 04:54:26'),
(361, 'تعديل الخدمهالاشتراك فى الاتوبيس ترم اول', 1, 'تعديل الخدمهالاشتراك فى الاتوبيس ترم اول', 1, 'fa fa-trophy', '2020-10-14 04:55:07', '2020-10-14 04:55:31'),
(362, 'تعديل الخدمهالاشتراك فى الاتوبيس ترم اول', 1, 'تعديل الخدمهالاشتراك فى الاتوبيس ترم اول', 1, 'fa fa-trophy', '2020-10-14 04:55:43', '2020-10-14 04:57:03'),
(363, 'تعديل الخدمهالاشتراك فى الاتوبيس ترم اول', 1, 'تعديل الخدمهالاشتراك فى الاتوبيس ترم اول', 1, 'fa fa-trophy', '2020-10-14 04:55:47', '2020-10-14 04:57:03'),
(364, 'تعديل الخدمهكارنيه بدل فاقد 1', 1, 'تعديل الخدمهكارنيه بدل فاقد 1', 1, 'fa fa-trophy', '2020-10-14 05:05:08', '2020-10-14 05:07:06'),
(365, 'تعديل الخدمهافاده', 1, 'تعديل الخدمهافاده', 1, 'fa fa-trophy', '2020-10-14 05:05:23', '2020-10-14 05:07:06'),
(366, 'تعديل الخدمهالتماس اعادة رصد درجات', 1, 'تعديل الخدمهالتماس اعادة رصد درجات', 1, 'fa fa-trophy', '2020-10-14 05:05:27', '2020-10-14 05:07:06'),
(367, 'الطالب احمد عبدالعظيم حسن شعبان دفع 200 فى الخزينه', 1, 'الطالب احمد عبدالعظيم حسن شعبان دفع 200 فى الخزينه', 1, 'fa fa-money', '2020-10-14 05:18:06', '2020-10-14 05:25:28'),
(368, 'تعديل الخدمهكرنيه بدل فاقد', 1, 'تعديل الخدمهكرنيه بدل فاقد', 1, 'fa fa-trophy', '2020-10-14 05:22:33', '2020-10-14 05:25:28'),
(369, 'تعديل الخدمهكرنيه بدل فاقد', 1, 'تعديل الخدمهكرنيه بدل فاقد', 1, 'fa fa-trophy', '2020-10-14 05:22:33', '2020-10-14 05:25:28'),
(370, 'تعديل الخدمهكرنيه بدل فاقد', 1, 'تعديل الخدمهكرنيه بدل فاقد', 1, 'fa fa-trophy', '2020-10-14 05:22:33', '2020-10-14 05:25:28'),
(371, 'تعديل الخدمهكرنيه بدل فاقد', 1, 'تعديل الخدمهكرنيه بدل فاقد', 1, 'fa fa-trophy', '2020-10-14 05:22:34', '2020-10-14 05:25:28'),
(372, 'تغير الترجمه', 1, 'تغير الترجمه', 1, 'fa fa-language', '2020-11-10 08:47:27', '2020-11-10 08:55:27'),
(373, 'تغير الترجمه', 1, 'تغير الترجمه', 1, 'fa fa-language', '2020-11-10 08:54:47', '2020-11-10 08:55:27'),
(374, 'create new course category علوم حاسب', 1, 'create new course category علوم حاسب', 1, 'fa fa-cubes', '2020-11-10 08:56:43', '2020-11-10 09:22:00'),
(375, 'create new degree map امتياز', 1, 'create new degree map امتياز', 1, 'fa fa-th-list', '2020-11-10 08:57:11', '2020-11-10 09:22:00'),
(376, 'create new course Operating System', 1, 'create new course Operating System', 1, 'fa fa-book', '2020-11-10 09:03:27', '2020-11-10 09:22:00'),
(377, 'create new course category Mathematics', 1, 'create new course category Mathematics', 1, 'fa fa-cubes', '2020-11-10 09:04:08', '2020-11-10 09:22:00'),
(378, 'create new course Math I', 1, 'create new course Math I', 1, 'fa fa-book', '2020-11-10 09:13:29', '2020-11-10 09:22:00'),
(379, 'update course Operating System', 1, 'update course Operating System', 1, 'fa fa-book', '2020-11-10 09:19:11', '2020-11-10 09:22:00'),
(380, 'تغير الترجمه', 1, 'تغير الترجمه', 1, 'fa fa-language', '2020-11-10 09:36:46', '2020-11-10 09:39:09'),
(381, 'تغير الترجمه', 1, 'تغير الترجمه', 1, 'fa fa-language', '2020-11-10 09:39:36', '2020-11-10 09:57:25'),
(382, 'تغير الترجمه', 1, 'تغير الترجمه', 1, 'fa fa-language', '2020-11-10 09:40:29', '2020-11-10 09:57:25'),
(383, 'add discount_type تفوق رياضى', 1, 'add discount_type تفوق رياضى', 1, 'fa fa-percent', '2020-11-10 10:01:35', '2020-11-10 10:34:11'),
(384, 'open courses ', 1, 'open courses ', 1, 'fa fa-book', '2020-11-10 10:45:46', '2020-11-10 10:58:57'),
(385, 'open courses ', 1, 'open courses ', 1, 'fa fa-book', '2020-11-10 10:45:54', '2020-11-10 10:58:57'),
(386, 'انشاء مقرر جديدMath II', 1, 'انشاء مقرر جديدMath II', 1, 'fa fa-book', '2020-11-10 11:02:46', '2020-11-11 07:23:17'),
(387, 'انشاء مقرر جديدMATH III', 1, 'انشاء مقرر جديدMATH III', 1, 'fa fa-book', '2020-11-10 11:05:52', '2020-11-11 07:23:17'),
(388, 'انشاء مقرر جديدIntroduction ot Computer Science', 1, 'انشاء مقرر جديدIntroduction ot Computer Science', 1, 'fa fa-book', '2020-11-10 11:07:10', '2020-11-11 07:23:17'),
(389, 'انشاء مقرر جديدC++ Basics', 1, 'انشاء مقرر جديدC++ Basics', 1, 'fa fa-book', '2020-11-10 11:08:20', '2020-11-11 07:23:17'),
(390, 'انشاء مقرر جديدObject Oriented Programming', 1, 'انشاء مقرر جديدObject Oriented Programming', 1, 'fa fa-book', '2020-11-10 11:09:05', '2020-11-11 07:23:17'),
(391, 'change academic settings ', 1, 'change academic settings ', 1, 'fa fa-cogs', '2020-11-10 11:13:24', '2020-11-11 07:23:17'),
(392, 'open courses ', 1, 'open courses ', 1, 'fa fa-book', '2020-11-10 11:15:09', '2020-11-11 07:23:17'),
(393, 'open courses ', 1, 'open courses ', 1, 'fa fa-book', '2020-11-10 11:25:09', '2020-11-11 07:23:17'),
(394, 'change academic settings ', 1, 'change academic settings ', 1, 'fa fa-cogs', '2020-11-11 04:36:14', '2020-11-11 07:23:17'),
(395, 'تعديل مقررMath II', 1, 'تعديل مقررMath II', 1, 'fa fa-book', '2020-11-11 04:51:55', '2020-11-11 07:23:17'),
(396, 'تعديل مقررMATH III', 1, 'تعديل مقررMATH III', 1, 'fa fa-book', '2020-11-11 04:52:05', '2020-11-11 07:23:17'),
(397, 'تعديل مقررObject Oriented Programming', 1, 'تعديل مقررObject Oriented Programming', 1, 'fa fa-book', '2020-11-11 04:52:16', '2020-11-11 07:23:17'),
(398, 'change academic settings ', 1, 'change academic settings ', 1, 'fa fa-cogs', '2020-11-11 04:59:18', '2020-11-11 07:23:17'),
(399, 'change academic settings ', 1, 'change academic settings ', 1, 'fa fa-cogs', '2020-11-11 04:59:36', '2020-11-11 07:23:17'),
(400, 'open courses ', 1, 'open courses ', 1, 'fa fa-book', '2020-11-11 05:00:39', '2020-11-11 07:23:17'),
(401, 'open courses ', 1, 'open courses ', 1, 'fa fa-book', '2020-11-11 05:00:58', '2020-11-11 07:23:17'),
(402, 'open courses ', 1, 'open courses ', 1, 'fa fa-book', '2020-11-11 05:01:35', '2020-11-11 07:23:17'),
(403, 'open courses ', 1, 'open courses ', 1, 'fa fa-book', '2020-11-11 05:01:51', '2020-11-11 07:23:17'),
(404, 'انشاء تقدير جديدممتاز', 1, 'انشاء تقدير جديدممتاز', 1, 'fa fa-th-list', '2020-11-11 07:44:05', '2020-11-11 08:17:38'),
(405, 'انشاء تقدير جديدممتاز', 1, 'انشاء تقدير جديدممتاز', 1, 'fa fa-th-list', '2020-11-11 07:46:40', '2020-11-11 08:17:38'),
(406, 'update degree map ممتاز', 1, 'update degree map ممتاز', 1, 'fa fa-th-list', '2020-11-11 07:47:43', '2020-11-11 08:17:38'),
(407, 'update degree map ممتاز', 1, 'update degree map ممتاز', 1, 'fa fa-th-list', '2020-11-11 07:48:31', '2020-11-11 08:17:38'),
(408, 'update degree map ممتاز', 1, 'update degree map ممتاز', 1, 'fa fa-th-list', '2020-11-11 07:49:16', '2020-11-11 08:17:38'),
(409, 'انشاء تقدير جديدممتاز', 1, 'انشاء تقدير جديدممتاز', 1, 'fa fa-th-list', '2020-11-11 07:49:51', '2020-11-11 08:17:38'),
(410, 'انشاء تقدير جديدجيد جدا', 1, 'انشاء تقدير جديدجيد جدا', 1, 'fa fa-th-list', '2020-11-11 07:50:52', '2020-11-11 08:17:38'),
(411, 'انشاء تقدير جديدجيد جدا', 1, 'انشاء تقدير جديدجيد جدا', 1, 'fa fa-th-list', '2020-11-11 07:51:36', '2020-11-11 08:17:38'),
(412, 'انشاء تقدير جديدجيد', 1, 'انشاء تقدير جديدجيد', 1, 'fa fa-th-list', '2020-11-11 07:52:30', '2020-11-11 08:17:38'),
(413, 'انشاء تقدير جديدجيد', 1, 'انشاء تقدير جديدجيد', 1, 'fa fa-th-list', '2020-11-11 07:53:03', '2020-11-11 08:17:38'),
(414, 'انشاء تقدير جديدمقبول', 1, 'انشاء تقدير جديدمقبول', 1, 'fa fa-th-list', '2020-11-11 07:53:37', '2020-11-11 08:17:38'),
(415, 'انشاء تقدير جديدراسب', 1, 'انشاء تقدير جديدراسب', 1, 'fa fa-th-list', '2020-11-11 07:54:27', '2020-11-11 08:17:38'),
(416, 'انشاء تقدير جديدراسب', 1, 'انشاء تقدير جديدراسب', 1, 'fa fa-th-list', '2020-11-11 07:55:20', '2020-11-11 08:17:38'),
(417, 'انشاء نوع مقررمقررات عامة', 1, 'انشاء نوع مقررمقررات عامة', 1, 'fa fa-cubes', '2020-11-11 07:59:59', '2020-11-11 08:17:38'),
(418, 'انشاء مقرر جديدالاقتصاد الجزئى', 1, 'انشاء مقرر جديدالاقتصاد الجزئى', 1, 'fa fa-book', '2020-11-11 08:19:55', '2020-11-11 09:19:39'),
(419, 'انشاء نوع مقررمحاسبة', 1, 'انشاء نوع مقررمحاسبة', 1, 'fa fa-cubes', '2020-11-11 08:24:36', '2020-11-11 09:19:39'),
(420, 'انشاء مقرر جديدالحاسب الالى ونظم التشغيل (1)', 1, 'انشاء مقرر جديدالحاسب الالى ونظم التشغيل (1)', 1, 'fa fa-book', '2020-11-11 08:26:02', '2020-11-11 09:19:39'),
(421, 'انشاء مقرر جديدرياضيات الأعمال (1)', 1, 'انشاء مقرر جديدرياضيات الأعمال (1)', 1, 'fa fa-book', '2020-11-11 08:27:25', '2020-11-11 09:19:39'),
(422, 'انشاء مقرر جديدلغة انجليزية (1)', 1, 'انشاء مقرر جديدلغة انجليزية (1)', 1, 'fa fa-book', '2020-11-11 08:29:35', '2020-11-11 09:19:39'),
(423, 'انشاء مقرر جديدمبادئ الإدارة', 1, 'انشاء مقرر جديدمبادئ الإدارة', 1, 'fa fa-book', '2020-11-11 08:30:35', '2020-11-11 09:19:39'),
(424, 'انشاء مقرر جديدمبادئ القانون', 1, 'انشاء مقرر جديدمبادئ القانون', 1, 'fa fa-book', '2020-11-11 08:31:39', '2020-11-11 09:19:39'),
(425, 'انشاء مقرر جديدمبادئ المحاسبة (1)', 1, 'انشاء مقرر جديدمبادئ المحاسبة (1)', 1, 'fa fa-book', '2020-11-11 08:32:31', '2020-11-11 09:19:39'),
(426, 'انشاء مقرر جديدالتفكير المنطقى ومناهج البحث العلمى', 1, 'انشاء مقرر جديدالتفكير المنطقى ومناهج البحث العلمى', 1, 'fa fa-book', '2020-11-11 08:33:44', '2020-11-11 09:19:39'),
(427, 'انشاء مقرر جديدقانون الائتمان والمصارف', 1, 'انشاء مقرر جديدقانون الائتمان والمصارف', 1, 'fa fa-book', '2020-11-11 08:35:33', '2020-11-11 09:19:39'),
(428, 'انشاء مقرر جديدالاتصالات والتفاوض', 1, 'انشاء مقرر جديدالاتصالات والتفاوض', 1, 'fa fa-book', '2020-11-11 08:36:59', '2020-11-11 09:19:39'),
(429, 'انشاء مقرر جديددراسة متخصصه بلغه', 1, 'انشاء مقرر جديددراسة متخصصه بلغه', 1, 'fa fa-book', '2020-11-11 08:40:58', '2020-11-11 09:19:39'),
(430, 'انشاء مقرر جديدحقوق الانسان والسكان', 1, 'انشاء مقرر جديدحقوق الانسان والسكان', 1, 'fa fa-book', '2020-11-11 09:05:43', '2020-11-11 09:19:39'),
(431, 'انشاء مقرر جديدالاقتصاد الكلى', 1, 'انشاء مقرر جديدالاقتصاد الكلى', 1, 'fa fa-book', '2020-11-11 09:11:26', '2020-11-11 09:19:39'),
(432, 'تعديل مقررمبادئ المحاسبة (1)', 1, 'تعديل مقررمبادئ المحاسبة (1)', 1, 'fa fa-book', '2020-11-11 09:17:27', '2020-11-11 09:19:39'),
(433, 'تعديل مقرررياضيات الأعمال (1)', 1, 'تعديل مقرررياضيات الأعمال (1)', 1, 'fa fa-book', '2020-11-11 09:18:30', '2020-11-11 09:19:39'),
(434, 'تعديل مقررلغة انجليزية (1)', 1, 'تعديل مقررلغة انجليزية (1)', 1, 'fa fa-book', '2020-11-11 09:18:37', '2020-11-11 09:19:39'),
(435, 'تعديل مقررالاقتصاد الجزئى', 1, 'تعديل مقررالاقتصاد الجزئى', 1, 'fa fa-book', '2020-11-11 09:18:49', '2020-11-11 09:19:39'),
(436, 'تعديل مقررالاقتصاد الجزئى', 1, 'تعديل مقررالاقتصاد الجزئى', 1, 'fa fa-book', '2020-11-11 09:19:56', '2020-11-11 09:28:42'),
(437, 'تعديل مقررالاقتصاد الكلى', 1, 'تعديل مقررالاقتصاد الكلى', 1, 'fa fa-book', '2020-11-11 09:20:12', '2020-11-11 09:28:42'),
(438, 'انشاء مقرر جديدلغة انجليزية (2)', 1, 'انشاء مقرر جديدلغة انجليزية (2)', 1, 'fa fa-book', '2020-11-11 09:21:48', '2020-11-11 09:28:42'),
(439, 'انشاء مقرر جديدلغة انجليزية (2)', 1, 'انشاء مقرر جديدلغة انجليزية (2)', 1, 'fa fa-book', '2020-11-11 09:23:39', '2020-11-11 09:28:42'),
(440, 'انشاء مقرر جديدلغة انجليزية (2)', 1, 'انشاء مقرر جديدلغة انجليزية (2)', 1, 'fa fa-book', '2020-11-11 09:27:45', '2020-11-11 09:28:42'),
(441, 'remove course لغة انجليزية (2)', 1, 'remove course لغة انجليزية (2)', 1, 'fa fa-book', '2020-11-11 09:27:52', '2020-11-11 09:28:42'),
(442, 'remove course لغة انجليزية (2)', 1, 'remove course لغة انجليزية (2)', 1, 'fa fa-book', '2020-11-11 09:27:55', '2020-11-11 09:28:42'),
(443, 'انشاء مقرر جديدمبادئ السلوك التنظيمى', 1, 'انشاء مقرر جديدمبادئ السلوك التنظيمى', 1, 'fa fa-book', '2020-11-11 09:32:23', '2020-11-11 09:33:41'),
(444, 'انشاء مقرر جديدمبادئ المحاسبة (2)', 1, 'انشاء مقرر جديدمبادئ المحاسبة (2)', 1, 'fa fa-book', '2020-11-11 09:33:50', '2020-11-11 09:34:38'),
(445, 'انشاء مقرر جديدنظم معلومات ادارية', 1, 'انشاء مقرر جديدنظم معلومات ادارية', 1, 'fa fa-book', '2020-11-11 09:35:26', '2020-11-11 09:39:43'),
(446, 'انشاء مقرر جديدادارة الموارد البشرية', 1, 'انشاء مقرر جديدادارة الموارد البشرية', 1, 'fa fa-book', '2020-11-11 09:36:53', '2020-11-11 09:39:43'),
(447, 'انشاء مقرر جديدالتمويل الادراى', 1, 'انشاء مقرر جديدالتمويل الادراى', 1, 'fa fa-book', '2020-11-11 09:38:22', '2020-11-11 09:39:43'),
(448, 'تغير الترجمه', 1, 'تغير الترجمه', 1, 'fa fa-language', '2020-11-11 09:40:35', '2020-11-11 09:42:40'),
(449, 'تغير الترجمه', 1, 'تغير الترجمه', 1, 'fa fa-language', '2020-11-11 09:42:20', '2020-11-11 09:42:40'),
(450, 'انشاء مقرر جديدبحوث العمليات', 1, 'انشاء مقرر جديدبحوث العمليات', 1, 'fa fa-book', '2020-11-11 09:47:48', '2020-11-11 09:49:51'),
(451, 'انشاء مقرر جديدمحاسبه متوسطه (2)', 1, 'انشاء مقرر جديدمحاسبه متوسطه (2)', 1, 'fa fa-book', '2020-11-11 09:49:53', '2020-11-11 10:02:10'),
(452, 'انشاء مقرر جديدنقود وبنوك', 1, 'انشاء مقرر جديدنقود وبنوك', 1, 'fa fa-book', '2020-11-11 09:51:12', '2020-11-11 10:02:10'),
(453, 'انشاء مقرر جديداساسيات التجارة الالكترونية', 1, 'انشاء مقرر جديداساسيات التجارة الالكترونية', 1, 'fa fa-book', '2020-11-11 09:52:55', '2020-11-11 10:02:10'),
(454, 'انشاء مقرر جديدتسويق الخدمات التأمينية', 1, 'انشاء مقرر جديدتسويق الخدمات التأمينية', 1, 'fa fa-book', '2020-11-11 09:54:02', '2020-11-11 10:02:10'),
(455, 'انشاء مقرر جديدتطبيقات الانترنت والوسائط المتعددة', 1, 'انشاء مقرر جديدتطبيقات الانترنت والوسائط المتعددة', 1, 'fa fa-book', '2020-11-11 09:55:07', '2020-11-11 10:02:10'),
(456, 'انشاء مقرر جديدتصميم مواقع الويب', 1, 'انشاء مقرر جديدتصميم مواقع الويب', 1, 'fa fa-book', '2020-11-11 09:56:22', '2020-11-11 10:02:10'),
(457, 'انشاء مقرر جديدمشروع التخرج', 1, 'انشاء مقرر جديدمشروع التخرج', 1, 'fa fa-book', '2020-11-11 09:58:32', '2020-11-11 10:02:10'),
(458, 'انشاء مقرر جديداقتصاديات المصارف', 1, 'انشاء مقرر جديداقتصاديات المصارف', 1, 'fa fa-book', '2020-11-11 09:59:56', '2020-11-11 10:02:10'),
(459, 'انشاء مقرر جديدالتحليل المحاسبى للقوائم المالية', 1, 'انشاء مقرر جديدالتحليل المحاسبى للقوائم المالية', 1, 'fa fa-book', '2020-11-11 10:02:16', '2020-11-11 10:02:36'),
(460, 'انشاء مقرر جديدالمراجعة', 1, 'انشاء مقرر جديدالمراجعة', 1, 'fa fa-book', '2020-11-11 10:03:34', '2020-11-11 10:04:18'),
(461, 'انشاء مقرر جديدمحاسبة إدارية', 1, 'انشاء مقرر جديدمحاسبة إدارية', 1, 'fa fa-book', '2020-11-11 10:05:42', '2020-11-11 10:06:06'),
(462, 'انشاء مقرر جديدمحاسبة المنشآت المالية', 1, 'انشاء مقرر جديدمحاسبة المنشآت المالية', 1, 'fa fa-book', '2020-11-11 10:07:02', '2020-11-11 10:10:06'),
(463, 'انشاء مقرر جديدمعايير المحاسبة المصرية', 1, 'انشاء مقرر جديدمعايير المحاسبة المصرية', 1, 'fa fa-book', '2020-11-11 10:08:19', '2020-11-11 10:10:06'),
(464, 'انشاء مقرر جديدإدارة المواد والامداد', 1, 'انشاء مقرر جديدإدارة المواد والامداد', 1, 'fa fa-book', '2020-11-11 10:10:32', '2020-11-11 10:13:24'),
(465, 'انشاء مقرر جديدالسيولة الدولية ونظام النقد الدولى', 1, 'انشاء مقرر جديدالسيولة الدولية ونظام النقد الدولى', 1, 'fa fa-book', '2020-11-11 10:11:48', '2020-11-11 10:13:24'),
(466, 'انشاء مقرر جديدمحاسبة التكاليف', 1, 'انشاء مقرر جديدمحاسبة التكاليف', 1, 'fa fa-book', '2020-11-11 10:13:53', '2020-11-11 10:16:05'),
(467, 'انشاء مقرر جديدالتسويق الالكترونى', 1, 'انشاء مقرر جديدالتسويق الالكترونى', 1, 'fa fa-book', '2020-11-11 10:16:10', '2020-11-11 10:18:11'),
(468, 'انشاء مقرر جديدالتسويق الدولى', 1, 'انشاء مقرر جديدالتسويق الدولى', 1, 'fa fa-book', '2020-11-11 10:17:27', '2020-11-11 10:18:11'),
(469, 'انشاء مقرر جديدبحوث التسويق', 1, 'انشاء مقرر جديدبحوث التسويق', 1, 'fa fa-book', '2020-11-11 10:18:46', '2020-11-11 10:19:10'),
(470, 'انشاء مقرر جديدتسويق الخدمات المصرفية', 1, 'انشاء مقرر جديدتسويق الخدمات المصرفية', 1, 'fa fa-book', '2020-11-11 10:20:00', '2020-11-11 10:20:33'),
(471, 'انشاء مقرر جديددراسة متقدمة فى التجارة الالكترونية', 1, 'انشاء مقرر جديددراسة متقدمة فى التجارة الالكترونية', 1, 'fa fa-book', '2020-11-11 10:21:06', '2020-11-11 10:22:05'),
(472, 'انشاء مقرر جديدمشروع التخرج', 1, 'انشاء مقرر جديدمشروع التخرج', 1, 'fa fa-book', '2020-11-11 10:21:56', '2020-11-11 10:22:05'),
(473, 'انشاء مقرر جديدالإدارة الاستراتيجية', 1, 'انشاء مقرر جديدالإدارة الاستراتيجية', 1, 'fa fa-book', '2020-11-11 10:23:06', '2020-11-11 10:27:17'),
(474, 'انشاء مقرر جديدنظم واداره قواعد البيانات', 1, 'انشاء مقرر جديدنظم واداره قواعد البيانات', 1, 'fa fa-book', '2020-11-11 10:24:25', '2020-11-11 10:27:17'),
(475, 'open courses ', 1, 'open courses ', 1, 'fa fa-book', '2020-11-11 10:24:29', '2020-11-11 10:27:17'),
(476, 'open courses ', 1, 'open courses ', 1, 'fa fa-book', '2020-11-11 10:24:39', '2020-11-11 10:27:17'),
(477, 'انشاء مقرر جديدادارة الاعمال المصرفية', 1, 'انشاء مقرر جديدادارة الاعمال المصرفية', 1, 'fa fa-book', '2020-11-11 10:25:33', '2020-11-11 10:27:17'),
(478, 'انشاء مقرر جديدالاسواق المالية والبورصات', 1, 'انشاء مقرر جديدالاسواق المالية والبورصات', 1, 'fa fa-book', '2020-11-11 10:55:15', '2020-11-11 10:55:47'),
(479, 'انشاء مقرر جديدالهندسة المالية', 1, 'انشاء مقرر جديدالهندسة المالية', 1, 'fa fa-book', '2020-11-11 10:56:16', '2020-11-11 10:56:44'),
(480, 'انشاء مقرر جديدتطبيقات الحاسب فى المنشأت المالية', 1, 'انشاء مقرر جديدتطبيقات الحاسب فى المنشأت المالية', 1, 'fa fa-book', '2020-11-11 10:57:03', '2020-11-11 11:07:35'),
(481, 'انشاء مقرر جديدرياضيات التأمين والخطر تمويل', 1, 'انشاء مقرر جديدرياضيات التأمين والخطر تمويل', 1, 'fa fa-book', '2020-11-11 10:57:59', '2020-11-11 11:07:35'),
(482, 'انشاء مقرر جديدالمراجعه والرقابة المصرفية', 1, 'انشاء مقرر جديدالمراجعه والرقابة المصرفية', 1, 'fa fa-book', '2020-11-11 10:58:52', '2020-11-11 11:07:35'),
(483, 'انشاء مقرر جديدنظم معلومات مصرفية', 1, 'انشاء مقرر جديدنظم معلومات مصرفية', 1, 'fa fa-book', '2020-11-11 11:00:08', '2020-11-11 11:07:35'),
(484, 'انشاء مقرر جديدالتنمية الاقتصادية', 1, 'انشاء مقرر جديدالتنمية الاقتصادية', 1, 'fa fa-book', '2020-11-11 11:01:10', '2020-11-11 11:07:35'),
(485, 'انشاء مقرر جديدالمحاسبة الإدارية (2)', 1, 'انشاء مقرر جديدالمحاسبة الإدارية (2)', 1, 'fa fa-book', '2020-11-11 11:02:21', '2020-11-11 11:07:35'),
(486, 'انشاء مقرر جديدسياسات التجارة الدولية', 1, 'انشاء مقرر جديدسياسات التجارة الدولية', 1, 'fa fa-book', '2020-11-11 11:03:29', '2020-11-11 11:07:35'),
(487, 'انشاء مقرر جديدمحاسبة دولية', 1, 'انشاء مقرر جديدمحاسبة دولية', 1, 'fa fa-book', '2020-11-11 11:05:25', '2020-11-11 11:07:35'),
(488, 'انشاء مقرر جديدمحاسبة ضريبية (2)', 1, 'انشاء مقرر جديدمحاسبة ضريبية (2)', 1, 'fa fa-book', '2020-11-11 11:06:23', '2020-11-11 11:07:35'),
(489, 'انشاء مقرر جديدمراجعه (مشاكل تطبيقية)', 1, 'انشاء مقرر جديدمراجعه (مشاكل تطبيقية)', 1, 'fa fa-book', '2020-11-11 11:07:36', '2020-11-11 11:07:36'),
(490, 'انشاء مقرر جديدنظم معلومات محاسبية', 1, 'انشاء مقرر جديدنظم معلومات محاسبية', 1, 'fa fa-book', '2020-11-11 11:08:19', '2020-11-11 11:10:50'),
(491, 'انشاء مقرر جديدالجودة الشاملة', 1, 'انشاء مقرر جديدالجودة الشاملة', 1, 'fa fa-book', '2020-11-11 11:09:36', '2020-11-11 11:10:50'),
(492, 'انشاء مقرر جديدنظم اتكاليف', 1, 'انشاء مقرر جديدنظم اتكاليف', 1, 'fa fa-book', '2020-11-11 11:10:51', '2020-11-11 11:10:52'),
(493, 'انشاء مقرر جديدبحوث العمليات فى المحاسبة', 1, 'انشاء مقرر جديدبحوث العمليات فى المحاسبة', 1, 'fa fa-book', '2020-11-11 11:12:51', '2020-11-11 11:14:28'),
(494, 'open courses ', 1, 'open courses ', 1, 'fa fa-book', '2020-11-11 11:33:01', '2020-11-11 11:35:48'),
(495, 'تغير الترجمه', 1, 'تغير الترجمه', 1, 'fa fa-language', '2020-11-14 06:17:47', '2020-11-14 06:18:54'),
(496, 'تغير الترجمه', 1, 'تغير الترجمه', 1, 'fa fa-language', '2020-11-14 06:18:27', '2020-11-14 06:18:54'),
(497, 'تغير الترجمه', 1, 'تغير الترجمه', 1, 'fa fa-language', '2020-11-14 06:19:05', '2020-11-14 06:20:50'),
(498, 'تغير الترجمه', 1, 'تغير الترجمه', 1, 'fa fa-language', '2020-11-14 06:19:24', '2020-11-14 06:20:50'),
(499, 'change academic settings ', 1, 'change academic settings ', 1, 'fa fa-cogs', '2020-11-14 06:54:53', '2020-11-14 06:59:07'),
(500, 'change academic settings ', 1, 'change academic settings ', 1, 'fa fa-cogs', '2020-11-14 06:59:46', '2020-11-14 07:09:19'),
(501, 'open courses ', 1, 'open courses ', 1, 'fa fa-book', '2020-11-14 08:11:54', '2020-11-14 08:18:01'),
(502, 'تغير الترجمه', 1, 'تغير الترجمه', 1, 'fa fa-language', '2020-11-14 10:25:05', '2020-11-14 10:29:03'),
(503, 'تغير الترجمه', 1, 'تغير الترجمه', 1, 'fa fa-language', '2020-11-14 10:26:12', '2020-11-14 10:29:03'),
(504, 'تغير الترجمه', 1, 'تغير الترجمه', 1, 'fa fa-language', '2020-11-14 10:29:39', '2020-11-14 10:31:28'),
(505, 'تغير الترجمه', 1, 'تغير الترجمه', 1, 'fa fa-language', '2020-11-14 10:30:05', '2020-11-14 10:31:28'),
(506, 'تعديل خزينة الرسوم السابقه', 1, 'تعديل خزينة الرسوم السابقه', 1, 'fa fa-cogs', '2020-11-14 10:43:23', '2020-11-14 10:54:32'),
(507, 'تغير الترجمه', 1, 'تغير الترجمه', 1, 'fa fa-language', '2020-11-14 11:47:46', '2020-11-14 11:48:16'),
(508, 'تغير الترجمه', 1, 'تغير الترجمه', 1, 'fa fa-language', '2020-11-14 11:48:04', '2020-11-14 11:48:16'),
(509, 'تغير الترجمه', 1, 'تغير الترجمه', 1, 'fa fa-language', '2020-11-14 12:06:22', '2020-11-14 12:10:44'),
(510, 'تغير الترجمه', 1, 'تغير الترجمه', 1, 'fa fa-language', '2020-11-14 12:18:42', '2020-11-14 12:19:57'),
(511, 'تغير الترجمه', 1, 'تغير الترجمه', 1, 'fa fa-language', '2020-11-14 12:22:33', '2020-11-14 12:23:55'),
(512, 'تغير الترجمه', 1, 'تغير الترجمه', 1, 'fa fa-language', '2020-11-14 12:36:27', '2020-11-14 12:37:25'),
(513, 'تغير الترجمه', 1, 'تغير الترجمه', 1, 'fa fa-language', '2020-11-14 12:37:00', '2020-11-14 12:37:25'),
(514, 'تغير الترجمه', 1, 'تغير الترجمه', 1, 'fa fa-language', '2020-11-14 12:38:06', '2020-11-14 12:38:26'),
(515, 'طالب جديد', 1, 'طالب جديداحمد اشرف محمد عبد اللطيف', 1, 'fa fa-user', '2020-11-14 12:42:25', '2020-11-14 12:56:37'),
(516, 'طالب جديد', 1, 'طالب جديداحمد حمدى ابراهيم عبدالسلام', 1, 'fa fa-user', '2020-11-14 12:50:16', '2020-11-14 12:56:37'),
(517, 'ملف تقديم جديد', 1, 'ملف تقديم جديدحسام ناجح', 1, 'fa fa-file-o', '2020-11-15 08:12:11', '2020-11-16 05:58:17'),
(518, 'الطالب حسام ناجح دفع 100 فى الخزينه', 1, 'الطالب حسام ناجح دفع 100 فى الخزينه', 1, 'fa fa-money', '2020-11-15 08:12:48', '2020-11-16 05:58:17'),
(519, 'طالب جديد', 1, 'طالب جديدحسام ناجح', 1, 'fa fa-user', '2020-11-15 08:14:18', '2020-11-16 05:58:17'),
(520, 'ملف تقديم جديد', 1, 'ملف تقديم جديدمحمود حماده سيد ابوالقاسم', 1, 'fa fa-file-o', '2020-11-16 06:54:47', '2020-11-16 10:22:02'),
(521, 'ملف تقديم جديد', 1, 'ملف تقديم جديدازهار حمدى رمضان محمد', 1, 'fa fa-file-o', '2020-11-16 07:03:46', '2020-11-16 10:22:02'),
(522, 'تغير الترجمه', 1, 'تغير الترجمه', 1, 'fa fa-language', '2020-11-17 06:06:16', '2020-11-17 06:16:04'),
(523, 'تغير الترجمه', 1, 'تغير الترجمه', 1, 'fa fa-language', '2020-11-17 06:09:46', '2020-11-17 06:16:04'),
(524, 'تغير الترجمه', 1, 'تغير الترجمه', 1, 'fa fa-language', '2020-11-17 07:58:11', '2020-11-17 07:59:43'),
(525, 'تغير الترجمه', 1, 'تغير الترجمه', 1, 'fa fa-language', '2020-11-17 08:00:00', '2020-11-17 08:04:05'),
(526, 'تغير الترجمه', 1, 'تغير الترجمه', 1, 'fa fa-language', '2020-11-17 08:00:40', '2020-11-17 08:04:05'),
(527, 'تغير الترجمه', 1, 'تغير الترجمه', 1, 'fa fa-language', '2020-11-17 08:00:56', '2020-11-17 08:04:05'),
(528, 'اضافة خدمهمادة التربية العسكرية', 1, 'اضافة خدمهمادة التربية العسكرية', 1, 'fa fa-trophy', '2020-11-17 08:23:33', '2020-11-17 08:29:55'),
(529, 'انشاء مقرر جديدمادة التربية العسكرية', 1, 'انشاء مقرر جديدمادة التربية العسكرية', 1, 'fa fa-book', '2020-11-17 08:32:13', '2020-11-17 08:32:44'),
(530, 'تعديل مقررمادة التربية العسكرية', 1, 'تعديل مقررمادة التربية العسكرية', 1, 'fa fa-book', '2020-11-17 08:39:49', '2020-11-17 09:41:30'),
(531, 'الطالب احمد اشرف محمد عبد اللطيف دفع 1685 فى الخزينه', 1, 'الطالب احمد اشرف محمد عبد اللطيف دفع 1685 فى الخزينه', 1, 'fa fa-money', '2020-11-17 09:18:28', '2020-11-17 09:41:30'),
(532, 'الطالب شريف ناصر محمد جابر دفع 50 فى الخزينه', 1, 'الطالب شريف ناصر محمد جابر دفع 50 فى الخزينه', 1, 'fa fa-money', '2020-11-17 09:31:49', '2020-11-17 09:41:30'),
(533, 'الطالب احمد اشرف محمد عبد اللطيف دفع 50 فى الخزينه', 1, 'الطالب احمد اشرف محمد عبد اللطيف دفع 50 فى الخزينه', 1, 'fa fa-money', '2020-11-17 09:32:57', '2020-11-17 09:41:30'),
(534, 'تعديل مقررالاقتصاد الجزئى', 1, 'تعديل مقررالاقتصاد الجزئى', 1, 'fa fa-book', '2020-11-17 10:06:27', '2020-11-17 10:06:29'),
(535, 'تعديل مقررالاقتصاد الجزئى', 1, 'تعديل مقررالاقتصاد الجزئى', 1, 'fa fa-book', '2020-11-17 10:06:29', '2020-11-17 10:06:30'),
(536, 'تعديل مقررالاقتصاد الجزئى', 1, 'تعديل مقررالاقتصاد الجزئى', 1, 'fa fa-book', '2020-11-17 10:07:00', '2020-11-17 10:07:02'),
(537, 'update course category محاسبة', 1, 'update course category محاسبة', 1, 'fa fa-cubes', '2020-11-17 10:09:12', '2020-11-17 10:09:20'),
(538, 'update doctor دكتور حمدى', 1, 'update doctor دكتور حمدى', 1, 'fa fa-user', '2020-11-17 11:29:59', '2020-11-17 11:30:01'),
(539, 'update doctor دكتور حمدى', 1, 'update doctor دكتور حمدى', 1, 'fa fa-user', '2020-11-17 11:30:42', '2020-11-17 11:30:44'),
(540, 'update doctor دكتور حمدى', 1, 'update doctor دكتور حمدى', 1, 'fa fa-user', '2020-11-17 11:35:53', '2020-11-17 11:35:55'),
(541, 'update doctor دكتور حمدى', 1, 'update doctor دكتور حمدى', 1, 'fa fa-user', '2020-11-17 11:35:55', '2020-11-17 11:35:55'),
(542, 'update doctor دكتور حمدى', 1, 'update doctor دكتور حمدى', 1, 'fa fa-user', '2020-11-17 11:43:14', '2020-11-17 11:43:16'),
(543, 'update doctor دكتور حمدى', 1, 'update doctor دكتور حمدى', 1, 'fa fa-user', '2020-11-17 11:43:15', '2020-11-17 11:43:16'),
(544, 'update doctor دكتور حمدى', 1, 'update doctor دكتور حمدى', 1, 'fa fa-user', '2020-11-17 11:44:18', '2020-11-17 11:44:20'),
(545, 'تغير الترجمه', 1, 'تغير الترجمه', 1, 'fa fa-language', '2020-11-17 11:56:12', '2020-11-17 11:59:27'),
(546, 'تغير الترجمه', 1, 'تغير الترجمه', 1, 'fa fa-language', '2020-11-17 11:58:57', '2020-11-17 11:59:27'),
(547, 'assign result for the students ', 1, 'assign result for the students ', 1, 'fa fa-calendar', '2020-11-18 08:04:24', '2020-11-18 08:04:25'),
(548, 'assign result for the students ', 1, 'assign result for the students ', 1, 'fa fa-calendar', '2020-11-18 08:04:37', '2020-11-18 08:04:39'),
(549, 'assign result for the students ', 1, 'assign result for the students ', 1, 'fa fa-calendar', '2020-11-18 08:06:52', '2020-11-18 08:06:53'),
(550, 'assign result for the students ', 1, 'assign result for the students ', 1, 'fa fa-calendar', '2020-11-18 08:19:27', '2020-11-18 08:19:29'),
(551, 'assign result for the students ', 1, 'assign result for the students ', 1, 'fa fa-calendar', '2020-11-18 08:20:00', '2020-11-18 08:20:01'),
(552, 'assign result for the students ', 1, 'assign result for the students ', 1, 'fa fa-calendar', '2020-11-18 08:20:03', '2020-11-18 08:20:04'),
(553, 'assign result for the students ', 1, 'assign result for the students ', 1, 'fa fa-calendar', '2020-11-18 08:20:06', '2020-11-18 08:20:07'),
(554, 'assign result for the students ', 1, 'assign result for the students ', 1, 'fa fa-calendar', '2020-11-18 08:20:10', '2020-11-18 08:20:11'),
(555, 'assign result for the students ', 1, 'assign result for the students ', 1, 'fa fa-calendar', '2020-11-18 08:20:15', '2020-11-18 08:20:16'),
(556, 'assign result for the students ', 1, 'assign result for the students ', 1, 'fa fa-calendar', '2020-11-18 08:20:47', '2020-11-18 08:20:48'),
(557, 'assign result for the students ', 1, 'assign result for the students ', 1, 'fa fa-calendar', '2020-11-18 08:20:50', '2020-11-18 08:20:51'),
(558, 'assign result for the students ', 1, 'assign result for the students ', 1, 'fa fa-calendar', '2020-11-18 08:20:52', '2020-11-18 08:20:54'),
(559, 'assign result for the students ', 1, 'assign result for the students ', 1, 'fa fa-calendar', '2020-11-18 08:21:58', '2020-11-18 08:22:01'),
(560, 'assign result for the students ', 1, 'assign result for the students ', 1, 'fa fa-calendar', '2020-11-18 08:22:17', '2020-11-18 08:22:22'),
(561, 'assign result for the students ', 1, 'assign result for the students ', 1, 'fa fa-calendar', '2020-11-18 08:22:20', '2020-11-18 08:22:22'),
(562, 'assign result for the students ', 1, 'assign result for the students ', 1, 'fa fa-calendar', '2020-11-18 08:22:27', '2020-11-18 08:22:32'),
(563, 'assign result for the students ', 1, 'assign result for the students ', 1, 'fa fa-calendar', '2020-11-18 08:22:29', '2020-11-18 08:22:32'),
(564, 'assign result for the students ', 1, 'assign result for the students ', 1, 'fa fa-calendar', '2020-11-18 08:23:38', '2020-11-18 08:23:39'),
(565, 'assign result for the students ', 1, 'assign result for the students ', 1, 'fa fa-calendar', '2020-11-18 08:23:43', '2020-11-18 08:23:44'),
(566, 'assign result for the students ', 1, 'assign result for the students ', 1, 'fa fa-calendar', '2020-11-18 08:23:46', '2020-11-18 08:23:48'),
(567, 'assign result for the students ', 1, 'assign result for the students ', 1, 'fa fa-calendar', '2020-11-18 08:23:50', '2020-11-18 08:23:50'),
(568, 'assign result for the students ', 1, 'assign result for the students ', 1, 'fa fa-calendar', '2020-11-18 08:23:55', '2020-11-18 08:23:59'),
(569, 'assign result for the students ', 1, 'assign result for the students ', 1, 'fa fa-calendar', '2020-11-18 08:24:00', '2020-11-18 08:24:00'),
(570, 'assign result for the students ', 1, 'assign result for the students ', 1, 'fa fa-calendar', '2020-11-18 08:24:05', '2020-11-18 08:24:07'),
(571, 'assign result for the students ', 1, 'assign result for the students ', 1, 'fa fa-calendar', '2020-11-18 08:24:20', '2020-11-18 08:24:23'),
(572, 'assign result for the students ', 1, 'assign result for the students ', 1, 'fa fa-calendar', '2020-11-18 08:24:26', '2020-11-18 08:24:32'),
(573, 'assign result for the students ', 1, 'assign result for the students ', 1, 'fa fa-calendar', '2020-11-18 08:24:32', '2020-11-18 08:24:32'),
(574, 'assign result for the students ', 1, 'assign result for the students ', 1, 'fa fa-calendar', '2020-11-18 08:25:40', '2020-11-18 08:25:43'),
(575, 'assign result for the students ', 1, 'assign result for the students ', 1, 'fa fa-calendar', '2020-11-18 08:25:49', '2020-11-18 08:25:51'),
(576, 'assign result for the students ', 1, 'assign result for the students ', 1, 'fa fa-calendar', '2020-11-18 08:25:52', '2020-11-18 08:25:53'),
(577, 'assign result for the students ', 1, 'assign result for the students ', 1, 'fa fa-calendar', '2020-11-18 08:26:01', '2020-11-18 08:26:03'),
(578, 'تغير الترجمه', 1, 'تغير الترجمه', 1, 'fa fa-language', '2020-11-18 08:28:40', '2020-11-18 08:32:25'),
(579, 'تغير الترجمه', 1, 'تغير الترجمه', 1, 'fa fa-language', '2020-11-18 08:30:07', '2020-11-18 08:32:25'),
(580, 'تعين النتيجه للطلاب', 1, 'تعين النتيجه للطلاب', 1, 'fa fa-calendar', '2020-11-18 08:37:39', '2020-11-18 08:37:43'),
(581, 'تعين النتيجه للطلاب', 1, 'تعين النتيجه للطلاب', 1, 'fa fa-calendar', '2020-11-18 08:37:52', '2020-11-18 08:37:53'),
(582, 'تعين النتيجه للطلاب', 1, 'تعين النتيجه للطلاب', 1, 'fa fa-calendar', '2020-11-18 08:38:02', '2020-11-18 08:38:04'),
(583, 'تعين النتيجه للطلاب', 1, 'تعين النتيجه للطلاب', 1, 'fa fa-calendar', '2020-11-18 08:38:05', '2020-11-18 08:38:08'),
(584, 'تعين النتيجه للطلاب', 1, 'تعين النتيجه للطلاب', 1, 'fa fa-calendar', '2020-11-18 08:38:45', '2020-11-18 08:38:48'),
(585, 'تعين النتيجه للطلاب', 1, 'تعين النتيجه للطلاب', 1, 'fa fa-calendar', '2020-11-18 08:41:11', '2020-11-18 08:41:16'),
(586, 'تعين النتيجه للطلاب', 1, 'تعين النتيجه للطلاب', 1, 'fa fa-calendar', '2020-11-18 08:41:30', '2020-11-18 08:41:34'),
(587, 'تعين النتيجه للطلاب', 1, 'تعين النتيجه للطلاب', 1, 'fa fa-calendar', '2020-11-18 08:41:40', '2020-11-18 08:41:42'),
(588, 'change academic settings ', 1, 'change academic settings ', 1, 'fa fa-cogs', '2020-11-18 09:24:55', '2020-11-18 09:24:57'),
(589, 'change publish result of الاول', 1, 'change publish result of الاول', 1, 'fa fa-cogs', '2020-11-18 09:44:06', '2020-11-18 09:44:07'),
(590, 'change publish result of الاول', 1, 'change publish result of الاول', 1, 'fa fa-cogs', '2020-11-18 09:44:26', '2020-11-18 09:44:28'),
(591, 'change publish result of الاول', 1, 'change publish result of الاول', 1, 'fa fa-cogs', '2020-11-18 09:44:38', '2020-11-18 09:44:39'),
(592, 'change publish result of الاول', 1, 'change publish result of الاول', 1, 'fa fa-cogs', '2020-11-18 09:44:52', '2020-11-18 09:44:53'),
(593, 'change publish result of الاول', 1, 'change publish result of الاول', 1, 'fa fa-cogs', '2020-11-18 09:47:15', '2020-11-18 09:47:16'),
(594, 'change publish result of الاول', 1, 'change publish result of الاول', 1, 'fa fa-cogs', '2020-11-18 09:51:51', '2020-11-18 09:52:24'),
(595, 'change publish result of الاول', 1, 'change publish result of الاول', 1, 'fa fa-cogs', '2020-11-18 09:52:23', '2020-11-18 09:52:24'),
(596, 'change publish result of الاول', 1, 'change publish result of الاول', 1, 'fa fa-cogs', '2020-11-18 09:52:37', '2020-11-18 09:52:39'),
(597, 'تغير الترجمه', 1, 'تغير الترجمه', 1, 'fa fa-language', '2020-11-18 09:54:08', '2020-11-18 09:57:49'),
(598, 'تغير الترجمه', 1, 'تغير الترجمه', 1, 'fa fa-language', '2020-11-18 09:54:49', '2020-11-18 09:57:49'),
(599, 'add division -', 1, 'add division -', 1, 'fa fa-bank', '2020-11-21 12:38:49', '2020-11-21 12:38:51'),
(600, 'add level -', 1, 'add level -', 1, 'fa fa-level-up', '2020-11-21 12:42:45', '2020-11-21 12:42:45'),
(601, 'remove level -', 1, 'remove level -', 1, 'fa fa-level-up', '2020-11-21 12:44:09', '2020-11-21 12:44:10'),
(602, 'add level -', 1, 'add level -', 1, 'fa fa-level-up', '2020-11-21 12:44:15', '2020-11-21 12:44:17'),
(603, 'remove level -', 1, 'remove level -', 1, 'fa fa-level-up', '2020-11-21 12:46:19', '2020-11-21 12:46:19'),
(604, 'add level -', 1, 'add level -', 1, 'fa fa-level-up', '2020-11-21 12:46:25', '2020-11-21 12:46:27'),
(605, 'add level ---', 1, 'add level ---', 1, 'fa fa-level-up', '2020-11-21 12:48:16', '2020-11-21 12:48:19'),
(606, 'remove level -', 1, 'remove level -', 1, 'fa fa-level-up', '2020-11-21 12:48:38', '2020-11-21 12:48:39'),
(607, 'remove level ---', 1, 'remove level ---', 1, 'fa fa-level-up', '2020-11-21 12:48:48', '2020-11-21 12:48:48'),
(608, 'remove division -', 1, 'remove division -', 1, 'fa fa-bank', '2020-11-21 12:49:05', '2020-11-21 12:49:05'),
(609, 'add qualification -', 1, 'add qualification -', 1, 'fa fa-graduation-cap', '2020-11-22 06:40:47', '2020-11-22 06:40:48'),
(610, 'remove qualification -', 1, 'remove qualification -', 1, 'fa fa-graduation-cap', '2020-11-22 06:40:56', '2020-11-22 06:40:57'),
(611, 'add language اللغة الاسبانية', 1, 'add language اللغة الاسبانية', 1, 'fa fa-commenting', '2020-11-22 07:59:38', '2020-11-22 07:59:40'),
(612, 'add nationality مغربى', 1, 'add nationality مغربى', 1, 'fa fa-flag', '2020-11-22 08:00:10', '2020-11-22 08:00:12'),
(613, 'add nationality المانى', 1, 'add nationality المانى', 1, 'fa fa-flag', '2020-11-22 08:00:20', '2020-11-22 08:00:22'),
(614, 'add relation اب', 1, 'add relation اب', 1, 'fa fa-code-fork', '2020-11-22 08:05:36', '2020-11-22 08:05:39'),
(615, 'add relation عم', 1, 'add relation عم', 1, 'fa fa-code-fork', '2020-11-22 08:05:45', '2020-11-22 08:05:46'),
(616, 'add relation خال', 1, 'add relation خال', 1, 'fa fa-code-fork', '2020-11-22 08:05:51', '2020-11-22 08:05:53'),
(617, 'add relation جد', 1, 'add relation جد', 1, 'fa fa-code-fork', '2020-11-22 08:06:06', '2020-11-22 08:06:09'),
(618, 'edit student_code_series 202010001', 1, 'edit student_code_series 202010001', 1, 'fa fa-barcode', '2020-11-22 08:21:28', '2020-11-22 08:21:31'),
(619, 'edit student_code_series 202010001', 1, 'edit student_code_series 202010001', 1, 'fa fa-barcode', '2020-11-22 08:22:08', '2020-11-22 08:22:10'),
(620, 'edit student_code_series 20200001', 1, 'edit student_code_series 20200001', 1, 'fa fa-barcode', '2020-11-22 08:22:11', '2020-11-22 08:22:15'),
(621, 'edit student_code_series 20231001', 1, 'edit student_code_series 20231001', 1, 'fa fa-barcode', '2020-11-22 08:22:15', '2020-11-22 08:22:20'),
(622, 'تغير الترجمه', 1, 'تغير الترجمه', 1, 'fa fa-language', '2020-11-22 08:38:40', '2020-11-22 08:41:36'),
(623, 'تغير الترجمه', 1, 'تغير الترجمه', 1, 'fa fa-language', '2020-11-22 08:42:39', '2020-11-22 08:42:39'),
(624, 'تغير الترجمه', 1, 'تغير الترجمه', 1, 'fa fa-language', '2020-11-22 09:03:21', '2020-11-22 09:03:24'),
(625, 'تغير الترجمه', 1, 'تغير الترجمه', 1, 'fa fa-language', '2020-11-22 09:23:24', '2020-11-22 09:23:40'),
(626, 'تغير الترجمه', 1, 'تغير الترجمه', 1, 'fa fa-language', '2020-11-22 09:23:38', '2020-11-22 09:23:40'),
(627, 'تغير الترجمه', 1, 'تغير الترجمه', 1, 'fa fa-language', '2020-11-22 09:24:34', '2020-11-22 09:24:34'),
(628, 'تغير الترجمه', 1, 'تغير الترجمه', 1, 'fa fa-language', '2020-11-22 09:25:14', '2020-11-22 09:26:26'),
(629, 'تغير الترجمه', 1, 'تغير الترجمه', 1, 'fa fa-language', '2020-11-22 09:26:24', '2020-11-22 09:26:26'),
(630, 'تغير الترجمه', 1, 'تغير الترجمه', 1, 'fa fa-language', '2020-11-22 09:27:47', '2020-11-22 09:27:51'),
(631, 'تغير الترجمه', 1, 'تغير الترجمه', 1, 'fa fa-language', '2020-11-22 09:28:22', '2020-11-22 09:28:26'),
(632, 'تغير الترجمه', 1, 'تغير الترجمه', 1, 'fa fa-language', '2020-11-22 09:29:04', '2020-11-22 09:30:31'),
(633, 'تغير الترجمه', 1, 'تغير الترجمه', 1, 'fa fa-language', '2020-11-22 09:30:31', '2020-11-22 09:31:16'),
(634, 'تغير الترجمه', 1, 'تغير الترجمه', 1, 'fa fa-language', '2020-11-22 09:31:11', '2020-11-22 09:31:16'),
(635, 'تعديل خزينة الرسوم السابقه', 1, 'تعديل خزينة الرسوم السابقه', 1, 'fa fa-cogs', '2020-11-22 09:36:01', '2020-11-22 09:36:09'),
(636, 'edit qualification ثانوى ازهرى', 1, 'edit qualification ثانوى ازهرى', 1, 'fa fa-graduation-cap', '2020-11-22 09:55:35', '2020-11-22 09:55:39'),
(637, 'تغير الترجمه', 1, 'تغير الترجمه', 1, 'fa fa-language', '2020-11-22 10:47:22', '2020-11-22 10:50:21'),
(638, 'تغير الترجمه', 1, 'تغير الترجمه', 1, 'fa fa-language', '2020-11-22 10:50:17', '2020-11-22 10:50:21'),
(639, 'تغير الترجمه', 1, 'تغير الترجمه', 1, 'fa fa-language', '2020-11-22 10:56:41', '2020-11-22 10:56:47'),
(640, 'تغير الترجمه', 1, 'تغير الترجمه', 1, 'fa fa-language', '2020-11-22 11:36:09', '2020-11-22 11:36:13'),
(641, 'تغير الترجمه', 1, 'تغير الترجمه', 1, 'fa fa-language', '2020-11-22 11:36:50', '2020-11-22 11:36:53'),
(642, 'edit required_document خطاب استلام', 1, 'edit required_document خطاب استلام', 1, 'fa fa-newspaper-o', '2020-11-22 11:47:45', '2020-11-22 11:47:49'),
(643, 'تغير الترجمه', 1, 'تغير الترجمه', 1, 'fa fa-language', '2020-11-23 06:02:17', '2020-11-23 06:55:08'),
(644, 'add military_status ادى الخدمة', 1, 'add military_status ادى الخدمة', 1, 'fa fa-circle', '2020-11-23 07:27:33', '2020-11-23 07:27:38'),
(645, 'add level الخرجين', 1, 'add level الخرجين', 1, 'fa fa-level-up', '2020-11-23 09:15:41', '2020-11-23 09:15:46'),
(646, 'ملف تقديم جديد', 1, 'ملف تقديم جديدعلى فرج محمد', 1, 'fa fa-file-o', '2020-11-23 09:37:37', '2020-11-23 09:40:31'),
(647, 'ملف تقديم جديد', 1, 'ملف تقديم جديدمريم محمد ابوالخير محمد عبدالصمد', 1, 'fa fa-file-o', '2020-11-23 09:44:24', '2020-11-23 09:44:29'),
(648, 'ملف تقديم جديد ', 1, 'ملف تقديم جديد مريم محمد ابوالخير محمد عبدالصمد', 1, 'fa fa-file-o', '2020-11-23 09:52:10', '2020-11-23 09:52:20'),
(649, 'الطالب مريم محمد ابوالخير محمد عبدالصمد دفع 100 فى الخزينه ', 1, 'الطالب مريم محمد ابوالخير محمد عبدالصمد دفع 100 فى الخزينه ', 1, 'fa fa-money', '2020-11-23 10:01:53', '2020-11-23 10:01:58'),
(650, 'ملف تقديم جديد ', 1, 'ملف تقديم جديد على ماهر معوض محمد', 1, 'fa fa-file-o', '2020-11-23 10:14:54', '2020-11-23 10:14:56'),
(651, 'تغير الترجمه ', 1, 'تغير الترجمه ', 1, 'fa fa-language', '2020-11-23 12:00:11', '2020-11-23 12:00:15'),
(652, 'تغير الترجمه ', 1, 'تغير الترجمه ', 1, 'fa fa-language', '2020-11-23 12:00:50', '2020-11-23 12:03:51'),
(653, 'تغير الترجمه ', 1, 'تغير الترجمه ', 1, 'fa fa-language', '2020-11-23 12:01:02', '2020-11-23 12:03:51'),
(654, 'تغير الترجمه ', 1, 'تغير الترجمه ', 1, 'fa fa-language', '2020-11-23 12:03:49', '2020-11-23 12:03:51'),
(655, 'حذف مصروف دراسى مصاريف مقاصه', 1, 'حذف مصروف دراسى مصاريف مقاصه', 1, 'fa fa-money', '2020-11-23 12:48:05', '2020-11-23 12:48:07'),
(656, 'تعديل صروف سنه دراسيه ', 1, 'تعديل صروف سنه دراسيه ', 1, 'fa fa-money', '2020-11-23 12:48:37', '2020-11-23 12:48:42'),
(657, 'تعديل صروف سنه دراسيه ', 1, 'تعديل صروف سنه دراسيه ', 1, 'fa fa-money', '2020-11-23 12:48:46', '2020-11-23 12:48:47'),
(658, 'تعديل صروف سنه دراسيه ', 1, 'تعديل صروف سنه دراسيه ', 1, 'fa fa-money', '2020-11-23 12:49:12', '2020-11-23 12:49:17'),
(659, 'تعديل صروف سنه دراسيه ', 1, 'تعديل صروف سنه دراسيه ', 1, 'fa fa-money', '2020-11-23 12:50:28', '2020-11-23 12:50:32'),
(660, 'تعديل صروف سنه دراسيه ', 1, 'تعديل صروف سنه دراسيه ', 1, 'fa fa-money', '2020-11-23 12:50:54', '2020-11-23 12:50:57'),
(661, 'حذف مصروف دراسى مقاصه', 1, 'حذف مصروف دراسى مقاصه', 1, 'fa fa-money', '2020-11-23 12:51:02', '2020-11-23 12:51:07'),
(662, 'تعديل صروف سنه دراسيه ', 1, 'تعديل صروف سنه دراسيه ', 1, 'fa fa-money', '2020-11-23 12:51:11', '2020-11-23 12:51:17'),
(663, 'اضافة نوع خصم متميز دراسيا', 1, 'اضافة نوع خصم متميز دراسيا', 1, 'fa fa-percent', '2020-11-23 12:52:21', '2020-11-23 12:52:27'),
(664, 'اضافة نوع خصم الاول على الدفعة', 1, 'اضافة نوع خصم الاول على الدفعة', 1, 'fa fa-percent', '2020-11-23 12:52:29', '2020-11-23 12:52:32'),
(665, 'اضافة نوع خصم يتيم الوالدين', 1, 'اضافة نوع خصم يتيم الوالدين', 1, 'fa fa-percent', '2020-11-23 12:53:05', '2020-11-23 12:53:07'),
(666, 'اضافة نوع خصم غير قادر على دفع المصاريف', 1, 'اضافة نوع خصم غير قادر على دفع المصاريف', 1, 'fa fa-percent', '2020-11-23 12:53:19', '2020-11-23 12:53:22'),
(667, 'تعديل الخدمه الاشتراك فى الاتوبيس ترم اول', 1, 'تعديل الخدمه الاشتراك فى الاتوبيس ترم اول', 1, 'fa fa-trophy', '2020-11-23 12:53:36', '2020-11-23 12:53:37'),
(668, 'تعديل الخدمه الاشتراك فى الاتوبيس ترم اول', 1, 'تعديل الخدمه الاشتراك فى الاتوبيس ترم اول', 1, 'fa fa-trophy', '2020-11-23 12:54:11', '2020-11-23 12:54:17'),
(669, 'تعديل الخدمه الاشتراك فى الاتوبيس ترم اول', 1, 'تعديل الخدمه الاشتراك فى الاتوبيس ترم اول', 1, 'fa fa-trophy', '2020-11-23 12:55:48', '2020-11-23 12:55:49'),
(670, 'تعديل خزينة الرسوم السابقه ', 1, 'تعديل خزينة الرسوم السابقه ', 1, 'fa fa-cogs', '2020-11-23 12:57:05', '2020-11-23 12:57:10'),
(671, 'تعديل خزينة الرسوم السابقه ', 1, 'تعديل خزينة الرسوم السابقه ', 1, 'fa fa-cogs', '2020-11-23 12:58:02', '2020-11-23 12:58:09'),
(672, 'ملف تقديم جديد ', 1, 'ملف تقديم جديد محمد ربيع على عبدالخالق', 1, 'fa fa-file-o', '2020-11-23 13:19:51', '2020-11-23 13:19:56'),
(673, 'ملف تقديم جديد ', 1, 'ملف تقديم جديد ميسره ابراهيم عباس محمد', 1, 'fa fa-file-o', '2020-11-23 13:21:08', '2020-11-23 13:21:11'),
(674, 'ملف تقديم جديد ', 1, 'ملف تقديم جديد افنان حامد مراد حامد', 1, 'fa fa-file-o', '2020-11-23 13:22:27', '2020-11-23 13:22:31'),
(675, 'ملف تقديم جديد ', 1, 'ملف تقديم جديد الشيماء عماد سيد متولى', 1, 'fa fa-file-o', '2020-11-23 13:23:40', '2020-11-23 13:23:41'),
(676, 'ملف تقديم جديد ', 1, 'ملف تقديم جديد احمد يسن مسعود خميس', 1, 'fa fa-file-o', '2020-11-23 13:24:55', '2020-11-23 13:24:56'),
(677, 'تعديل ملف تقديم ', 1, 'تعديل ملف تقديم احمد يسن مسعود خميس', 1, 'fa fa-file-o', '2020-11-23 13:25:20', '2020-11-23 13:25:26'),
(678, 'ملف تقديم جديد ', 1, 'ملف تقديم جديد سويده عبدالله محمود السيد', 1, 'fa fa-file-o', '2020-11-23 13:36:30', '2020-11-23 13:36:34'),
(679, 'ملف تقديم جديد ', 1, 'ملف تقديم جديد ايه عدلى عبدالسلام مهنى', 1, 'fa fa-file-o', '2020-11-23 13:38:45', '2020-11-23 13:38:49'),
(680, 'ملف تقديم جديد ', 1, 'ملف تقديم جديد ولاء ناجح محمد احمد', 1, 'fa fa-file-o', '2020-11-23 13:41:04', '2020-11-23 13:41:09'),
(681, 'ملف تقديم جديد ', 1, 'ملف تقديم جديد هاله احمد جابر عبدالوهاب', 1, 'fa fa-file-o', '2020-11-23 13:48:00', '2020-11-23 13:48:02'),
(682, 'ملف تقديم جديد ', 1, 'ملف تقديم جديد اروى على مصطفى قطب', 1, 'fa fa-file-o', '2020-11-23 13:48:48', '2020-11-23 13:48:52'),
(683, 'ملف تقديم جديد ', 1, 'ملف تقديم جديد كاترين عيسى شنوده ناشد', 1, 'fa fa-file-o', '2020-11-23 13:50:59', '2020-11-23 13:51:02'),
(684, 'ملف تقديم جديد ', 1, 'ملف تقديم جديد دينا محمد عطوه عبدالباقى محمد', 1, 'fa fa-file-o', '2020-11-23 13:52:35', '2020-11-23 13:52:37'),
(685, 'remove student_code_series 20231001', 1, 'remove student_code_series 20231001', 1, 'fa fa-barcode', '2020-11-23 14:29:55', '2020-11-23 14:30:00'),
(686, 'remove student_code_series 20200001', 1, 'remove student_code_series 20200001', 1, 'fa fa-barcode', '2020-11-23 14:29:59', '2020-11-23 14:30:00'),
(687, 'edit student_code_series 20201001', 1, 'edit student_code_series 20201001', 1, 'fa fa-barcode', '2020-11-23 14:30:27', '2020-11-23 14:30:29'),
(688, 'edit student_code_series 202030001', 1, 'edit student_code_series 202030001', 1, 'fa fa-barcode', '2020-11-23 14:30:36', '2020-11-23 14:30:39'),
(689, 'edit student_code_series 202010001', 1, 'edit student_code_series 202010001', 1, 'fa fa-barcode', '2020-11-23 14:30:42', '2020-11-23 14:30:44'),
(690, 'edit student_code_series 20202001', 1, 'edit student_code_series 20202001', 1, 'fa fa-barcode', '2020-11-23 14:30:45', '2020-11-23 14:30:49'),
(691, 'edit student_code_series 202020001', 1, 'edit student_code_series 202020001', 1, 'fa fa-barcode', '2020-11-23 14:30:48', '2020-11-23 14:30:49'),
(692, 'add student_code_series 202040001', 1, 'add student_code_series 202040001', 1, 'fa fa-barcode', '2020-11-23 14:31:08', '2020-11-23 14:31:09'),
(693, 'الطالب دينا محمد عطوه عبدالباقى محمد دفع 200 فى الخزينه ', 1, 'الطالب دينا محمد عطوه عبدالباقى محمد دفع 200 فى الخزينه ', 1, 'fa fa-money', '2020-11-23 14:37:24', '2020-11-23 14:37:24'),
(694, 'الطالب دينا محمد عطوه عبدالباقى محمد دفع 200 فى الخزينه ', 1, 'الطالب دينا محمد عطوه عبدالباقى محمد دفع 200 فى الخزينه ', 1, 'fa fa-money', '2020-11-23 14:40:21', '2020-11-23 14:40:24'),
(695, 'الطالب دينا محمد عطوه عبدالباقى محمد دفع 200 فى الخزينه ', 1, 'الطالب دينا محمد عطوه عبدالباقى محمد دفع 200 فى الخزينه ', 1, 'fa fa-money', '2020-11-23 14:45:00', '2020-11-23 14:45:04'),
(696, 'الطالب كاترين عيسى شنوده ناشد دفع 100 فى الخزينه ', 1, 'الطالب كاترين عيسى شنوده ناشد دفع 100 فى الخزينه ', 1, 'fa fa-money', '2020-11-23 15:05:55', '2020-11-23 15:06:00'),
(697, 'الطالب اروى على مصطفى قطب دفع 200 فى الخزينه ', 1, 'الطالب اروى على مصطفى قطب دفع 200 فى الخزينه ', 1, 'fa fa-money', '2020-11-23 15:08:14', '2020-11-23 15:08:15'),
(698, 'الطالب هاله احمد جابر عبدالوهاب دفع 200 فى الخزينه ', 1, 'الطالب هاله احمد جابر عبدالوهاب دفع 200 فى الخزينه ', 1, 'fa fa-money', '2020-11-23 15:11:18', '2020-11-23 15:11:20'),
(699, 'تعديل صروف سنه دراسيه ', 1, 'تعديل صروف سنه دراسيه ', 1, 'fa fa-money', '2020-11-23 15:14:16', '2020-11-23 15:14:19'),
(700, 'حذف مصروف دراسى -', 1, 'حذف مصروف دراسى -', 1, 'fa fa-money', '2020-11-23 15:15:21', '2020-11-23 15:15:25'),
(701, 'تعديل صروف سنه دراسيه ', 1, 'تعديل صروف سنه دراسيه ', 1, 'fa fa-money', '2020-11-23 15:17:51', '2020-11-23 15:17:55'),
(702, 'تعديل صروف سنه دراسيه ', 1, 'تعديل صروف سنه دراسيه ', 1, 'fa fa-money', '2020-11-23 15:18:16', '2020-11-23 15:18:20'),
(703, 'تعديل صروف سنه دراسيه ', 1, 'تعديل صروف سنه دراسيه ', 1, 'fa fa-money', '2020-11-23 15:19:13', '2020-11-23 15:19:14'),
(704, 'تعديل صروف سنه دراسيه ', 1, 'تعديل صروف سنه دراسيه ', 1, 'fa fa-money', '2020-11-23 15:19:34', '2020-11-23 15:19:35'),
(705, 'الطالب دينا محمد عطوه عبدالباقى محمد دفع 200 فى الخزينه ', 1, 'الطالب دينا محمد عطوه عبدالباقى محمد دفع 200 فى الخزينه ', 1, 'fa fa-money', '2020-11-23 15:20:22', '2020-11-23 15:20:25'),
(706, 'الطالب كاترين عيسى شنوده ناشد دفع 100 فى الخزينه ', 1, 'الطالب كاترين عيسى شنوده ناشد دفع 100 فى الخزينه ', 1, 'fa fa-money', '2020-11-23 15:21:42', '2020-11-23 15:21:45'),
(707, 'الطالب اروى على مصطفى قطب دفع 200 فى الخزينه ', 1, 'الطالب اروى على مصطفى قطب دفع 200 فى الخزينه ', 1, 'fa fa-money', '2020-11-23 15:24:47', '2020-11-23 15:24:50'),
(708, 'الطالب هاله احمد جابر عبدالوهاب دفع 200 فى الخزينه ', 1, 'الطالب هاله احمد جابر عبدالوهاب دفع 200 فى الخزينه ', 1, 'fa fa-money', '2020-11-23 15:27:10', '2020-11-23 15:27:14'),
(709, 'الطالب مريم محمد ابوالخير محمد عبدالصمد دفع 100 فى الخزينه ', 1, 'الطالب مريم محمد ابوالخير محمد عبدالصمد دفع 100 فى الخزينه ', 1, 'fa fa-money', '2020-11-23 15:47:17', '2020-11-23 15:47:20'),
(710, 'الطالب على ماهر معوض محمد دفع 100 فى الخزينه ', 1, 'الطالب على ماهر معوض محمد دفع 100 فى الخزينه ', 1, 'fa fa-money', '2020-11-23 15:47:31', '2020-11-23 15:47:34'),
(711, 'الطالب محمد ربيع على عبدالخالق دفع 100 فى الخزينه ', 1, 'الطالب محمد ربيع على عبدالخالق دفع 100 فى الخزينه ', 1, 'fa fa-money', '2020-11-23 15:47:45', '2020-11-23 15:47:50'),
(712, 'الطالب ميسره ابراهيم عباس محمد دفع 100 فى الخزينه ', 1, 'الطالب ميسره ابراهيم عباس محمد دفع 100 فى الخزينه ', 1, 'fa fa-money', '2020-11-23 15:47:57', '2020-11-23 15:48:00'),
(713, 'الطالب افنان حامد مراد حامد دفع 100 فى الخزينه ', 1, 'الطالب افنان حامد مراد حامد دفع 100 فى الخزينه ', 1, 'fa fa-money', '2020-11-23 15:48:09', '2020-11-23 15:48:09'),
(714, 'الطالب الشيماء عماد سيد متولى دفع 100 فى الخزينه ', 1, 'الطالب الشيماء عماد سيد متولى دفع 100 فى الخزينه ', 1, 'fa fa-money', '2020-11-23 15:48:21', '2020-11-23 15:48:25'),
(715, 'الطالب احمد يسن مسعود خميس دفع 100 فى الخزينه ', 1, 'الطالب احمد يسن مسعود خميس دفع 100 فى الخزينه ', 1, 'fa fa-money', '2020-11-23 15:48:33', '2020-11-23 15:48:35'),
(716, 'اضافة خدمه كارنية تحقيق الشخصية الدائم', 1, 'اضافة خدمه كارنية تحقيق الشخصية الدائم', 1, 'fa fa-trophy', '2020-11-23 15:57:07', '2020-11-23 15:57:10'),
(717, 'اضافة خدمه كارنيه المعامل', 1, 'اضافة خدمه كارنيه المعامل', 1, 'fa fa-trophy', '2020-11-23 15:57:42', '2020-11-23 15:57:44'),
(718, 'اضافة خدمه كارنيه اشتراك الباص', 1, 'اضافة خدمه كارنيه اشتراك الباص', 1, 'fa fa-trophy', '2020-11-23 15:58:19', '2020-11-23 15:58:24'),
(719, 'اضافة خدمه كارنية ورقى', 1, 'اضافة خدمه كارنية ورقى', 1, 'fa fa-trophy', '2020-11-23 15:58:59', '2020-11-23 15:59:05'),
(720, 'تعديل الخدمه كارنية تحقيق الشخصية الدائم', 1, 'تعديل الخدمه كارنية تحقيق الشخصية الدائم', 1, 'fa fa-trophy', '2020-11-23 15:59:21', '2020-11-23 15:59:25'),
(721, 'تعديل الخدمه كارنية تحقيق الشخصية الدائم', 1, 'تعديل الخدمه كارنية تحقيق الشخصية الدائم', 1, 'fa fa-trophy', '2020-11-23 15:59:31', '2020-11-23 15:59:34'),
(722, 'الطالب ولاء ناجح محمد احمد دفع 200 فى الخزينه ', 1, 'الطالب ولاء ناجح محمد احمد دفع 200 فى الخزينه ', 1, 'fa fa-money', '2020-11-23 16:00:40', '2020-11-23 16:00:44'),
(723, 'الطالب ايه عدلى عبدالسلام مهنى دفع 200 فى الخزينه ', 1, 'الطالب ايه عدلى عبدالسلام مهنى دفع 200 فى الخزينه ', 1, 'fa fa-money', '2020-11-23 16:01:13', '2020-11-23 16:01:15'),
(724, 'الطالب سويده عبدالله محمود السيد دفع 200 فى الخزينه ', 1, 'الطالب سويده عبدالله محمود السيد دفع 200 فى الخزينه ', 1, 'fa fa-money', '2020-11-23 16:04:35', '2020-11-23 16:04:39');
INSERT INTO `notification` (`id`, `title`, `user_id`, `body`, `seen`, `icon`, `created_at`, `updated_at`) VALUES
(725, 'تقسيط رسوم الطالب ايه عدلى عبدالسلام مهنى', 1, 'تقسيط رسوم الطالب ايه عدلى عبدالسلام مهنى', 1, 'fa fa-calendar', '2020-11-23 16:06:39', '2020-11-23 16:06:45'),
(726, 'تقسيط رسوم الطالب ايه عدلى عبدالسلام مهنى', 1, 'تقسيط رسوم الطالب ايه عدلى عبدالسلام مهنى', 1, 'fa fa-calendar', '2020-11-23 16:06:46', '2020-11-23 16:06:49'),
(727, 'الطالب ايه عدلى عبدالسلام مهنى دفع 1000 فى الخزينه ', 1, 'الطالب ايه عدلى عبدالسلام مهنى دفع 1000 فى الخزينه ', 1, 'fa fa-money', '2020-11-23 16:07:22', '2020-11-23 16:07:25'),
(728, 'تعديل الخدمه كارنية ورقى', 1, 'تعديل الخدمه كارنية ورقى', 1, 'fa fa-trophy', '2020-11-23 16:09:34', '2020-11-23 16:09:39'),
(729, 'تعديل الخدمه كارنية ورقى', 1, 'تعديل الخدمه كارنية ورقى', 1, 'fa fa-trophy', '2020-11-23 16:10:32', '2020-11-23 16:10:35'),
(730, 'تعديل الخدمه كارنية ورقى', 1, 'تعديل الخدمه كارنية ورقى', 1, 'fa fa-trophy', '2020-11-23 16:11:57', '2020-11-23 16:11:58'),
(731, 'تعديل الخدمه كارنية ورقى', 1, 'تعديل الخدمه كارنية ورقى', 1, 'fa fa-trophy', '2020-11-23 16:12:27', '2020-11-23 16:12:29'),
(732, 'الطالب ايه عدلى عبدالسلام مهنى دفع 100 فى الخزينه ', 1, 'الطالب ايه عدلى عبدالسلام مهنى دفع 100 فى الخزينه ', 1, 'fa fa-money', '2020-11-23 16:15:56', '2020-11-23 16:15:59'),
(733, 'add card for student', 1, 'add card for student', 1, 'fa fa-picture-o', '2020-11-23 16:16:44', '2020-11-23 16:17:01'),
(734, 'الطالب ولاء ناجح محمد احمد دفع 1685 فى الخزينه ', 1, 'الطالب ولاء ناجح محمد احمد دفع 1685 فى الخزينه ', 1, 'fa fa-money', '2020-11-23 16:21:49', '2020-11-23 16:21:53'),
(735, 'الطالب ولاء ناجح محمد احمد دفع 100 فى الخزينه ', 1, 'الطالب ولاء ناجح محمد احمد دفع 100 فى الخزينه ', 1, 'fa fa-money', '2020-11-23 16:21:59', '2020-11-23 16:22:03'),
(736, 'الطالب ولاء ناجح محمد احمد دفع 210 فى الخزينه ', 1, 'الطالب ولاء ناجح محمد احمد دفع 210 فى الخزينه ', 1, 'fa fa-money', '2020-11-23 16:24:13', '2020-11-23 16:24:16'),
(737, 'add card for student', 1, 'add card for student', 1, 'fa fa-picture-o', '2020-11-23 16:25:02', '2020-11-23 16:25:08'),
(738, 'add card for student', 1, 'add card for student', 1, 'fa fa-picture-o', '2020-11-23 16:25:13', '2020-11-23 16:25:18'),
(739, 'add card for student', 1, 'add card for student', 1, 'fa fa-picture-o', '2020-11-23 16:25:23', '2020-11-23 16:25:29'),
(740, 'تغير الترجمه ', 1, 'تغير الترجمه ', 1, 'fa fa-language', '2020-11-23 16:26:12', '2020-11-23 16:27:01'),
(741, 'تغير الترجمه ', 1, 'تغير الترجمه ', 1, 'fa fa-language', '2020-11-23 16:26:59', '2020-11-23 16:27:01'),
(742, 'الطالب ايه عدلى عبدالسلام مهنى دفع 200 فى الخزينه ', 1, 'الطالب ايه عدلى عبدالسلام مهنى دفع 200 فى الخزينه ', 1, 'fa fa-money', '2020-11-23 16:28:09', '2020-11-23 16:28:11'),
(743, 'add card for student كارنيه اشتراك الباص', 1, 'add card for student كارنيه اشتراك الباص', 1, 'fa fa-picture-o', '2020-11-23 16:28:38', '2020-11-23 16:28:42'),
(744, 'تغير الترجمه ', 1, 'تغير الترجمه ', 1, 'fa fa-language', '2020-11-23 16:29:09', '2020-11-23 16:29:11'),
(745, 'الطالب احمد يسن مسعود خميس دفع 200 فى الخزينه ', 1, 'الطالب احمد يسن مسعود خميس دفع 200 فى الخزينه ', 1, 'fa fa-money', '2020-11-23 16:30:15', '2020-11-23 16:30:15'),
(746, 'طباعة كارنيه للطالبكارنيه اشتراك الباص', 1, 'طباعة كارنيه للطالبكارنيه اشتراك الباص', 1, 'fa fa-picture-o', '2020-11-23 16:30:29', '2020-11-23 16:30:31'),
(747, 'تغير الترجمه ', 1, 'تغير الترجمه ', 1, 'fa fa-language', '2020-11-23 16:32:06', '2020-11-23 16:32:11'),
(748, 'تغير الترجمه ', 1, 'تغير الترجمه ', 1, 'fa fa-language', '2020-11-23 16:32:09', '2020-11-23 16:32:11'),
(749, 'الطالب احمد يسن مسعود خميس دفع 1685 فى الخزينه ', 1, 'الطالب احمد يسن مسعود خميس دفع 1685 فى الخزينه ', 1, 'fa fa-money', '2020-11-23 16:32:31', '2020-11-23 16:32:36'),
(750, 'الطالب احمد يسن مسعود خميس دفع 10 فى الخزينه ', 1, 'الطالب احمد يسن مسعود خميس دفع 10 فى الخزينه ', 1, 'fa fa-money', '2020-11-23 16:32:39', '2020-11-23 16:32:40'),
(751, 'طباعة كارنيه للطالب احمد يسن مسعود خميس - كارنية ورقى', 1, 'طباعة كارنيه للطالب احمد يسن مسعود خميس - كارنية ورقى', 1, 'fa fa-picture-o', '2020-11-23 16:32:49', '2020-11-23 16:32:55'),
(752, 'create new doctor أ.د/ ابوبكر فكرى', 1, 'create new doctor أ.د/ ابوبكر فكرى', 1, 'fa fa-user', '2020-11-23 16:46:34', '2020-11-23 16:46:38'),
(753, 'create new doctor أ.د/ عادل ابوالمجد', 1, 'create new doctor أ.د/ عادل ابوالمجد', 1, 'fa fa-user', '2020-11-23 16:47:07', '2020-11-23 16:47:13'),
(754, 'تعديل بيانات عضو هيئة تدريس أ.د/ عادل ابوالمجد', 1, 'تعديل بيانات عضو هيئة تدريس أ.د/ عادل ابوالمجد', 1, 'fa fa-user', '2020-11-23 16:47:16', '2020-11-23 16:47:17'),
(755, 'تعديل بيانات عضو هيئة تدريس أ.د/ عادل ابوالمجد', 1, 'تعديل بيانات عضو هيئة تدريس أ.د/ عادل ابوالمجد', 1, 'fa fa-user', '2020-11-23 16:47:17', '2020-11-23 16:47:17'),
(756, 'create new doctor أ.د/ بدر نبيه', 1, 'create new doctor أ.د/ بدر نبيه', 1, 'fa fa-user', '2020-11-23 16:47:41', '2020-11-23 16:47:43'),
(757, 'create new doctor أ.د/ احمد ابوالقمصان', 1, 'create new doctor أ.د/ احمد ابوالقمصان', 1, 'fa fa-user', '2020-11-23 16:48:07', '2020-11-23 16:48:13'),
(758, 'create new doctor أ.د/ عبدالناصر درويش', 1, 'create new doctor أ.د/ عبدالناصر درويش', 1, 'fa fa-user', '2020-11-23 16:48:27', '2020-11-23 16:48:33'),
(759, 'create new doctor أ.د/ اسامه سعيد', 1, 'create new doctor أ.د/ اسامه سعيد', 1, 'fa fa-user', '2020-11-23 16:48:43', '2020-11-23 16:48:48'),
(760, 'create new doctor د/ عبدالمهدى محمد', 1, 'create new doctor د/ عبدالمهدى محمد', 1, 'fa fa-user', '2020-11-23 16:49:01', '2020-11-23 16:49:03'),
(761, 'create new doctor د/ ناصر فراج', 1, 'create new doctor د/ ناصر فراج', 1, 'fa fa-user', '2020-11-23 16:49:18', '2020-11-23 16:49:23'),
(762, 'create new doctor د/ نزار فكرى', 1, 'create new doctor د/ نزار فكرى', 1, 'fa fa-user', '2020-11-23 16:49:35', '2020-11-23 16:49:38'),
(763, 'create new doctor د/ احمد اسماعيل', 1, 'create new doctor د/ احمد اسماعيل', 1, 'fa fa-user', '2020-11-23 16:49:48', '2020-11-23 16:49:53'),
(764, 'create new doctor د/ سيف الإسلام رشوان', 1, 'create new doctor د/ سيف الإسلام رشوان', 1, 'fa fa-user', '2020-11-23 16:50:01', '2020-11-23 16:50:03'),
(765, 'create new doctor د/ محمد هاشم', 1, 'create new doctor د/ محمد هاشم', 1, 'fa fa-user', '2020-11-23 16:50:13', '2020-11-23 16:50:18'),
(766, 'create new doctor د/ عبدالمهدى محمد.', 1, 'create new doctor د/ عبدالمهدى محمد.', 1, 'fa fa-user', '2020-11-23 16:50:24', '2020-11-23 16:50:28'),
(767, 'create new doctor د/ عبدالوهاب القذافى', 1, 'create new doctor د/ عبدالوهاب القذافى', 1, 'fa fa-user', '2020-11-23 16:50:37', '2020-11-23 16:50:43'),
(768, 'create new doctor د/ لمياء العزب', 1, 'create new doctor د/ لمياء العزب', 1, 'fa fa-user', '2020-11-23 16:50:51', '2020-11-23 16:50:52'),
(769, 'create new doctor د/ ميرفت حسين', 1, 'create new doctor د/ ميرفت حسين', 1, 'fa fa-user', '2020-11-23 16:51:05', '2020-11-23 16:51:08'),
(770, 'تعديل بيانات عضو هيئة تدريس د/ ميرفت حسين', 1, 'تعديل بيانات عضو هيئة تدريس د/ ميرفت حسين', 1, 'fa fa-user', '2020-11-23 16:51:14', '2020-11-23 16:51:18'),
(771, 'تعديل بيانات عضو هيئة تدريس د/ لمياء العزب', 1, 'تعديل بيانات عضو هيئة تدريس د/ لمياء العزب', 1, 'fa fa-user', '2020-11-23 16:51:19', '2020-11-23 16:51:22'),
(772, 'create new doctor د/ خالد عبدالقادر', 1, 'create new doctor د/ خالد عبدالقادر', 1, 'fa fa-user', '2020-11-23 16:51:35', '2020-11-23 16:51:38'),
(773, 'create new doctor د/ جيهان', 1, 'create new doctor د/ جيهان', 1, 'fa fa-user', '2020-11-23 16:51:52', '2020-11-23 16:51:58'),
(774, 'create new doctor د/ ابراهيم عبد الحفيظ', 1, 'create new doctor د/ ابراهيم عبد الحفيظ', 1, 'fa fa-user', '2020-11-23 16:52:06', '2020-11-23 16:52:08'),
(775, 'تعديل بيانات عضو هيئة تدريس د/ ابراهيم عبد الحفيظ', 1, 'تعديل بيانات عضو هيئة تدريس د/ ابراهيم عبد الحفيظ', 1, 'fa fa-user', '2020-11-23 16:52:28', '2020-11-23 16:52:33'),
(776, 'تعديل بيانات عضو هيئة تدريس د/ جيهان', 1, 'تعديل بيانات عضو هيئة تدريس د/ جيهان', 1, 'fa fa-user', '2020-11-23 16:52:35', '2020-11-23 16:52:37'),
(777, 'تعديل بيانات عضو هيئة تدريس د/ جيهان', 1, 'تعديل بيانات عضو هيئة تدريس د/ جيهان', 1, 'fa fa-user', '2020-11-23 16:52:36', '2020-11-23 16:52:37'),
(778, 'تعديل بيانات عضو هيئة تدريس د/ جيهان', 1, 'تعديل بيانات عضو هيئة تدريس د/ جيهان', 1, 'fa fa-user', '2020-11-23 16:52:43', '2020-11-23 16:52:48'),
(779, 'تعديل بيانات عضو هيئة تدريس د/ خالد عبدالقادر', 1, 'تعديل بيانات عضو هيئة تدريس د/ خالد عبدالقادر', 1, 'fa fa-user', '2020-11-23 17:02:43', '2020-11-23 17:02:45'),
(780, 'تعديل بيانات عضو هيئة تدريس د/ ميرفت حسين', 1, 'تعديل بيانات عضو هيئة تدريس د/ ميرفت حسين', 1, 'fa fa-user', '2020-11-23 17:02:50', '2020-11-23 17:02:55'),
(781, 'تعديل بيانات عضو هيئة تدريس د/ لمياء العزب', 1, 'تعديل بيانات عضو هيئة تدريس د/ لمياء العزب', 1, 'fa fa-user', '2020-11-23 17:02:58', '2020-11-23 17:03:00'),
(782, 'تعديل بيانات عضو هيئة تدريس د/ عبدالوهاب القذافى', 1, 'تعديل بيانات عضو هيئة تدريس د/ عبدالوهاب القذافى', 1, 'fa fa-user', '2020-11-23 17:03:05', '2020-11-23 17:03:10'),
(783, 'تعديل بيانات عضو هيئة تدريس د/ عبدالمهدى محمد.', 1, 'تعديل بيانات عضو هيئة تدريس د/ عبدالمهدى محمد.', 1, 'fa fa-user', '2020-11-23 17:03:16', '2020-11-23 17:03:20'),
(784, 'تعديل بيانات عضو هيئة تدريس د/ سيف الإسلام رشوان', 1, 'تعديل بيانات عضو هيئة تدريس د/ سيف الإسلام رشوان', 1, 'fa fa-user', '2020-11-23 17:03:43', '2020-11-23 17:03:45'),
(785, 'تعديل بيانات عضو هيئة تدريس د/ محمد هاشم', 1, 'تعديل بيانات عضو هيئة تدريس د/ محمد هاشم', 1, 'fa fa-user', '2020-11-23 17:03:51', '2020-11-23 17:03:55'),
(786, 'تعديل بيانات عضو هيئة تدريس د/ سيف الإسلام رشوان', 1, 'تعديل بيانات عضو هيئة تدريس د/ سيف الإسلام رشوان', 1, 'fa fa-user', '2020-11-23 17:04:38', '2020-11-23 17:04:40'),
(787, 'تعديل بيانات عضو هيئة تدريس د/ احمد اسماعيل', 1, 'تعديل بيانات عضو هيئة تدريس د/ احمد اسماعيل', 1, 'fa fa-user', '2020-11-23 17:04:48', '2020-11-23 17:04:50'),
(788, 'تعديل بيانات عضو هيئة تدريس د/ نزار فكرى', 1, 'تعديل بيانات عضو هيئة تدريس د/ نزار فكرى', 1, 'fa fa-user', '2020-11-23 17:04:54', '2020-11-23 17:05:00'),
(789, 'تعديل بيانات عضو هيئة تدريس د/ ناصر فراج', 1, 'تعديل بيانات عضو هيئة تدريس د/ ناصر فراج', 1, 'fa fa-user', '2020-11-23 17:05:00', '2020-11-23 17:05:05'),
(790, 'تعديل بيانات عضو هيئة تدريس د/ عبدالمهدى محمد', 1, 'تعديل بيانات عضو هيئة تدريس د/ عبدالمهدى محمد', 1, 'fa fa-user', '2020-11-23 17:05:15', '2020-11-23 17:05:20'),
(791, 'تعديل بيانات عضو هيئة تدريس أ.د/ اسامه سعيد', 1, 'تعديل بيانات عضو هيئة تدريس أ.د/ اسامه سعيد', 1, 'fa fa-user', '2020-11-23 17:05:21', '2020-11-23 17:05:25'),
(792, 'تعديل بيانات عضو هيئة تدريس أ.د/ عبدالناصر درويش', 1, 'تعديل بيانات عضو هيئة تدريس أ.د/ عبدالناصر درويش', 1, 'fa fa-user', '2020-11-23 17:05:32', '2020-11-23 17:05:35'),
(793, 'تعديل بيانات عضو هيئة تدريس أ.د/ احمد ابوالقمصان', 1, 'تعديل بيانات عضو هيئة تدريس أ.د/ احمد ابوالقمصان', 1, 'fa fa-user', '2020-11-23 17:05:42', '2020-11-23 17:05:45'),
(794, 'تعديل بيانات عضو هيئة تدريس أ.د/ بدر نبيه', 1, 'تعديل بيانات عضو هيئة تدريس أ.د/ بدر نبيه', 1, 'fa fa-user', '2020-11-23 17:05:50', '2020-11-23 17:05:55'),
(795, 'تعديل بيانات عضو هيئة تدريس أ.د/ عادل ابوالمجد', 1, 'تعديل بيانات عضو هيئة تدريس أ.د/ عادل ابوالمجد', 1, 'fa fa-user', '2020-11-23 17:05:56', '2020-11-23 17:06:00'),
(796, 'تعديل بيانات عضو هيئة تدريس أ.د/ ابوبكر فكرى', 1, 'تعديل بيانات عضو هيئة تدريس أ.د/ ابوبكر فكرى', 1, 'fa fa-user', '2020-11-23 17:06:00', '2020-11-23 17:06:05'),
(797, 'تعديل بيانات عضو هيئة تدريس دكتور حمدى', 1, 'تعديل بيانات عضو هيئة تدريس دكتور حمدى', 1, 'fa fa-user', '2020-11-23 17:06:06', '2020-11-23 17:06:09'),
(798, 'تعديل بيانات عضو هيئة تدريس د/ لمياء العزب', 1, 'تعديل بيانات عضو هيئة تدريس د/ لمياء العزب', 1, 'fa fa-user', '2020-11-23 17:21:15', '2020-11-23 17:21:20'),
(799, 'تعديل بيانات عضو هيئة تدريس د/ عبدالوهاب القذافى', 1, 'تعديل بيانات عضو هيئة تدريس د/ عبدالوهاب القذافى', 1, 'fa fa-user', '2020-11-23 17:21:20', '2020-11-23 17:21:20'),
(800, 'تعديل بيانات عضو هيئة تدريس د/ عبدالمهدى محمد.', 1, 'تعديل بيانات عضو هيئة تدريس د/ عبدالمهدى محمد.', 1, 'fa fa-user', '2020-11-23 17:21:26', '2020-11-23 17:21:30'),
(801, 'تعديل بيانات عضو هيئة تدريس د/ سيف الإسلام رشوان', 1, 'تعديل بيانات عضو هيئة تدريس د/ سيف الإسلام رشوان', 1, 'fa fa-user', '2020-11-23 17:30:10', '2020-11-23 17:30:15'),
(802, 'تعديل بيانات عضو هيئة تدريس أ.د/ احمد ابوالقمصان', 1, 'تعديل بيانات عضو هيئة تدريس أ.د/ احمد ابوالقمصان', 1, 'fa fa-user', '2020-11-23 17:30:19', '2020-11-23 17:30:25'),
(803, 'تعديل بيانات عضو هيئة تدريس أ.د/ عبدالناصر درويش', 1, 'تعديل بيانات عضو هيئة تدريس أ.د/ عبدالناصر درويش', 1, 'fa fa-user', '2020-11-23 17:30:27', '2020-11-23 17:30:30'),
(804, 'تعديل بيانات عضو هيئة تدريس أ.د/ اسامه سعيد', 1, 'تعديل بيانات عضو هيئة تدريس أ.د/ اسامه سعيد', 1, 'fa fa-user', '2020-11-23 17:30:32', '2020-11-23 17:30:35'),
(805, 'تعديل بيانات عضو هيئة تدريس د/ عبدالمهدى محمد', 1, 'تعديل بيانات عضو هيئة تدريس د/ عبدالمهدى محمد', 1, 'fa fa-user', '2020-11-23 17:30:37', '2020-11-23 17:30:40'),
(806, 'تعديل بيانات عضو هيئة تدريس د/ ناصر فراج', 1, 'تعديل بيانات عضو هيئة تدريس د/ ناصر فراج', 1, 'fa fa-user', '2020-11-23 17:30:42', '2020-11-23 17:30:45'),
(807, 'تعديل بيانات عضو هيئة تدريس د/ نزار فكرى', 1, 'تعديل بيانات عضو هيئة تدريس د/ نزار فكرى', 1, 'fa fa-user', '2020-11-23 17:30:56', '2020-11-23 17:31:00'),
(808, 'تعديل بيانات عضو هيئة تدريس د/ احمد اسماعيل', 1, 'تعديل بيانات عضو هيئة تدريس د/ احمد اسماعيل', 1, 'fa fa-user', '2020-11-23 17:31:02', '2020-11-23 17:31:05'),
(809, 'تعين النتيجه للطلاب ', 1, 'تعين النتيجه للطلاب ', 1, 'fa fa-calendar', '2020-11-23 17:34:59', '2020-11-23 17:35:05'),
(810, 'تعين النتيجه للطلاب ', 1, 'تعين النتيجه للطلاب ', 1, 'fa fa-calendar', '2020-11-23 17:35:11', '2020-11-23 17:35:15'),
(811, 'تعين النتيجه للطلاب ', 1, 'تعين النتيجه للطلاب ', 1, 'fa fa-calendar', '2020-11-23 17:35:13', '2020-11-23 17:35:15'),
(812, 'ملف تقديم جديد ', 1, 'ملف تقديم جديد بسنت عادل امام احمد', 1, 'fa fa-file-o', '2020-11-24 06:45:46', '2020-11-24 06:45:48'),
(813, 'الطالب بسنت عادل امام احمد دفع 100 فى الخزينه ', 1, 'الطالب بسنت عادل امام احمد دفع 100 فى الخزينه ', 1, 'fa fa-money', '2020-11-24 06:47:20', '2020-11-24 06:47:23'),
(814, 'تعديل الخدمه كارنية ورقى', 1, 'تعديل الخدمه كارنية ورقى', 1, 'fa fa-trophy', '2020-11-24 06:51:17', '2020-11-24 06:51:22'),
(815, 'تغير الترجمه ', 1, 'تغير الترجمه ', 1, 'fa fa-language', '2020-12-02 07:37:33', '2020-12-19 05:29:30'),
(816, 'تغير الترجمه ', 1, 'تغير الترجمه ', 1, 'fa fa-language', '2020-12-19 05:37:06', '2020-12-19 05:53:47'),
(817, 'تعين النتيجه للطلاب ', 1, 'تعين النتيجه للطلاب ', 1, 'fa fa-calendar', '2020-12-19 05:53:44', '2020-12-19 05:53:47'),
(818, 'edit military_status اعفاء نهائى من اداء الخدمة العسكرية', 1, 'edit military_status اعفاء نهائى من اداء الخدمة العسكرية', 1, 'fa fa-circle', '2020-12-19 06:54:36', '2020-12-19 06:54:40'),
(819, 'فتح المقررات ', 1, 'فتح المقررات ', 1, 'fa fa-book', '2020-12-20 11:25:43', '2020-12-20 11:25:48'),
(820, 'تعديل اعدادات الارشاد الاكاديمى ', 1, 'تعديل اعدادات الارشاد الاكاديمى ', 1, 'fa fa-cogs', '2020-12-20 11:45:42', '2020-12-20 11:45:48'),
(821, 'ملف تقديم جديد ', 1, 'ملف تقديم جديد ali farag', 1, 'fa fa-file-o', '2020-12-21 06:46:34', '2020-12-21 06:46:39'),
(822, 'الطالب ali farag دفع 100 فى الخزينه ', 1, 'الطالب ali farag دفع 100 فى الخزينه ', 1, 'fa fa-money', '2020-12-21 06:47:17', '2020-12-21 06:47:20'),
(823, 'تقسيط رسوم الطالب ali farag', 1, 'تقسيط رسوم الطالب ali farag', 1, 'fa fa-calendar', '2020-12-21 06:47:56', '2020-12-21 06:47:59'),
(824, 'الطالب ali farag دفع 1000 فى الخزينه ', 1, 'الطالب ali farag دفع 1000 فى الخزينه ', 1, 'fa fa-money', '2020-12-21 06:48:06', '2020-12-21 06:48:09'),
(825, 'الطالب ali farag دفع 400 فى الخزينه ', 1, 'الطالب ali farag دفع 400 فى الخزينه ', 1, 'fa fa-money', '2020-12-21 06:49:13', '2020-12-21 06:49:15'),
(826, 'طباعة كارنيه للطالب ali farag - كارنية تحقيق الشخصية الدائم', 1, 'طباعة كارنيه للطالب ali farag - كارنية تحقيق الشخصية الدائم', 1, 'fa fa-picture-o', '2020-12-21 06:50:51', '2020-12-21 06:51:00'),
(827, 'طباعة كارنيه للطالب ali farag - كارنيه اشتراك الباص', 1, 'طباعة كارنيه للطالب ali farag - كارنيه اشتراك الباص', 1, 'fa fa-picture-o', '2020-12-21 06:51:02', '2020-12-21 06:51:04'),
(828, 'تغير الترجمه ', 1, 'تغير الترجمه ', 1, 'fa fa-language', '2020-12-26 06:28:54', '2020-12-26 06:42:31'),
(829, 'ملف تقديم جديد ', 1, 'ملف تقديم جديد ahmed mahmmed', 1, 'fa fa-file-o', '2020-12-26 06:44:14', '2020-12-26 06:44:20'),
(830, 'تعديل ملف تقديم ', 1, 'تعديل ملف تقديم ahmed mahmmed', 1, 'fa fa-file-o', '2020-12-26 06:44:54', '2020-12-26 06:44:55'),
(831, 'edit level الخرجين', 1, 'edit level الخرجين', 1, 'fa fa-level-up', '2020-12-26 08:03:46', '2020-12-26 08:03:49'),
(832, 'edit level الخرجين', 1, 'edit level الخرجين', 1, 'fa fa-level-up', '2020-12-26 08:06:05', '2020-12-26 08:06:10'),
(833, 'edit level الخرجين', 1, 'edit level الخرجين', 1, 'fa fa-level-up', '2020-12-26 08:07:33', '2020-12-26 08:07:34'),
(834, 'edit level الرابع', 1, 'edit level الرابع', 1, 'fa fa-level-up', '2020-12-26 08:07:38', '2020-12-26 08:07:39'),
(835, 'edit level الثالث', 1, 'edit level الثالث', 1, 'fa fa-level-up', '2020-12-26 08:07:39', '2020-12-26 08:07:44'),
(836, 'edit level الثانى', 1, 'edit level الثانى', 1, 'fa fa-level-up', '2020-12-26 08:07:41', '2020-12-26 08:07:44'),
(837, 'edit level الاول', 1, 'edit level الاول', 1, 'fa fa-level-up', '2020-12-26 08:07:42', '2020-12-26 08:07:44'),
(838, 'add case_contraint باقى للاعاده', 1, 'add case_contraint باقى للاعاده', 1, 'fa fa-balance-scale', '2020-12-26 08:18:36', '2020-12-26 08:18:39'),
(839, 'add case_contraint مفصولين', 1, 'add case_contraint مفصولين', 1, 'fa fa-balance-scale', '2020-12-26 08:18:57', '2020-12-26 08:18:59'),
(840, 'add case_contraint بالارشيف', 1, 'add case_contraint بالارشيف', 1, 'fa fa-balance-scale', '2020-12-26 08:19:05', '2020-12-26 08:19:09'),
(841, 'تغير الترجمه ', 1, 'تغير الترجمه ', 1, 'fa fa-language', '2020-12-26 08:20:33', '2020-12-26 08:21:59'),
(842, 'تغير الترجمه ', 1, 'تغير الترجمه ', 1, 'fa fa-language', '2020-12-26 08:21:55', '2020-12-26 08:21:59'),
(843, 'تعين النتيجه للطلاب ', 1, 'تعين النتيجه للطلاب ', 1, 'fa fa-calendar', '2020-12-26 09:07:44', '2020-12-26 09:07:49'),
(844, 'تعين النتيجه للطلاب ', 1, 'تعين النتيجه للطلاب ', 1, 'fa fa-calendar', '2020-12-26 09:08:24', '2020-12-26 09:08:29'),
(845, 'تعين النتيجه للطلاب ', 1, 'تعين النتيجه للطلاب ', 1, 'fa fa-calendar', '2020-12-26 09:08:28', '2020-12-26 09:08:29'),
(846, 'تعين النتيجه للطلاب ', 1, 'تعين النتيجه للطلاب ', 1, 'fa fa-calendar', '2020-12-26 09:49:04', '2020-12-26 09:49:09'),
(847, 'تعين النتيجه للطلاب ', 1, 'تعين النتيجه للطلاب ', 1, 'fa fa-calendar', '2020-12-26 09:49:07', '2020-12-26 09:49:09'),
(848, 'تعين النتيجه للطلاب ', 1, 'تعين النتيجه للطلاب ', 1, 'fa fa-calendar', '2020-12-26 09:49:13', '2020-12-26 09:49:19'),
(849, 'طالب جديد ', 1, 'طالب جديد على فرج محمد', 1, 'fa fa-user', '2020-12-26 10:48:52', '2020-12-26 10:48:54'),
(850, 'الطالب على فرج محمد دفع 100 فى الخزينه ', 1, 'الطالب على فرج محمد دفع 100 فى الخزينه ', 1, 'fa fa-money', '2020-12-26 10:49:59', '2020-12-26 10:50:00'),
(851, 'انشاء تقدير جديد راسب', 1, 'انشاء تقدير جديد راسب', 1, 'fa fa-th-list', '2020-12-27 07:16:48', '2020-12-27 07:16:51'),
(852, 'تعديل صروف سنه دراسيه ', 1, 'تعديل صروف سنه دراسيه ', 1, 'fa fa-money', '2020-12-27 07:31:41', '2020-12-27 07:31:46'),
(853, 'تعديل صروف سنه دراسيه ', 1, 'تعديل صروف سنه دراسيه ', 1, 'fa fa-money', '2020-12-27 07:34:05', '2020-12-27 07:34:11'),
(854, 'الطالب دينا محمد عطوه عبدالباقى محمد دفع 4000 فى الخزينه ', 1, 'الطالب دينا محمد عطوه عبدالباقى محمد دفع 4000 فى الخزينه ', 1, 'fa fa-money', '2020-12-27 07:35:01', '2020-12-27 07:35:06'),
(855, 'تغير الترجمه ', 1, 'تغير الترجمه ', 1, 'fa fa-language', '2020-12-27 08:09:58', '2020-12-27 08:10:35'),
(856, 'تغير الترجمه ', 1, 'تغير الترجمه ', 1, 'fa fa-language', '2020-12-27 08:10:31', '2020-12-27 08:10:35'),
(857, 'تعين النتيجه للطلاب ', 1, 'تعين النتيجه للطلاب ', 1, 'fa fa-calendar', '2020-12-27 08:20:52', '2020-12-27 08:20:57'),
(858, 'تعين النتيجه للطلاب ', 1, 'تعين النتيجه للطلاب ', 1, 'fa fa-calendar', '2020-12-27 08:24:29', '2020-12-27 08:24:32'),
(859, 'تعين النتيجه للطلاب ', 1, 'تعين النتيجه للطلاب ', 1, 'fa fa-calendar', '2020-12-27 08:28:53', '2020-12-27 08:28:55'),
(860, 'تغير الترجمه ', 1, 'تغير الترجمه ', 1, 'fa fa-language', '2020-12-27 08:39:14', '2020-12-27 08:39:30'),
(861, 'تغير الترجمه ', 1, 'تغير الترجمه ', 1, 'fa fa-language', '2020-12-27 08:39:27', '2020-12-27 08:39:30'),
(862, 'تعين النتيجه للطلاب ', 1, 'تعين النتيجه للطلاب ', 1, 'fa fa-calendar', '2020-12-27 08:39:40', '2020-12-27 08:39:45'),
(863, 'تعين النتيجه للطلاب ', 1, 'تعين النتيجه للطلاب ', 1, 'fa fa-calendar', '2020-12-27 08:41:35', '2020-12-27 08:41:41'),
(864, 'ترحيل النتيجة ', 1, 'ترحيل النتيجة ', 1, 'fa fa-calendar', '2020-12-27 08:43:06', '2020-12-27 08:43:08'),
(865, 'ترحيل النتيجة ', 1, 'ترحيل النتيجة ', 1, 'fa fa-calendar', '2020-12-27 09:04:41', '2020-12-27 09:04:47'),
(866, 'ترحيل النتيجة ', 1, 'ترحيل النتيجة ', 1, 'fa fa-calendar', '2020-12-27 09:08:48', '2020-12-27 09:08:52'),
(867, 'ترحيل النتيجة ', 1, 'ترحيل النتيجة ', 1, 'fa fa-calendar', '2020-12-27 09:24:24', '2020-12-27 09:24:26'),
(868, 'ترحيل النتيجة ', 1, 'ترحيل النتيجة ', 1, 'fa fa-calendar', '2020-12-27 09:26:03', '2020-12-27 09:26:05'),
(869, 'تغير الترجمه ', 1, 'تغير الترجمه ', 1, 'fa fa-language', '2020-12-27 10:03:34', '2020-12-27 10:04:32'),
(870, 'تغير الترجمه ', 1, 'تغير الترجمه ', 1, 'fa fa-language', '2020-12-27 10:04:30', '2020-12-27 10:04:32'),
(871, 'تغير الترجمه ', 1, 'تغير الترجمه ', 1, 'fa fa-language', '2020-12-28 06:16:53', '2020-12-28 06:17:09'),
(872, 'تغير الترجمه ', 1, 'تغير الترجمه ', 1, 'fa fa-language', '2020-12-28 06:17:04', '2020-12-28 06:17:09'),
(873, 'تعديل معلومات الملف الشخصى ', 1, 'تعديل معلومات الملف الشخصى ', 1, 'fa fa-id-card-o', '2020-12-28 06:25:48', '2020-12-28 06:25:51'),
(874, 'تعديل معلومات الملف الشخصى ', 1, 'تعديل معلومات الملف الشخصى ', 1, 'fa fa-id-card-o', '2020-12-28 06:43:04', '2020-12-28 06:43:09'),
(875, 'تعديل معلومات الملف الشخصى ', 1, 'تعديل معلومات الملف الشخصى ', 1, 'fa fa-id-card-o', '2020-12-28 10:23:25', '2020-12-28 10:23:28'),
(876, 'تغير الترجمه ', 1, 'تغير الترجمه ', 1, 'fa fa-language', '2020-12-28 10:26:46', '2020-12-28 10:30:56'),
(877, 'تغير الترجمه ', 1, 'تغير الترجمه ', 1, 'fa fa-language', '2021-01-04 07:32:04', '2021-01-11 14:47:54'),
(878, 'تغير الترجمه ', 1, 'تغير الترجمه ', 1, 'fa fa-language', '2021-01-11 14:50:00', '2021-01-24 07:24:49'),
(879, 'تغير الترجمه ', 1, 'تغير الترجمه ', 1, 'fa fa-language', '2021-01-24 09:33:53', '2021-01-24 09:34:21'),
(880, 'تغير الترجمه ', 1, 'تغير الترجمه ', 1, 'fa fa-language', '2021-01-24 09:34:20', '2021-01-24 09:34:21'),
(881, 'انشاء تقدير جديد غياب', 1, 'انشاء تقدير جديد غياب', 1, 'fa fa-th-list', '2021-01-24 10:41:55', '2021-01-24 10:41:57'),
(882, 'انشاء تقدير جديد غياب', 1, 'انشاء تقدير جديد غياب', 1, 'fa fa-th-list', '2021-01-24 10:41:57', '2021-01-24 10:41:57'),
(883, 'remove degree map غياب', 1, 'remove degree map غياب', 1, 'fa fa-th-list', '2021-01-24 10:42:04', '2021-01-24 10:42:07'),
(884, 'تعين النتيجه للطلاب ', 1, 'تعين النتيجه للطلاب ', 1, 'fa fa-calendar', '2021-01-24 11:03:58', '2021-01-24 11:04:02'),
(885, 'الطالب على ماهر معوض محمد دفع 1685 فى الخزينه ', 1, 'الطالب على ماهر معوض محمد دفع 1685 فى الخزينه ', 1, 'fa fa-money', '2021-01-26 07:26:58', '2021-01-26 07:26:58'),
(886, 'الطالب على ماهر معوض محمد دفع 400 فى الخزينه ', 1, 'الطالب على ماهر معوض محمد دفع 400 فى الخزينه ', 1, 'fa fa-money', '2021-01-26 07:30:37', '2021-01-26 07:30:39'),
(887, 'تعديل صروف سنه دراسيه ', 1, 'تعديل صروف سنه دراسيه ', 1, 'fa fa-money', '2021-01-26 07:55:45', '2021-01-26 07:55:48'),
(888, 'تعديل صروف سنه دراسيه ', 1, 'تعديل صروف سنه دراسيه ', 1, 'fa fa-money', '2021-01-26 07:56:01', '2021-01-26 07:56:03'),
(889, 'تعديل الخدمه التماس اعادة رصد درجات', 1, 'تعديل الخدمه التماس اعادة رصد درجات', 1, 'fa fa-trophy', '2021-01-26 08:02:06', '2021-01-26 08:02:08'),
(890, 'edit qualification_type ادبى', 1, 'edit qualification_type ادبى', 1, 'fa fa-graduation-cap', '2021-01-27 07:24:16', '2021-01-27 07:24:22'),
(891, 'edit qualification_type علمى', 1, 'edit qualification_type علمى', 1, 'fa fa-graduation-cap', '2021-01-27 07:24:19', '2021-01-27 07:24:22'),
(892, 'edit qualification_type دبلوم صنايعى مدرسة بنى سويف', 1, 'edit qualification_type دبلوم صنايعى مدرسة بنى سويف', 1, 'fa fa-graduation-cap', '2021-01-27 07:24:22', '2021-01-27 07:24:26'),
(893, 'edit qualification_type ادبى', 1, 'edit qualification_type ادبى', 1, 'fa fa-graduation-cap', '2021-01-27 07:24:24', '2021-01-27 07:24:26'),
(894, 'edit qualification_type صنايع', 1, 'edit qualification_type صنايع', 1, 'fa fa-graduation-cap', '2021-01-27 07:24:26', '2021-01-27 07:24:31'),
(895, 'edit qualification_type تجاره', 1, 'edit qualification_type تجاره', 1, 'fa fa-graduation-cap', '2021-01-27 07:24:28', '2021-01-27 07:24:31'),
(896, 'edit qualification_type علمى', 1, 'edit qualification_type علمى', 1, 'fa fa-graduation-cap', '2021-01-27 07:24:30', '2021-01-27 07:24:31'),
(897, 'edit qualification_type ادبى', 1, 'edit qualification_type ادبى', 1, 'fa fa-graduation-cap', '2021-01-27 07:24:32', '2021-01-27 07:24:36'),
(898, 'edit qualification_type علمى علوم', 1, 'edit qualification_type علمى علوم', 1, 'fa fa-graduation-cap', '2021-01-27 07:24:37', '2021-01-27 07:24:41'),
(899, 'edit qualification_type دبلوم تجاره مدرسه ببا', 1, 'edit qualification_type دبلوم تجاره مدرسه ببا', 1, 'fa fa-graduation-cap', '2021-01-27 07:24:39', '2021-01-27 07:24:41'),
(900, 'edit qualification_type ادبى', 1, 'edit qualification_type ادبى', 1, 'fa fa-graduation-cap', '2021-01-27 07:24:41', '2021-01-27 07:24:41'),
(901, 'edit qualification_type علمى', 1, 'edit qualification_type علمى', 1, 'fa fa-graduation-cap', '2021-01-27 07:24:48', '2021-01-27 07:24:51'),
(902, 'edit qualification_type ادبى', 1, 'edit qualification_type ادبى', 1, 'fa fa-graduation-cap', '2021-01-27 07:24:50', '2021-01-27 07:24:51'),
(903, 'add student_code_series 202110001', 1, 'add student_code_series 202110001', 1, 'fa fa-barcode', '2021-01-27 07:26:00', '2021-01-27 07:26:06'),
(904, 'add student_code_series 202120001', 1, 'add student_code_series 202120001', 1, 'fa fa-barcode', '2021-01-27 07:26:19', '2021-01-27 07:26:21'),
(905, 'edit student_code_series 202030001', 1, 'edit student_code_series 202030001', 1, 'fa fa-barcode', '2021-01-27 07:26:45', '2021-01-27 07:26:51'),
(906, 'add student_code_series 202130001', 1, 'add student_code_series 202130001', 1, 'fa fa-barcode', '2021-01-27 07:27:02', '2021-01-27 07:27:06'),
(907, 'add student_code_series 202140001', 1, 'add student_code_series 202140001', 1, 'fa fa-barcode', '2021-01-27 07:27:15', '2021-01-27 07:27:16'),
(908, 'ملف تقديم جديد ', 1, 'ملف تقديم جديد سيف الاسلام', 1, 'fa fa-file-o', '2021-01-27 07:28:39', '2021-01-27 07:28:41'),
(909, 'تعديل ملف تقديم ', 1, 'تعديل ملف تقديم سيف الاسلام', 1, 'fa fa-file-o', '2021-01-27 07:31:18', '2021-01-27 07:31:22'),
(910, 'الطالب سيف الاسلام دفع 100 فى الخزينه ', 1, 'الطالب سيف الاسلام دفع 100 فى الخزينه ', 1, 'fa fa-money', '2021-01-27 07:33:35', '2021-01-27 07:33:37'),
(911, 'مبلغ الايصال طرح من الخزينه خزنة شؤن الطلاب', 1, 'مبلغ الايصال طرح من الخزينه خزنة شؤن الطلاب', 1, 'fa fa-money', '2021-01-27 07:34:05', '2021-01-27 07:34:06'),
(912, 'تعديل الخدمه كارنية ورقى', 1, 'تعديل الخدمه كارنية ورقى', 1, 'fa fa-trophy', '2021-01-27 07:43:17', '2021-01-27 07:43:19'),
(913, 'تعديل الخدمه كارنية ورقى', 1, 'تعديل الخدمه كارنية ورقى', 1, 'fa fa-trophy', '2021-01-27 07:43:21', '2021-01-27 07:43:24'),
(914, 'تعديل الخدمه شهادة اثبات قيد', 1, 'تعديل الخدمه شهادة اثبات قيد', 1, 'fa fa-trophy', '2021-01-27 07:43:29', '2021-01-27 07:43:35'),
(915, 'ملف تقديم جديد ', 1, 'ملف تقديم جديد لطفى احمد محمد', 1, 'fa fa-file-o', '2021-01-27 07:48:03', '2021-01-27 07:48:05'),
(916, 'الطالب لطفى احمد محمد دفع 100 فى الخزينه ', 1, 'الطالب لطفى احمد محمد دفع 100 فى الخزينه ', 1, 'fa fa-money', '2021-01-27 07:49:34', '2021-01-27 07:49:35'),
(917, 'تقسيط رسوم الطالب لطفى احمد محمد', 1, 'تقسيط رسوم الطالب لطفى احمد محمد', 1, 'fa fa-calendar', '2021-01-27 07:51:07', '2021-01-27 07:51:10'),
(918, 'الطالب لطفى احمد محمد دفع 1000 فى الخزينه ', 1, 'الطالب لطفى احمد محمد دفع 1000 فى الخزينه ', 1, 'fa fa-money', '2021-01-27 07:51:16', '2021-01-27 07:51:20'),
(919, 'اضافة خزينه كتب', 1, 'اضافة خزينه كتب', 1, 'fa fa-trophy', '2021-01-27 07:52:06', '2021-01-27 07:52:09'),
(920, 'اضافة خدمه كتب', 1, 'اضافة خدمه كتب', 1, 'fa fa-trophy', '2021-01-27 07:53:05', '2021-01-27 07:53:10'),
(921, 'الطالب لطفى احمد محمد دفع 700 فى الخزينه ', 1, 'الطالب لطفى احمد محمد دفع 700 فى الخزينه ', 1, 'fa fa-money', '2021-01-27 07:53:37', '2021-01-27 07:53:40'),
(922, 'تعديل الخدمه كتب', 1, 'تعديل الخدمه كتب', 1, 'fa fa-trophy', '2021-01-27 08:14:19', '2021-01-27 08:14:20'),
(923, 'الطالب سيف الاسلام دفع 800 فى الخزينه ', 1, 'الطالب سيف الاسلام دفع 800 فى الخزينه ', 1, 'fa fa-money', '2021-01-27 08:16:25', '2021-01-27 08:16:25'),
(924, 'الطالب سيف الاسلام دفع 1685 فى الخزينه ', 1, 'الطالب سيف الاسلام دفع 1685 فى الخزينه ', 1, 'fa fa-money', '2021-01-27 08:19:07', '2021-01-27 08:19:13'),
(925, 'الطالب لطفى احمد محمد دفع 50 فى الخزينه ', 1, 'الطالب لطفى احمد محمد دفع 50 فى الخزينه ', 1, 'fa fa-money', '2021-01-27 08:27:05', '2021-01-27 08:27:06'),
(926, 'طالب جديد ', 1, 'طالب جديد ابانوب محب', 1, 'fa fa-user', '2021-01-27 08:33:10', '2021-01-27 08:33:16'),
(927, 'طالب جديد ', 1, 'طالب جديد ابانوب محب', 1, 'fa fa-user', '2021-01-27 08:33:43', '2021-01-27 08:33:46'),
(928, 'طالب جديد ', 1, 'طالب جديد ابانوب محب', 1, 'fa fa-user', '2021-01-27 08:41:05', '2021-01-27 08:41:11'),
(929, 'الطالب ابانوب محب دفع 980 فى الخزينه ', 1, 'الطالب ابانوب محب دفع 980 فى الخزينه ', 1, 'fa fa-money', '2021-01-27 08:51:43', '2021-01-27 08:51:48'),
(930, 'الطالب ابانوب محب دفع 50 فى الخزينه ', 1, 'الطالب ابانوب محب دفع 50 فى الخزينه ', 1, 'fa fa-money', '2021-01-27 09:05:48', '2021-01-27 09:24:18'),
(931, 'تغير الترجمه ', 1, 'تغير الترجمه ', 1, 'fa fa-language', '2021-01-31 10:48:23', '2021-01-31 10:49:12'),
(932, 'تغير الترجمه ', 1, 'تغير الترجمه ', 1, 'fa fa-language', '2021-01-31 10:49:10', '2021-01-31 10:49:12'),
(933, 'تقسيط رسوم الطالب مريم محمد ابوالخير محمد عبدالصمد', 1, 'تقسيط رسوم الطالب مريم محمد ابوالخير محمد عبدالصمد', 1, 'fa fa-calendar', '2021-02-02 06:01:57', '2021-02-02 06:02:02'),
(934, 'add Bank CIB Bank', 1, 'add Bank CIB Bank', 1, 'fa fa-bank', '2021-02-02 07:12:19', '2021-02-02 07:12:23'),
(935, 'add check 2021-02-02', 1, 'add check 2021-02-02', 1, 'fa fa-newspaper-o', '2021-02-02 07:39:04', '2021-02-02 07:40:13'),
(936, 'add check 2021-02-03', 1, 'add check 2021-02-03', 1, 'fa fa-newspaper-o', '2021-02-02 07:40:10', '2021-02-02 07:40:13'),
(937, 'add check 2021-02-02', 1, 'add check 2021-02-02', 1, 'fa fa-newspaper-o', '2021-02-02 07:49:57', '2021-02-02 07:50:02'),
(938, 'edit check 2021-02-02', 1, 'edit check 2021-02-02', 1, 'fa fa-newspaper-o', '2021-02-02 07:50:15', '2021-02-02 07:50:17'),
(939, 'edit check 2021-02-02', 1, 'edit check 2021-02-02', 1, 'fa fa-newspaper-o', '2021-02-02 07:51:02', '2021-02-02 07:51:08'),
(940, 'edit check 2021-02-02', 1, 'edit check 2021-02-02', 1, 'fa fa-newspaper-o', '2021-02-02 07:51:58', '2021-02-02 07:52:02'),
(941, 'edit check 2021-02-02', 1, 'edit check 2021-02-02', 1, 'fa fa-newspaper-o', '2021-02-02 07:54:09', '2021-02-02 07:54:12'),
(942, 'الطالب مريم محمد ابوالخير محمد عبدالصمد دفع 1000 فى الخزينه ', 1, 'الطالب مريم محمد ابوالخير محمد عبدالصمد دفع 1000 فى الخزينه ', 1, 'fa fa-money', '2021-02-02 07:57:25', '2021-02-02 07:57:29'),
(943, 'edit check 2021-02-02', 1, 'edit check 2021-02-02', 1, 'fa fa-newspaper-o', '2021-02-02 08:02:39', '2021-02-02 08:02:44'),
(944, 'edit check 2021-02-02', 1, 'edit check 2021-02-02', 1, 'fa fa-newspaper-o', '2021-02-02 08:04:41', '2021-02-02 08:04:44'),
(945, 'remove Tree ', 1, 'remove Tree ', 1, 'fa fa-trophy', '2021-02-02 09:34:42', '2021-02-02 09:37:27'),
(946, 'remove Tree ', 1, 'remove Tree ', 1, 'fa fa-trophy', '2021-02-02 09:34:43', '2021-02-02 09:37:27'),
(947, 'remove Tree ', 1, 'remove Tree ', 1, 'fa fa-trophy', '2021-02-02 09:34:43', '2021-02-02 09:37:27'),
(948, 'remove Tree ', 1, 'remove Tree ', 1, 'fa fa-trophy', '2021-02-02 09:34:59', '2021-02-02 09:37:27'),
(949, 'remove Tree ', 1, 'remove Tree ', 1, 'fa fa-trophy', '2021-02-02 09:34:59', '2021-02-02 09:37:27'),
(950, 'remove Tree ', 1, 'remove Tree ', 1, 'fa fa-trophy', '2021-02-02 09:35:08', '2021-02-02 09:37:27'),
(951, 'remove Tree ', 1, 'remove Tree ', 1, 'fa fa-trophy', '2021-02-02 09:35:09', '2021-02-02 09:37:27'),
(952, 'remove Tree ', 1, 'remove Tree ', 1, 'fa fa-trophy', '2021-02-02 09:35:09', '2021-02-02 09:37:27'),
(953, 'remove Tree ', 1, 'remove Tree ', 1, 'fa fa-trophy', '2021-02-02 09:35:12', '2021-02-02 09:37:27'),
(954, 'remove Tree ', 1, 'remove Tree ', 1, 'fa fa-trophy', '2021-02-02 09:35:15', '2021-02-02 09:37:27'),
(955, 'remove Tree ', 1, 'remove Tree ', 1, 'fa fa-trophy', '2021-02-02 09:35:15', '2021-02-02 09:37:27'),
(956, 'remove Tree ', 1, 'remove Tree ', 1, 'fa fa-trophy', '2021-02-02 09:35:16', '2021-02-02 09:37:27'),
(957, 'remove Tree ', 1, 'remove Tree ', 1, 'fa fa-trophy', '2021-02-02 09:35:21', '2021-02-02 09:37:27'),
(958, 'remove Tree ', 1, 'remove Tree ', 1, 'fa fa-trophy', '2021-02-02 09:35:24', '2021-02-02 09:37:27'),
(959, 'remove Tree ', 1, 'remove Tree ', 1, 'fa fa-trophy', '2021-02-02 09:35:24', '2021-02-02 09:37:27'),
(960, 'remove Tree ', 1, 'remove Tree ', 1, 'fa fa-trophy', '2021-02-02 09:35:26', '2021-02-02 09:37:27'),
(961, 'remove Tree ', 1, 'remove Tree ', 1, 'fa fa-trophy', '2021-02-02 09:35:26', '2021-02-02 09:37:27'),
(962, 'remove Tree ', 1, 'remove Tree ', 1, 'fa fa-trophy', '2021-02-02 09:35:28', '2021-02-02 09:37:27'),
(963, 'remove Tree ', 1, 'remove Tree ', 1, 'fa fa-trophy', '2021-02-02 09:35:28', '2021-02-02 09:37:27'),
(964, 'remove Tree ', 1, 'remove Tree ', 1, 'fa fa-trophy', '2021-02-02 09:35:29', '2021-02-02 09:37:27'),
(965, 'remove Tree ', 1, 'remove Tree ', 1, 'fa fa-trophy', '2021-02-02 09:35:33', '2021-02-02 09:37:27'),
(966, 'remove Tree ', 1, 'remove Tree ', 1, 'fa fa-trophy', '2021-02-02 09:35:33', '2021-02-02 09:37:27'),
(967, 'remove Tree ', 1, 'remove Tree ', 1, 'fa fa-trophy', '2021-02-02 09:35:33', '2021-02-02 09:37:27'),
(968, 'remove Tree ', 1, 'remove Tree ', 1, 'fa fa-trophy', '2021-02-02 09:35:35', '2021-02-02 09:37:27'),
(969, 'remove Tree ', 1, 'remove Tree ', 1, 'fa fa-trophy', '2021-02-02 09:35:35', '2021-02-02 09:37:27'),
(970, 'remove Tree ', 1, 'remove Tree ', 1, 'fa fa-trophy', '2021-02-02 09:35:35', '2021-02-02 09:37:27'),
(971, 'remove Tree ', 1, 'remove Tree ', 1, 'fa fa-trophy', '2021-02-02 09:35:38', '2021-02-02 09:37:27'),
(972, 'remove Tree ', 1, 'remove Tree ', 1, 'fa fa-trophy', '2021-02-02 09:35:41', '2021-02-02 09:37:27'),
(973, 'remove Tree ', 1, 'remove Tree ', 1, 'fa fa-trophy', '2021-02-02 09:35:44', '2021-02-02 09:37:27'),
(974, 'remove Tree ', 1, 'remove Tree ', 1, 'fa fa-trophy', '2021-02-02 09:35:44', '2021-02-02 09:37:27'),
(975, 'remove Tree ', 1, 'remove Tree ', 1, 'fa fa-trophy', '2021-02-02 09:35:44', '2021-02-02 09:37:27'),
(976, 'edit Tree ', 1, 'edit Tree ', 1, 'fa fa-trophy', '2021-02-02 09:35:48', '2021-02-02 09:37:27'),
(977, 'edit Tree ', 1, 'edit Tree ', 1, 'fa fa-trophy', '2021-02-02 09:35:48', '2021-02-02 09:37:27'),
(978, 'edit Tree ', 1, 'edit Tree ', 1, 'fa fa-trophy', '2021-02-02 09:35:48', '2021-02-02 09:37:27'),
(979, 'remove Tree ', 1, 'remove Tree ', 1, 'fa fa-trophy', '2021-02-02 09:35:50', '2021-02-02 09:37:27'),
(980, 'remove Tree ', 1, 'remove Tree ', 1, 'fa fa-trophy', '2021-02-02 09:35:50', '2021-02-02 09:37:27'),
(981, 'remove Tree ', 1, 'remove Tree ', 1, 'fa fa-trophy', '2021-02-02 09:35:50', '2021-02-02 09:37:27'),
(982, 'remove Tree ', 1, 'remove Tree ', 1, 'fa fa-trophy', '2021-02-02 09:35:51', '2021-02-02 09:37:27'),
(983, 'remove Tree ', 1, 'remove Tree ', 1, 'fa fa-trophy', '2021-02-02 09:35:51', '2021-02-02 09:37:27'),
(984, 'remove Tree ', 1, 'remove Tree ', 1, 'fa fa-trophy', '2021-02-02 09:35:57', '2021-02-02 09:37:27'),
(985, 'remove Tree ', 1, 'remove Tree ', 1, 'fa fa-trophy', '2021-02-02 09:35:57', '2021-02-02 09:37:27'),
(986, 'remove Tree ', 1, 'remove Tree ', 1, 'fa fa-trophy', '2021-02-02 09:35:57', '2021-02-02 09:37:27'),
(987, 'edit Tree ', 1, 'edit Tree ', 1, 'fa fa-trophy', '2021-02-02 09:36:07', '2021-02-02 09:37:27'),
(988, 'edit Tree ', 1, 'edit Tree ', 1, 'fa fa-trophy', '2021-02-02 09:36:07', '2021-02-02 09:37:27'),
(989, 'edit Tree ', 1, 'edit Tree ', 1, 'fa fa-trophy', '2021-02-02 09:36:08', '2021-02-02 09:37:27'),
(990, 'remove Tree ', 1, 'remove Tree ', 1, 'fa fa-trophy', '2021-02-02 09:36:09', '2021-02-02 09:37:27'),
(991, 'remove Tree ', 1, 'remove Tree ', 1, 'fa fa-trophy', '2021-02-02 09:36:09', '2021-02-02 09:37:27'),
(992, 'remove Tree ', 1, 'remove Tree ', 1, 'fa fa-trophy', '2021-02-02 09:36:12', '2021-02-02 09:37:27'),
(993, 'remove Tree ', 1, 'remove Tree ', 1, 'fa fa-trophy', '2021-02-02 09:36:12', '2021-02-02 09:37:27'),
(994, 'remove Tree ', 1, 'remove Tree ', 1, 'fa fa-trophy', '2021-02-02 09:36:12', '2021-02-02 09:37:27'),
(995, 'remove Tree ', 1, 'remove Tree ', 1, 'fa fa-trophy', '2021-02-02 09:36:15', '2021-02-02 09:37:27'),
(996, 'remove Tree ', 1, 'remove Tree ', 1, 'fa fa-trophy', '2021-02-02 09:36:15', '2021-02-02 09:37:27'),
(997, 'remove Tree ', 1, 'remove Tree ', 1, 'fa fa-trophy', '2021-02-02 09:36:15', '2021-02-02 09:37:27'),
(998, 'remove Tree ', 1, 'remove Tree ', 1, 'fa fa-trophy', '2021-02-02 09:36:18', '2021-02-02 09:37:27'),
(999, 'remove Tree ', 1, 'remove Tree ', 1, 'fa fa-trophy', '2021-02-02 09:36:18', '2021-02-02 09:37:27'),
(1000, 'remove Tree ', 1, 'remove Tree ', 1, 'fa fa-trophy', '2021-02-02 09:37:56', '2021-02-02 09:38:00'),
(1001, 'remove Tree ', 1, 'remove Tree ', 1, 'fa fa-trophy', '2021-02-02 09:40:07', '2021-02-02 09:40:11'),
(1002, 'add tree new_expense', 1, 'add tree new_expense', 1, 'fa fa-trophy', '2021-02-02 09:40:20', '2021-02-02 09:54:41'),
(1003, 'edit Tree ', 1, 'edit Tree ', 1, 'fa fa-trophy', '2021-02-02 09:40:26', '2021-02-02 09:54:41'),
(1004, 'add tree new_expense', 1, 'add tree new_expense', 1, 'fa fa-trophy', '2021-02-02 09:42:02', '2021-02-02 09:54:41'),
(1005, 'edit Tree ', 1, 'edit Tree ', 1, 'fa fa-trophy', '2021-02-02 09:42:07', '2021-02-02 09:54:41'),
(1006, 'add tree new_expense', 1, 'add tree new_expense', 1, 'fa fa-trophy', '2021-02-02 09:42:28', '2021-02-02 09:54:41'),
(1007, 'edit Tree ', 1, 'edit Tree ', 1, 'fa fa-trophy', '2021-02-02 09:42:32', '2021-02-02 09:54:41'),
(1008, 'فتح المقررات ', 1, 'فتح المقررات ', 1, 'fa fa-book', '2021-02-02 09:54:36', '2021-02-02 09:54:41'),
(1009, 'add daily ', 1, 'add daily ', 1, 'fa fa-trophy', '2021-02-02 10:27:48', '2021-02-02 10:28:23'),
(1010, 'remove daily ', 1, 'remove daily ', 1, 'fa fa-trophy', '2021-02-02 10:38:18', '2021-02-02 10:38:22'),
(1011, 'edit Tree ', 1, 'edit Tree ', 1, 'fa fa-trophy', '2021-02-02 10:38:48', '2021-02-02 10:39:43'),
(1012, 'edit Tree ', 1, 'edit Tree ', 1, 'fa fa-trophy', '2021-02-02 10:38:48', '2021-02-02 10:39:43'),
(1013, 'edit Tree ', 1, 'edit Tree ', 1, 'fa fa-trophy', '2021-02-02 10:38:53', '2021-02-02 10:39:43'),
(1014, 'edit Tree ', 1, 'edit Tree ', 1, 'fa fa-trophy', '2021-02-02 10:38:53', '2021-02-02 10:39:43'),
(1015, 'add daily ', 1, 'add daily ', 1, 'fa fa-trophy', '2021-02-02 10:39:39', '2021-02-02 10:39:43'),
(1016, 'edit daily ', 1, 'edit daily ', 1, 'fa fa-trophy', '2021-02-02 10:39:56', '2021-02-02 10:39:58'),
(1017, 'add daily ', 1, 'add daily ', 1, 'fa fa-trophy', '2021-02-02 10:40:33', '2021-02-02 10:40:38'),
(1018, 'edit daily ', 1, 'edit daily ', 1, 'fa fa-trophy', '2021-02-02 10:41:14', '2021-02-02 10:41:18'),
(1019, 'add daily ', 1, 'add daily ', 1, 'fa fa-trophy', '2021-02-02 11:05:52', '2021-02-02 11:05:54'),
(1020, 'add tree new_expense', 1, 'add tree new_expense', 1, 'fa fa-trophy', '2021-02-02 11:32:56', '2021-02-02 11:53:36'),
(1021, 'edit Tree ', 1, 'edit Tree ', 1, 'fa fa-trophy', '2021-02-02 11:33:10', '2021-02-02 11:53:36'),
(1022, 'edit Tree ', 1, 'edit Tree ', 1, 'fa fa-trophy', '2021-02-02 11:33:39', '2021-02-02 11:53:36'),
(1023, 'اضافة خزينه خزنة تجريبية', 1, 'اضافة خزينه خزنة تجريبية', 1, 'fa fa-trophy', '2021-02-02 12:08:19', '2021-02-02 12:08:22'),
(1024, 'add transformation 2021-02-02', 1, 'add transformation 2021-02-02', 1, 'fa fa-trophy', '2021-02-02 12:12:50', '2021-02-02 12:12:56'),
(1025, 'remove transformation ', 1, 'remove transformation ', 1, 'fa fa-trophy', '2021-02-02 12:12:57', '2021-02-02 12:12:59');

-- --------------------------------------------------------

--
-- Table structure for table `parents`
--

CREATE TABLE `parents` (
  `id` bigint(20) UNSIGNED NOT NULL,
  `name` varchar(191) COLLATE utf8mb4_unicode_ci NOT NULL,
  `parent_job_id` int(11) NOT NULL,
  `phone` varchar(191) COLLATE utf8mb4_unicode_ci NOT NULL,
  `address` varchar(191) COLLATE utf8mb4_unicode_ci NOT NULL,
  `national_id` varchar(191) COLLATE utf8mb4_unicode_ci NOT NULL,
  `count_students` int(11) NOT NULL,
  `notes` varchar(191) COLLATE utf8mb4_unicode_ci DEFAULT NULL,
  `created_at` timestamp NULL DEFAULT NULL,
  `updated_at` timestamp NULL DEFAULT NULL
) ENGINE=InnoDB DEFAULT CHARSET=utf8mb4 COLLATE=utf8mb4_unicode_ci;

-- --------------------------------------------------------

--
-- Table structure for table `parent_jobs`
--

CREATE TABLE `parent_jobs` (
  `id` bigint(20) UNSIGNED NOT NULL,
  `name` varchar(191) COLLATE utf8mb4_unicode_ci NOT NULL,
  `notes` varchar(191) COLLATE utf8mb4_unicode_ci DEFAULT NULL,
  `created_at` timestamp NULL DEFAULT NULL,
  `updated_at` timestamp NULL DEFAULT NULL
) ENGINE=InnoDB DEFAULT CHARSET=utf8mb4 COLLATE=utf8mb4_unicode_ci;

--
-- Dumping data for table `parent_jobs`
--

INSERT INTO `parent_jobs` (`id`, `name`, `notes`, `created_at`, `updated_at`) VALUES
(1, 'طبيب بشرى', NULL, '2020-08-05 08:26:56', '2020-08-05 08:26:56'),
(2, 'مهندس مدنى', NULL, '2020-08-05 08:27:04', '2020-08-05 08:27:04'),
(3, 'محامى', NULL, '2020-08-11 13:46:41', '2020-08-11 13:46:41'),
(4, 'اعمال حره', NULL, '2020-08-11 13:46:53', '2020-08-11 13:46:53'),
(5, 'تاجر', NULL, '2020-08-11 13:47:05', '2020-08-11 13:47:05'),
(6, 'رجل اعمال', NULL, '2020-08-11 13:47:19', '2020-08-11 13:47:19'),
(7, 'مدرس', NULL, '2020-08-11 13:47:32', '2020-08-11 13:47:32'),
(8, 'موظف حكومى', NULL, '2020-08-11 13:47:47', '2020-08-11 13:47:47');

-- --------------------------------------------------------

--
-- Table structure for table `parent_relation_type`
--

CREATE TABLE `parent_relation_type` (
  `id` bigint(20) UNSIGNED NOT NULL,
  `name` varchar(191) COLLATE utf8mb4_unicode_ci NOT NULL,
  `notes` varchar(191) COLLATE utf8mb4_unicode_ci DEFAULT NULL,
  `created_at` timestamp NULL DEFAULT NULL,
  `updated_at` timestamp NULL DEFAULT NULL
) ENGINE=InnoDB DEFAULT CHARSET=utf8mb4 COLLATE=utf8mb4_unicode_ci;

--
-- Dumping data for table `parent_relation_type`
--

INSERT INTO `parent_relation_type` (`id`, `name`, `notes`, `created_at`, `updated_at`) VALUES
(1, 'اب', NULL, '2020-11-22 08:05:36', '2020-11-22 08:05:36'),
(2, 'عم', NULL, '2020-11-22 08:05:45', '2020-11-22 08:05:45'),
(3, 'خال', NULL, '2020-11-22 08:05:51', '2020-11-22 08:05:51'),
(4, 'جد', NULL, '2020-11-22 08:06:06', '2020-11-22 08:06:06');

-- --------------------------------------------------------

--
-- Table structure for table `password_resets`
--

CREATE TABLE `password_resets` (
  `email` varchar(191) COLLATE utf8mb4_unicode_ci NOT NULL,
  `token` varchar(191) COLLATE utf8mb4_unicode_ci NOT NULL,
  `created_at` timestamp NULL DEFAULT NULL
) ENGINE=InnoDB DEFAULT CHARSET=utf8mb4 COLLATE=utf8mb4_unicode_ci;

-- --------------------------------------------------------

--
-- Table structure for table `permissions`
--

CREATE TABLE `permissions` (
  `id` bigint(20) UNSIGNED NOT NULL,
  `name` varchar(191) COLLATE utf8mb4_unicode_ci NOT NULL,
  `display_name` varchar(191) COLLATE utf8mb4_unicode_ci DEFAULT NULL,
  `description` varchar(191) COLLATE utf8mb4_unicode_ci DEFAULT NULL,
  `group_id` int(11) DEFAULT NULL,
  `created_at` timestamp NULL DEFAULT NULL,
  `updated_at` timestamp NULL DEFAULT NULL
) ENGINE=InnoDB DEFAULT CHARSET=utf8mb4 COLLATE=utf8mb4_unicode_ci;

--
-- Dumping data for table `permissions`
--

INSERT INTO `permissions` (`id`, `name`, `display_name`, `description`, `group_id`, `created_at`, `updated_at`) VALUES
(1, 'application_add', 'اضافة ملف تقديم', NULL, 1, '2020-12-27 10:20:28', '2020-12-27 10:20:28'),
(2, 'applicattion_edit', 'تعديل ملف تقديم', NULL, 1, '2020-12-27 10:20:29', '2020-12-27 10:20:29'),
(3, 'application_remove', 'حذف ملف تقديم', NULL, 1, '2020-12-27 10:20:31', '2020-12-27 10:20:31'),
(4, 'application_read', 'عرض ملفات التقديم', NULL, 1, '2020-12-27 10:21:00', '2020-12-27 10:21:00'),
(5, 'student_read', 'عرض الطلاب', NULL, 1, '2020-12-27 10:25:48', '2020-12-27 10:25:48'),
(6, 'student_edit', 'تعديل طالب', NULL, 1, '2020-12-27 10:25:49', '2020-12-27 10:25:49'),
(7, 'student_add', 'اضافة طالب', NULL, 1, '2020-12-27 10:25:50', '2020-12-27 10:25:50'),
(8, 'student_remove', 'حذف طالب', NULL, 1, '2020-12-27 10:25:52', '2020-12-27 10:25:52'),
(9, 'required_document_read', 'عرض الاوراق المطلوبة', NULL, 1, '2020-12-27 10:29:27', '2020-12-27 10:29:27'),
(10, 'required_document_edit', 'تعديل الاوراق المطلوبة', NULL, 1, '2020-12-27 10:29:28', '2020-12-27 10:29:28'),
(11, 'required_document_add', 'اضافة الاوراق المطلوبة', NULL, 1, '2020-12-27 10:29:29', '2020-12-27 10:29:29'),
(12, 'required_document_remove', 'حذف الاوراق المطلوبة', NULL, 1, '2020-12-27 10:29:30', '2020-12-27 10:29:30'),
(13, 'application_required', 'متطلبات التقديم', NULL, 1, '2020-12-27 10:33:41', '2020-12-27 10:33:41'),
(14, 'application_setting', 'اعدادات التقديم', NULL, 1, '2020-12-27 10:33:42', '2020-12-27 10:33:42'),
(15, 'safe_student_payment', 'مدفوعات الطالب', NULL, 7, '2020-12-27 10:46:17', '2020-12-27 10:46:17'),
(16, 'safe_student_service', 'متنوعات الطالب', NULL, 7, '2020-12-27 10:46:18', '2020-12-27 10:46:18'),
(17, 'safe_student_my_installment', 'اقساط الطالب', NULL, 7, '2020-12-27 10:47:12', '2020-12-27 10:47:12'),
(18, 'safe_student_installment', 'نظام التقسيط', NULL, 7, '2020-12-27 10:47:14', '2020-12-27 10:47:14'),
(19, 'safe_note', 'اكتب ملاحظة', NULL, 7, '2020-12-27 10:49:43', '2020-12-27 10:49:43'),
(20, 'safe_setting', 'تغير الاعدادات', NULL, 7, '2020-12-27 10:49:44', '2020-12-27 10:49:44'),
(21, 'safe_discount', 'انشاء طلب اعفاء', NULL, 7, '2020-12-27 10:49:45', '2020-12-27 10:49:45'),
(22, 'safe_balance_reset', 'تصفير مديونية طالب', NULL, 7, '2020-12-27 10:49:47', '2020-12-27 10:49:47'),
(23, 'safe_service', 'الخدمات', NULL, 7, '2020-12-27 10:50:20', '2020-12-27 10:50:20'),
(24, 'service_read', 'عرض الخدمات', NULL, 2, '2020-12-27 11:34:27', '2020-12-27 11:34:27'),
(25, 'service_edit', 'تعديل خدمه', NULL, 2, '2020-12-27 11:34:28', '2020-12-27 11:34:28'),
(26, 'service_add', 'اضافة خدمه', NULL, 2, '2020-12-27 11:34:30', '2020-12-27 11:34:30'),
(27, 'service_remove', 'حذف خدمه', NULL, 2, '2020-12-27 11:34:31', '2020-12-27 11:34:31'),
(28, 'safe_read', 'عرض الخزن', NULL, 2, '2020-12-27 11:34:33', '2020-12-27 11:34:33'),
(29, 'safe_edit', 'تعديل خزنه', NULL, 2, '2020-12-27 11:34:34', '2020-12-27 11:34:34'),
(30, 'safe_remove', 'حذف خزنة', NULL, 2, '2020-12-27 11:34:36', '2020-12-27 11:34:36'),
(31, 'safe_add', 'اضافة خزنة', NULL, 2, '2020-12-27 11:34:37', '2020-12-27 11:34:37'),
(32, 'academic_expense_read', 'عرض المصاريف الدراسية', NULL, 2, '2020-12-27 11:34:39', '2020-12-27 11:34:39'),
(33, 'academic_expense_edit', 'تعديل مصاريف الدراسية', NULL, 2, '2020-12-27 11:34:40', '2020-12-27 11:34:40'),
(34, 'academic_expense_add', 'اضافة مصاريف الدراسية', NULL, 2, '2020-12-27 11:34:41', '2020-12-27 11:34:41'),
(35, 'discount_type_read', 'عرض انواع الخصومات', NULL, 2, '2020-12-27 11:34:43', '2020-12-27 11:34:43'),
(36, 'discount_type_add', 'اضافة  انواع الخصومات', NULL, 2, '2020-12-27 11:34:45', '2020-12-27 11:34:45'),
(37, 'discount_type_remove', 'حذف انواع الخصومات', NULL, 2, '2020-12-27 11:34:46', '2020-12-27 11:34:46'),
(38, 'installment_report', 'تقرير اقساط الطلاب', NULL, 2, '2020-12-27 11:34:47', '2020-12-27 11:34:47'),
(40, 'report_creator_report', 'معالج انشاء التقارير', NULL, 2, '2020-12-27 11:34:50', '2020-12-27 11:34:50'),
(41, 'student_balance_report', 'تقرير ارصدة الطلاب', NULL, 2, '2020-12-27 11:34:51', '2020-12-27 11:34:51'),
(42, 'student_discount_report', 'تقرير المنح و الخصومات', NULL, 2, '2020-12-27 11:34:52', '2020-12-27 11:34:52'),
(43, 'student_detail_report', 'كشف حساب طالب', NULL, 2, '2020-12-27 11:34:54', '2020-12-27 11:34:54'),
(44, 'payment_detail_report', 'تقرير مدفوعات الطلاب', NULL, 2, '2020-12-27 11:35:00', '2020-12-27 11:35:00'),
(45, 'account_setting', 'اعدادات الحسابات', NULL, 2, '2020-12-27 11:35:01', '2020-12-27 11:35:01'),
(46, 'discount_type_edit', 'تعديل انواع الخصومات', NULL, 2, '2020-12-27 11:35:12', '2020-12-27 11:35:12'),
(47, 'academic_expense_remove', 'حذف مصاريف الدراسية', NULL, 2, '2020-12-27 11:35:14', '2020-12-27 11:35:14'),
(48, 'card_export', 'وحدة اصدار الكارنيهات', NULL, 3, '2020-12-27 11:38:29', '2020-12-27 11:38:29'),
(49, 'card_export_report', 'تقرير وحدة اصدار الكارنيهات', NULL, 3, '2020-12-27 11:38:30', '2020-12-27 11:38:30'),
(50, 'result_transfer', 'ترحيل النتيجه', NULL, 8, '2020-12-27 11:48:13', '2020-12-27 11:48:13'),
(51, 'control_report', 'تقرير الكنترول', NULL, 8, '2020-12-27 11:48:14', '2020-12-27 11:48:14'),
(52, 'control', 'الكنترول', NULL, 8, '2020-12-27 11:48:15', '2020-12-27 11:48:15'),
(53, 'open_course', 'المقررات المفتوحة', NULL, 8, '2020-12-27 11:48:16', '2020-12-27 11:48:16'),
(54, 'academic_setting', 'اعدادات الارشاد', NULL, 8, '2020-12-27 11:48:18', '2020-12-27 11:48:18'),
(55, 'doctor_remove', 'حذف اعضاء هيئه التدريس', NULL, 8, '2020-12-27 11:48:19', '2020-12-28 05:46:21'),
(56, 'doctor_add', 'اضافة اعضاء هيئه التدريس', NULL, 8, '2020-12-27 11:48:20', '2020-12-28 05:46:23'),
(57, 'doctor_edit', 'تعديل اعضاء هيئه التدريس', NULL, 8, '2020-12-27 11:48:21', '2020-12-28 05:46:17'),
(58, 'doctor_read', 'عرض اعضاء هيئه التدريس', NULL, 8, '2020-12-27 11:48:23', '2020-12-27 12:14:09'),
(59, 'degree_map_remove', 'حذف تقدير', NULL, 8, '2020-12-27 11:48:24', '2020-12-27 11:48:24'),
(60, 'degree_map_add', 'اضافة تقدير', NULL, 8, '2020-12-27 11:48:33', '2020-12-27 11:48:33'),
(61, 'degree_map_edit', 'تعديل تقدير', NULL, 8, '2020-12-27 11:48:34', '2020-12-27 11:48:34'),
(62, 'degree_map_read', 'عرض التقديرات', NULL, 8, '2020-12-27 11:48:35', '2020-12-27 11:48:35'),
(63, 'course_category_remove', 'حذف نوع مقرر', NULL, 8, '2020-12-27 11:48:36', '2020-12-27 11:48:36'),
(64, 'course_category_add', 'اضافة نوع مقرر', NULL, 8, '2020-12-27 11:48:37', '2020-12-27 11:48:37'),
(65, 'course_category_edit', 'تعديل نوع مقرر', NULL, 8, '2020-12-27 11:48:39', '2020-12-27 11:48:39'),
(66, 'course_category_read', 'عرض نوع المقررات', NULL, 8, '2020-12-27 11:48:40', '2020-12-27 11:48:40'),
(67, 'course_remove', 'حذف مقرر', NULL, 8, '2020-12-27 11:48:41', '2020-12-27 11:48:41'),
(68, 'course_add', 'اضافة مقرر', NULL, 8, '2020-12-27 11:48:42', '2020-12-27 11:48:42'),
(69, 'course_edit', 'تعديل مقرر', NULL, 8, '2020-12-27 11:48:43', '2020-12-27 11:48:43'),
(70, 'course_read', 'عرض المقررات', NULL, 8, '2020-12-27 11:48:52', '2020-12-27 11:48:52'),
(71, 'student_register', 'تسجيل الارشاد الاكاديمى', NULL, 8, '2020-12-27 11:48:53', '2020-12-27 11:48:53'),
(72, 'translation', 'الترجمة', NULL, 4, '2020-12-27 12:01:59', '2020-12-27 12:01:59'),
(73, 'permission', 'الصلاحيات', NULL, 4, '2020-12-27 12:02:01', '2020-12-27 12:02:01'),
(74, 'student_code_series', 'مسلسل كود الطالب', NULL, 4, '2020-12-27 12:02:02', '2020-12-27 12:02:02'),
(75, 'relation', 'صلة القرابة', NULL, 4, '2020-12-27 12:02:03', '2020-12-27 12:02:03'),
(76, 'parent_job', 'وظيفة ولى الامر', NULL, 4, '2020-12-27 12:02:04', '2020-12-27 12:02:04'),
(77, 'nationality', 'الجنسية', NULL, 4, '2020-12-27 12:02:06', '2020-12-27 12:02:06'),
(78, 'language', 'اللغه', NULL, 4, '2020-12-27 12:02:07', '2020-12-27 12:02:07'),
(79, 'case_constraint', 'حالات القيد', NULL, 4, '2020-12-27 12:02:08', '2020-12-27 12:02:08'),
(80, 'registeration_status', 'حالات التسجيل', NULL, 4, '2020-12-27 12:02:09', '2020-12-27 12:07:50'),
(81, 'registeration_method', 'وسائل التعارف', NULL, 4, '2020-12-27 12:02:10', '2020-12-27 12:02:10'),
(82, 'academic_year', 'السنوات الدراسية', NULL, 4, '2020-12-27 12:02:19', '2020-12-27 12:02:19'),
(83, 'qualification_type', 'انواع المؤهلات', NULL, 4, '2020-12-27 12:02:21', '2020-12-27 12:02:21'),
(84, 'qualification', 'المؤهلات', NULL, 4, '2020-12-27 12:02:22', '2020-12-27 12:02:22'),
(85, 'department', 'الاقسام', NULL, 4, '2020-12-27 12:02:23', '2020-12-27 12:02:23'),
(86, 'division', 'الشعب', NULL, 4, '2020-12-27 12:02:24', '2020-12-27 12:02:24'),
(87, 'level', 'المستويات', NULL, 4, '2020-12-27 12:02:26', '2020-12-27 12:02:26'),
(88, 'city', 'المدن', NULL, 4, '2020-12-27 12:02:27', '2020-12-27 12:02:27'),
(89, 'government', 'المحافظات', NULL, 4, '2020-12-27 12:02:28', '2020-12-27 12:02:28'),
(90, 'country', 'الدول', NULL, 4, '2020-12-27 12:02:29', '2020-12-27 12:02:29'),
(91, 'military_status', 'حالات التجنيد', NULL, 5, '2020-12-27 12:08:42', '2020-12-27 12:08:42'),
(92, 'military_area', 'مناطق التجنيد', NULL, 5, '2020-12-27 12:08:43', '2020-12-27 12:08:43'),
(93, 'role_remove', 'حذف صلاحية', NULL, 6, '2020-12-27 12:10:44', '2020-12-27 12:10:44'),
(94, 'role_add', 'اضافة صلاحية', NULL, 6, '2020-12-27 12:10:45', '2020-12-27 12:10:45'),
(95, 'role_edit', 'تعديل صلاحية', NULL, 6, '2020-12-27 12:10:46', '2020-12-27 12:10:46'),
(96, 'role_read', 'عرض الصلاحيات', NULL, 6, '2020-12-27 12:10:47', '2020-12-27 12:10:47'),
(97, 'user_remove', 'حذف مستخدم', NULL, 6, '2020-12-27 12:10:48', '2020-12-27 12:10:48'),
(98, 'user_add', 'اضافة مستخدم', NULL, 6, '2020-12-27 12:10:50', '2020-12-27 12:10:50'),
(99, 'user_edit', 'تعديل مستخدم', NULL, 6, '2020-12-27 12:10:51', '2020-12-27 12:10:51'),
(100, 'user_read', 'عرض المستخدمين', NULL, 6, '2020-12-27 12:10:52', '2020-12-27 12:10:52'),
(101, 'application_edit', 'تعديل ملف تقديم', NULL, 1, '2020-12-28 08:27:36', '2020-12-28 08:27:36'),
(102, 'safe_student_payment_edit', 'تعديل مدفوعات الطالب', NULL, 7, '2020-12-28 10:17:43', '2020-12-28 10:17:43');

-- --------------------------------------------------------

--
-- Table structure for table `permission_groups`
--

CREATE TABLE `permission_groups` (
  `id` int(11) NOT NULL,
  `name` varchar(255) NOT NULL,
  `sort` varchar(255) DEFAULT NULL,
  `created_at` timestamp NULL DEFAULT NULL,
  `updated_at` timestamp NULL DEFAULT NULL
) ENGINE=InnoDB DEFAULT CHARSET=utf8mb4;

--
-- Dumping data for table `permission_groups`
--

INSERT INTO `permission_groups` (`id`, `name`, `sort`, `created_at`, `updated_at`) VALUES
(1, 'شئون الطلاب', '1', '2020-12-27 10:03:12', '2020-12-27 10:43:42'),
(2, 'اعدادات الحسابات', '2', '2020-12-27 10:05:37', '2020-12-27 10:43:44'),
(3, 'وحدة اصدار الكارنيهات', '4', '2020-12-27 10:05:56', '2020-12-27 10:43:45'),
(4, 'الاعدادات الرئيسية', '6', '2020-12-27 10:06:13', '2020-12-27 11:39:56'),
(5, 'التجنيد', '7', '2020-12-27 10:06:21', '2020-12-27 11:39:53'),
(6, 'المستخدمين', '8', '2020-12-27 10:06:31', '2020-12-27 11:39:52'),
(7, 'الخزينة', '3', '2020-12-27 10:40:15', '2020-12-27 10:43:50'),
(8, 'الارشاد الاكاديمى', '5', '2020-12-27 11:39:30', '2020-12-27 11:39:30');

-- --------------------------------------------------------

--
-- Table structure for table `permission_role`
--

CREATE TABLE `permission_role` (
  `permission_id` bigint(20) UNSIGNED NOT NULL,
  `role_id` bigint(20) UNSIGNED NOT NULL
) ENGINE=InnoDB DEFAULT CHARSET=utf8mb4 COLLATE=utf8mb4_unicode_ci;

--
-- Dumping data for table `permission_role`
--

INSERT INTO `permission_role` (`permission_id`, `role_id`) VALUES
(1, 1),
(1, 2),
(2, 1),
(2, 2),
(3, 1),
(3, 2),
(4, 1),
(4, 2),
(5, 1),
(5, 2),
(6, 1),
(6, 2),
(7, 1),
(7, 2),
(8, 1),
(8, 2),
(9, 1),
(9, 2),
(10, 1),
(10, 2),
(11, 1),
(11, 2),
(12, 1),
(12, 2),
(13, 1),
(13, 2),
(14, 1),
(14, 2),
(15, 1),
(15, 2),
(15, 4),
(15, 6),
(16, 1),
(16, 2),
(16, 4),
(16, 6),
(17, 1),
(17, 2),
(17, 4),
(17, 6),
(18, 1),
(18, 2),
(18, 4),
(19, 1),
(19, 2),
(19, 4),
(20, 1),
(20, 2),
(20, 4),
(21, 1),
(21, 2),
(21, 4),
(22, 1),
(22, 2),
(22, 4),
(23, 1),
(23, 2),
(23, 4),
(24, 1),
(24, 2),
(25, 1),
(25, 2),
(26, 1),
(26, 2),
(27, 1),
(27, 2),
(28, 1),
(28, 2),
(29, 1),
(29, 2),
(30, 1),
(30, 2),
(31, 1),
(31, 2),
(32, 1),
(32, 2),
(33, 1),
(33, 2),
(34, 1),
(34, 2),
(35, 1),
(35, 2),
(36, 1),
(36, 2),
(37, 1),
(37, 2),
(38, 1),
(38, 2),
(39, 2),
(40, 1),
(40, 2),
(41, 1),
(41, 2),
(42, 1),
(42, 2),
(43, 1),
(43, 2),
(44, 1),
(44, 2),
(44, 6),
(45, 1),
(45, 2),
(46, 1),
(46, 2),
(47, 1),
(47, 2),
(48, 1),
(48, 2),
(49, 1),
(49, 2),
(50, 1),
(50, 2),
(51, 1),
(51, 2),
(52, 1),
(52, 2),
(53, 1),
(53, 2),
(54, 1),
(54, 2),
(55, 1),
(55, 2),
(56, 1),
(56, 2),
(57, 1),
(57, 2),
(58, 1),
(58, 2),
(59, 1),
(59, 2),
(60, 1),
(60, 2),
(61, 1),
(61, 2),
(62, 1),
(62, 2),
(63, 1),
(63, 2),
(64, 1),
(64, 2),
(65, 1),
(65, 2),
(66, 1),
(66, 2),
(67, 1),
(67, 2),
(68, 1),
(68, 2),
(69, 1),
(69, 2),
(70, 1),
(70, 2),
(71, 1),
(71, 2),
(72, 1),
(72, 2),
(73, 1),
(74, 1),
(75, 1),
(76, 1),
(77, 1),
(78, 1),
(79, 1),
(80, 1),
(81, 1),
(82, 1),
(83, 1),
(84, 1),
(85, 1),
(86, 1),
(87, 1),
(88, 1),
(89, 1),
(90, 1),
(91, 1),
(92, 1),
(93, 1),
(94, 1),
(95, 1),
(96, 1),
(97, 1),
(98, 1),
(99, 1),
(100, 1),
(101, 1),
(102, 1);

-- --------------------------------------------------------

--
-- Table structure for table `permission_user`
--

CREATE TABLE `permission_user` (
  `permission_id` bigint(20) UNSIGNED NOT NULL,
  `user_id` bigint(20) UNSIGNED NOT NULL,
  `user_type` varchar(191) COLLATE utf8mb4_unicode_ci NOT NULL
) ENGINE=InnoDB DEFAULT CHARSET=utf8mb4 COLLATE=utf8mb4_unicode_ci;

-- --------------------------------------------------------

--
-- Table structure for table `qualifications`
--

CREATE TABLE `qualifications` (
  `id` bigint(20) UNSIGNED NOT NULL,
  `name` varchar(191) COLLATE utf8mb4_unicode_ci NOT NULL,
  `grade` double(8,2) NOT NULL,
  `notes` varchar(191) COLLATE utf8mb4_unicode_ci DEFAULT NULL,
  `is_azhar` tinyint(1) DEFAULT NULL,
  `created_at` timestamp NULL DEFAULT NULL,
  `updated_at` timestamp NULL DEFAULT NULL
) ENGINE=InnoDB DEFAULT CHARSET=utf8mb4 COLLATE=utf8mb4_unicode_ci;

--
-- Dumping data for table `qualifications`
--

INSERT INTO `qualifications` (`id`, `name`, `grade`, `notes`, `is_azhar`, `created_at`, `updated_at`) VALUES
(1, 'ثانوية عامة وما يعادلها', 410.00, NULL, NULL, '2020-08-05 08:23:06', '2020-08-19 19:23:08'),
(2, 'دبلوم صنايع مدرسه بنى سويف', 600.00, NULL, NULL, '2020-08-10 17:43:58', '2020-08-10 17:43:58'),
(3, 'دبلوم تجارى خمس سنوات', 700.00, 'لاؤرلاؤ', NULL, '2020-08-10 17:44:21', '2020-09-28 16:02:21'),
(4, 'ثانوى ازهرى', 450.00, NULL, 1, '2020-08-11 18:27:54', '2020-11-22 09:55:35');

-- --------------------------------------------------------

--
-- Table structure for table `qualification_types`
--

CREATE TABLE `qualification_types` (
  `id` bigint(20) UNSIGNED NOT NULL,
  `qualification_id` int(11) NOT NULL,
  `name` varchar(191) COLLATE utf8mb4_unicode_ci NOT NULL,
  `grade` double(8,2) NOT NULL,
  `notes` varchar(191) COLLATE utf8mb4_unicode_ci DEFAULT NULL,
  `academic_year_id` int(11) NOT NULL DEFAULT 1,
  `created_at` timestamp NULL DEFAULT NULL,
  `updated_at` timestamp NULL DEFAULT NULL,
  `level_id` int(11) NOT NULL
) ENGINE=InnoDB DEFAULT CHARSET=utf8mb4 COLLATE=utf8mb4_unicode_ci;

--
-- Dumping data for table `qualification_types`
--

INSERT INTO `qualification_types` (`id`, `qualification_id`, `name`, `grade`, `notes`, `academic_year_id`, `created_at`, `updated_at`, `level_id`) VALUES
(1, 1, 'ادبى', 220.00, NULL, 8, '2020-08-05 08:31:04', '2021-01-27 07:24:50', 1),
(2, 1, 'علمى', 380.00, NULL, 8, '2020-08-09 21:11:50', '2021-01-27 07:24:48', 1),
(5, 3, 'دبلوم تجاره مدرسه ببا', 630.00, NULL, 8, '2020-08-11 18:32:38', '2021-01-27 07:24:39', 2),
(6, 1, 'علمى علوم', 300.00, NULL, 8, '2020-08-12 00:34:51', '2021-01-27 07:24:37', 1),
(7, 1, 'ادبى', 300.00, NULL, 8, '2020-08-12 12:51:04', '2021-01-27 07:24:32', 1),
(8, 1, 'علمى', 400.00, NULL, 8, '2020-08-12 12:51:38', '2021-01-27 07:24:30', 1),
(9, 3, 'تجاره', 350.00, NULL, 8, '2020-08-12 12:52:32', '2021-01-27 07:24:28', 2),
(10, 2, 'صنايع', 300.00, NULL, 8, '2020-08-12 12:53:18', '2021-01-27 07:24:26', 1),
(11, 1, 'ادبى', 250.00, NULL, 8, '2020-08-12 12:56:13', '2021-01-27 07:24:24', 1),
(12, 2, 'دبلوم صنايعى مدرسة بنى سويف', 350.00, NULL, 8, '2020-08-12 14:46:01', '2021-01-27 07:24:22', 1),
(13, 4, 'علمى', 440.00, NULL, 8, '2020-08-19 19:20:13', '2021-01-27 07:24:19', 1),
(14, 4, 'ادبى', 420.00, NULL, 8, '2020-08-19 19:20:46', '2021-01-27 07:24:16', 1);

-- --------------------------------------------------------

--
-- Table structure for table `qualification_years`
--

CREATE TABLE `qualification_years` (
  `id` bigint(20) UNSIGNED NOT NULL,
  `qualification_id` int(10) UNSIGNED NOT NULL,
  `academic_year_id` int(11) NOT NULL,
  `acceptance_grade` double(8,2) NOT NULL,
  `level_id` int(10) UNSIGNED NOT NULL,
  `notes` varchar(191) COLLATE utf8mb4_unicode_ci DEFAULT NULL,
  `created_at` timestamp NULL DEFAULT NULL,
  `updated_at` timestamp NULL DEFAULT NULL
) ENGINE=InnoDB DEFAULT CHARSET=utf8mb4 COLLATE=utf8mb4_unicode_ci;

-- --------------------------------------------------------

--
-- Table structure for table `registeration_status`
--

CREATE TABLE `registeration_status` (
  `id` bigint(20) UNSIGNED NOT NULL,
  `name` varchar(191) COLLATE utf8mb4_unicode_ci NOT NULL,
  `notes` varchar(191) COLLATE utf8mb4_unicode_ci DEFAULT NULL,
  `created_at` timestamp NULL DEFAULT NULL,
  `updated_at` timestamp NULL DEFAULT NULL
) ENGINE=InnoDB DEFAULT CHARSET=utf8mb4 COLLATE=utf8mb4_unicode_ci;

--
-- Dumping data for table `registeration_status`
--

INSERT INTO `registeration_status` (`id`, `name`, `notes`, `created_at`, `updated_at`) VALUES
(2, 'تقديم مباشر', NULL, '2020-08-05 07:26:40', '2020-08-08 18:54:39'),
(3, 'تنسيق', NULL, '2020-08-08 18:54:53', '2020-08-08 18:54:53'),
(4, 'مقاصه (معاهد مناظره)', NULL, '2020-08-08 18:55:10', '2020-08-18 20:12:29'),
(8, 'مفصلين من كليات', NULL, '2020-08-12 15:20:56', '2020-08-12 15:20:56'),
(9, 'تحويل (معاهد غير مناظره)', '-', '2020-08-18 20:14:29', '2020-10-04 07:18:20');

-- --------------------------------------------------------

--
-- Table structure for table `registeration_status_document`
--

CREATE TABLE `registeration_status_document` (
  `id` int(11) NOT NULL,
  `registeration_status_id` int(11) NOT NULL,
  `required_document_id` int(11) NOT NULL,
  `created_at` timestamp NULL DEFAULT NULL,
  `updated_at` timestamp NULL DEFAULT NULL
) ENGINE=MyISAM DEFAULT CHARSET=utf8 COLLATE=utf8_unicode_ci;

--
-- Dumping data for table `registeration_status_document`
--

INSERT INTO `registeration_status_document` (`id`, `registeration_status_id`, `required_document_id`, `created_at`, `updated_at`) VALUES
(17, 7, 4, '2020-08-17 17:21:36', '2020-08-17 17:21:36'),
(16, 7, 2, '2020-08-17 17:21:36', '2020-08-17 17:21:36'),
(15, 7, 1, '2020-08-17 17:21:36', '2020-08-17 17:21:36'),
(66, 4, 20, '2020-08-18 20:13:29', '2020-08-18 20:13:29'),
(65, 4, 2, '2020-08-18 20:13:29', '2020-08-18 20:13:29'),
(18, 7, 5, '2020-08-17 17:21:36', '2020-08-17 17:21:36'),
(64, 4, 1, '2020-08-18 20:13:29', '2020-08-18 20:13:29'),
(78, 9, 19, '2020-10-04 07:19:31', '2020-10-04 07:19:31'),
(77, 9, 7, '2020-10-04 07:19:31', '2020-10-04 07:19:31'),
(34, 8, 11, '2020-08-17 17:24:24', '2020-08-17 17:24:24'),
(33, 8, 10, '2020-08-17 17:24:24', '2020-08-17 17:24:24'),
(32, 8, 9, '2020-08-17 17:24:24', '2020-08-17 17:24:24'),
(31, 8, 8, '2020-08-17 17:24:24', '2020-08-17 17:24:24'),
(30, 8, 7, '2020-08-17 17:24:24', '2020-08-17 17:24:24'),
(63, 2, 19, '2020-08-18 20:11:33', '2020-08-18 20:11:33'),
(62, 2, 18, '2020-08-18 20:11:33', '2020-08-18 20:11:33'),
(56, 3, 19, '2020-08-18 19:54:08', '2020-08-18 19:54:08'),
(55, 3, 18, '2020-08-18 19:54:08', '2020-08-18 19:54:08'),
(54, 3, 17, '2020-08-18 19:54:08', '2020-08-18 19:54:08'),
(61, 2, 17, '2020-08-18 20:11:33', '2020-08-18 20:11:33'),
(70, 10, 21, '2020-10-04 06:49:11', '2020-10-04 06:49:11'),
(71, 11, 19, '2020-10-04 06:49:32', '2020-10-04 06:49:32'),
(76, 9, 2, '2020-10-04 07:19:31', '2020-10-04 07:19:31');

-- --------------------------------------------------------

--
-- Table structure for table `registration_methods`
--

CREATE TABLE `registration_methods` (
  `id` bigint(20) UNSIGNED NOT NULL,
  `name` varchar(191) COLLATE utf8mb4_unicode_ci NOT NULL,
  `notes` varchar(191) COLLATE utf8mb4_unicode_ci DEFAULT NULL,
  `created_at` timestamp NULL DEFAULT NULL,
  `updated_at` timestamp NULL DEFAULT NULL
) ENGINE=InnoDB DEFAULT CHARSET=utf8mb4 COLLATE=utf8mb4_unicode_ci;

--
-- Dumping data for table `registration_methods`
--

INSERT INTO `registration_methods` (`id`, `name`, `notes`, `created_at`, `updated_at`) VALUES
(2, 'Facebook reaches', NULL, '2020-08-05 07:51:45', '2020-08-08 19:12:17'),
(3, 'FLayer', NULL, '2020-08-09 20:38:19', '2020-08-09 20:38:19'),
(4, 'Newspapers', NULL, '2020-08-09 20:38:29', '2020-08-09 20:38:29'),
(5, 'Visitor', NULL, '2020-08-09 20:38:44', '2020-08-09 20:38:44'),
(6, 'Youtube', NULL, '2020-08-09 20:38:56', '2020-08-09 20:38:56'),
(7, 'اصداقاء', NULL, '2020-08-09 20:39:10', '2020-08-09 20:39:10'),
(8, 'تسويق', NULL, '2020-08-09 20:39:57', '2020-08-09 20:39:57');

-- --------------------------------------------------------

--
-- Table structure for table `report_settings`
--

CREATE TABLE `report_settings` (
  `id` int(11) NOT NULL,
  `name` varchar(191) COLLATE utf8_unicode_ci DEFAULT NULL,
  `value` text COLLATE utf8_unicode_ci NOT NULL,
  `created_at` timestamp NULL DEFAULT NULL,
  `updated_at` timestamp NULL DEFAULT NULL
) ENGINE=MyISAM DEFAULT CHARSET=utf8 COLLATE=utf8_unicode_ci;

--
-- Dumping data for table `report_settings`
--

INSERT INTO `report_settings` (`id`, `name`, `value`, `created_at`, `updated_at`) VALUES
(1, 'letter_sending_to_institute', '<h4 style=\"text-align:right;\"><strong>السيد الاستاذ الدكتور عميد / المنزله</strong></h4><p style=\"text-align:center;\"><strong>تحيه طيبه وبعد ...</strong></p><p style=\"text-align:right;\"><br data-cke-filler=\"true\"></p><p style=\"text-align:right;\"><strong>بالاشلره الى خطاب الادارة العامه للمعهد العالى الخاصه المؤرخ فى : 2020/02/02 فى شان</strong></p><p style=\"text-align:right;\"><strong>الموافقة على تحويل الطالب : {student}&nbsp;</strong></p><p style=\"text-align:right;\"><strong>من معهدكم الى معهدنا : المعهد العالى للعلوم الاداريه ببنى سويف</strong></p><p style=\"text-align:right;\"><strong>يرجى التفضل بموافاتنا بملف الطالب المزكور و تسليمه&nbsp;له باليد حتى يمكن الاستفتاء اجراءات القيد بالمعهد&nbsp;</strong></p><p style=\"text-align:center;\"><strong>وتفضلو سيادتكم بقبول وافر الاحترام</strong></p><p><br data-cke-filler=\"true\"></p>', '2020-08-09 18:21:34', '2020-08-11 17:17:16'),
(2, 'letter_sending_from_institute', '<h4 style=\"text-align:right;\"><strong>السيد الاستاذ الدكتور عميد / المنزله</strong></h4><p style=\"text-align:center;\"><strong>تحيه طيبه وبعد ...</strong></p><p><br data-cke-filler=\"true\"></p><p style=\"text-align:right;\"><strong>بالاشلره الى خطاب الادارة العامه للمعهد العالى الخاصه المؤرخ فى : 2020/02/02 فى شان</strong></p><p style=\"text-align:right;\"><strong>طلب ملف الطالب : {student}&nbsp;</strong></p><p style=\"text-align:right;\"><strong>برجاء حضور الطالب الى معهدنا لتسليم الملف له باليد</strong></p><p style=\"text-align:center;\"><strong>وتفضلو سيادتكم بقبول وافر الاحترام</strong></p><p><br data-cke-filler=\"true\"></p>', '2020-08-09 19:21:48', '2020-08-11 17:19:53'),
(3, 'report_header1', '<p style=\"text-align:center;\"><strong>وزارة التعليم العالى &nbsp;</strong></p><p style=\"text-align:center;\"><strong>&nbsp; &nbsp; &nbsp; {logo}&nbsp;</strong></p><p style=\"text-align:center;\"><strong>&nbsp;المعهد العالى للعلوم الاداريه</strong></p><p style=\"text-align:center;\"><strong>بنى سويف&nbsp;</strong></p><p style=\"text-align:right;\"><br data-cke-filler=\"true\"></p>', '2020-08-11 18:45:23', '2020-08-11 18:53:20'),
(4, 'registration_certificate', '<p style=\"text-align:right;\"><strong><u>شهادة قيد</u></strong></p><p style=\"text-align:right;\"><strong>يشهد المعهد العالي للعلوم الاداريه ببنى سويف</strong></p><p style=\"text-align:right;\"><strong>بان الطالب /</strong></p><p style=\"text-align:right;\"><strong>محل الميلاد/&nbsp; &nbsp; &nbsp; &nbsp; &nbsp; &nbsp; &nbsp; &nbsp; &nbsp; &nbsp; &nbsp; &nbsp; &nbsp; &nbsp; &nbsp; &nbsp; &nbsp; &nbsp; &nbsp; &nbsp; &nbsp; &nbsp; &nbsp; &nbsp; &nbsp; &nbsp; &nbsp; &nbsp; &nbsp; &nbsp; &nbsp; &nbsp; &nbsp; وجنسيته/</strong></p><p style=\"text-align:right;\"><strong>تاريخ الميلاد /&nbsp; &nbsp;/&nbsp;/&nbsp; &nbsp; &nbsp; &nbsp; &nbsp; &nbsp; &nbsp; &nbsp; &nbsp; &nbsp; &nbsp; &nbsp; &nbsp; &nbsp; &nbsp; &nbsp; &nbsp; &nbsp; &nbsp; &nbsp; &nbsp; &nbsp; &nbsp; &nbsp; &nbsp; &nbsp; &nbsp; &nbsp; &nbsp;رقم قومي/</strong></p><p style=\"text-align:right;\"><strong>مقيد بالمستوى/&nbsp; &nbsp; &nbsp; &nbsp; &nbsp; &nbsp; &nbsp; &nbsp; &nbsp; &nbsp; &nbsp; &nbsp; &nbsp; &nbsp; &nbsp; &nbsp; &nbsp; &nbsp; &nbsp; &nbsp; &nbsp; &nbsp; &nbsp; &nbsp; &nbsp; &nbsp; &nbsp; &nbsp; &nbsp; &nbsp; &nbsp; الشعبه/</strong></p><p style=\"text-align:right;\"><strong>للعام الدراسي/&nbsp; &nbsp; &nbsp; &nbsp; &nbsp; &nbsp; &nbsp; &nbsp; &nbsp; &nbsp; &nbsp; &nbsp; &nbsp; &nbsp; &nbsp; &nbsp; &nbsp; &nbsp; &nbsp; &nbsp; &nbsp; &nbsp; &nbsp; &nbsp; &nbsp; &nbsp; &nbsp; &nbsp; &nbsp; &nbsp; &nbsp; &nbsp;كود الطالب/</strong></p><p style=\"text-align:right;\"><br data-cke-filler=\"true\"></p><p style=\"text-align:right;\"><strong>علما بان الرسوم الدراسيه و الاضافيه للعام الجامعي الحالي مبلغ / 5980.00</strong></p><p style=\"text-align:right;\"><strong>خمسة الاف و تسعمائة و ثمانون جنيها فقط لا غير</strong></p><p style=\"text-align:right;\"><br data-cke-filler=\"true\"></p><p style=\"text-align:right;\"><strong>و قد اعطيت له هذه الشهاده بناءا على طلبه لتقديمها الى / مجلس حسبي</strong></p><p style=\"text-align:right;\"><strong>دون ادنى مسئوليه على المعهد</strong></p><p style=\"text-align:right;\"><strong>&nbsp; &nbsp; &nbsp; &nbsp; &nbsp; &nbsp; &nbsp; &nbsp; &nbsp; &nbsp;</strong></p><p><strong>&nbsp; &nbsp; &nbsp; &nbsp; &nbsp; &nbsp; &nbsp; &nbsp; &nbsp; &nbsp; &nbsp;&nbsp; &nbsp; &nbsp; &nbsp; &nbsp;&nbsp; &nbsp;</strong></p>', '2020-08-11 19:16:02', '2020-08-11 19:16:02');

-- --------------------------------------------------------

--
-- Table structure for table `required_documents`
--

CREATE TABLE `required_documents` (
  `id` bigint(20) UNSIGNED NOT NULL,
  `name` varchar(191) COLLATE utf8mb4_unicode_ci NOT NULL,
  `type` enum('original','copy','both') COLLATE utf8mb4_unicode_ci NOT NULL,
  `notes` varchar(191) COLLATE utf8mb4_unicode_ci DEFAULT NULL,
  `created_at` timestamp NULL DEFAULT NULL,
  `updated_at` timestamp NULL DEFAULT NULL
) ENGINE=InnoDB DEFAULT CHARSET=utf8mb4 COLLATE=utf8mb4_unicode_ci;

--
-- Dumping data for table `required_documents`
--

INSERT INTO `required_documents` (`id`, `name`, `type`, `notes`, `created_at`, `updated_at`) VALUES
(1, 'بيان تقديرات', 'original', NULL, '2020-08-17 17:17:31', '2020-08-17 17:17:31'),
(2, 'صورة شهادة المؤهل', 'original', NULL, '2020-08-17 17:17:42', '2020-08-17 17:17:42'),
(4, 'صورة تحقيق الشخصيه', 'original', NULL, '2020-08-17 17:18:02', '2020-08-17 17:18:02'),
(5, 'خطاب استلام', 'original', NULL, '2020-08-17 14:02:46', '2020-08-17 14:02:46'),
(7, 'بيان حاله', 'original', NULL, '2020-08-17 14:04:16', '2020-08-17 14:04:16'),
(8, 'بيان درجات', 'original', NULL, '2020-08-17 14:04:30', '2020-08-17 14:04:30'),
(9, 'خطابات معامل المصريين', 'original', NULL, '2020-08-17 14:04:51', '2020-08-17 14:04:51'),
(10, 'إستماره 2 جند', 'original', NULL, '2020-08-17 15:32:56', '2020-08-17 15:32:56'),
(11, 'إستماره 6 جند', 'original', NULL, '2020-08-17 15:34:23', '2020-08-17 15:34:23'),
(17, 'بطاقه الترشيح', 'original', NULL, '2020-08-18 19:37:06', '2020-08-18 19:37:06'),
(18, 'استماره النجاح', 'original', NULL, '2020-08-18 19:38:27', '2020-08-18 19:38:27'),
(19, 'شهاده الميلاد', 'original', NULL, '2020-08-18 19:41:33', '2020-08-18 19:41:33'),
(20, 'المحتوى العلمى (توصيف مقررت المقاصه)', 'original', NULL, '2020-08-18 19:46:38', '2020-08-18 19:46:38'),
(21, 'شهاده فصل', 'original', NULL, '2020-08-18 19:49:59', '2020-08-18 19:49:59');

-- --------------------------------------------------------

--
-- Table structure for table `roles`
--

CREATE TABLE `roles` (
  `id` bigint(20) UNSIGNED NOT NULL,
  `name` varchar(191) COLLATE utf8mb4_unicode_ci NOT NULL,
  `display_name` varchar(191) COLLATE utf8mb4_unicode_ci DEFAULT NULL,
  `description` varchar(191) COLLATE utf8mb4_unicode_ci DEFAULT NULL,
  `created_at` timestamp NULL DEFAULT NULL,
  `updated_at` timestamp NULL DEFAULT NULL
) ENGINE=InnoDB DEFAULT CHARSET=utf8mb4 COLLATE=utf8mb4_unicode_ci;

--
-- Dumping data for table `roles`
--

INSERT INTO `roles` (`id`, `name`, `display_name`, `description`, `created_at`, `updated_at`) VALUES
(1, 'المسؤل', 'Super Admin', 'Super Admin', '2020-08-05 06:53:17', '2020-10-04 10:05:32'),
(2, 'مدير القسم', NULL, NULL, '2020-08-07 07:30:16', '2020-10-04 10:05:23'),
(3, 'موظف شؤن الطلاب', NULL, NULL, '2020-08-11 18:11:26', '2020-10-04 10:04:56'),
(4, 'موظف الخزنه', NULL, NULL, '2020-10-04 10:06:13', '2020-10-04 10:06:13'),
(6, 'خزنه', NULL, NULL, '2021-01-26 07:33:47', '2021-01-26 07:33:47');

-- --------------------------------------------------------

--
-- Table structure for table `role_user`
--

CREATE TABLE `role_user` (
  `role_id` bigint(20) UNSIGNED NOT NULL,
  `user_id` bigint(20) UNSIGNED NOT NULL,
  `user_type` varchar(191) COLLATE utf8mb4_unicode_ci NOT NULL
) ENGINE=InnoDB DEFAULT CHARSET=utf8mb4 COLLATE=utf8mb4_unicode_ci;

--
-- Dumping data for table `role_user`
--

INSERT INTO `role_user` (`role_id`, `user_id`, `user_type`) VALUES
(1, 1, 'App\\User'),
(2, 2, 'App\\User'),
(1, 3, 'App\\User'),
(3, 4, 'App\\User');

-- --------------------------------------------------------

--
-- Table structure for table `schools`
--

CREATE TABLE `schools` (
  `id` bigint(20) UNSIGNED NOT NULL,
  `name` varchar(191) COLLATE utf8mb4_unicode_ci NOT NULL,
  `acceptance_grade` double(8,2) NOT NULL,
  `notes` varchar(191) COLLATE utf8mb4_unicode_ci DEFAULT NULL,
  `created_at` timestamp NULL DEFAULT NULL,
  `updated_at` timestamp NULL DEFAULT NULL
) ENGINE=InnoDB DEFAULT CHARSET=utf8mb4 COLLATE=utf8mb4_unicode_ci;

-- --------------------------------------------------------

--
-- Table structure for table `specializations`
--

CREATE TABLE `specializations` (
  `id` bigint(20) UNSIGNED NOT NULL,
  `name` varchar(191) COLLATE utf8mb4_unicode_ci NOT NULL,
  `department_id` int(10) UNSIGNED NOT NULL,
  `notes` varchar(191) COLLATE utf8mb4_unicode_ci DEFAULT NULL,
  `created_at` timestamp NULL DEFAULT NULL,
  `updated_at` timestamp NULL DEFAULT NULL
) ENGINE=InnoDB DEFAULT CHARSET=utf8mb4 COLLATE=utf8mb4_unicode_ci;

-- --------------------------------------------------------

--
-- Table structure for table `students`
--

CREATE TABLE `students` (
  `id` bigint(20) UNSIGNED NOT NULL,
  `name` varchar(191) COLLATE utf8mb4_unicode_ci DEFAULT NULL,
  `code` varchar(191) COLLATE utf8mb4_unicode_ci DEFAULT NULL,
  `nationality_id` int(10) UNSIGNED DEFAULT NULL,
  `set_number` varchar(255) COLLATE utf8mb4_unicode_ci DEFAULT NULL,
  `gender` enum('male','female') COLLATE utf8mb4_unicode_ci DEFAULT NULL,
  `academic_years_id` int(10) UNSIGNED DEFAULT NULL,
  `registeration_date` date DEFAULT NULL,
  `qualification_types_id` int(10) UNSIGNED DEFAULT NULL,
  `qualification_date` date DEFAULT NULL,
  `qualification_id` int(11) DEFAULT NULL,
  `qualification_set_number` varchar(191) COLLATE utf8mb4_unicode_ci DEFAULT NULL,
  `division_id` int(10) UNSIGNED DEFAULT NULL,
  `language_1_id` int(10) UNSIGNED DEFAULT NULL,
  `language_2_id` int(10) UNSIGNED DEFAULT NULL,
  `city_id` int(10) UNSIGNED DEFAULT NULL,
  `level_id` int(10) UNSIGNED NOT NULL,
  `department_id` int(11) DEFAULT NULL,
  `government_id` int(10) UNSIGNED DEFAULT NULL,
  `country_id` int(10) UNSIGNED DEFAULT NULL,
  `religion` enum('muslim','christian') COLLATE utf8mb4_unicode_ci DEFAULT NULL,
  `military_course_status` enum('1','0','2') COLLATE utf8mb4_unicode_ci NOT NULL DEFAULT '0',
  `military_status_id` int(10) UNSIGNED DEFAULT NULL,
  `military_area_id` int(10) UNSIGNED DEFAULT NULL,
  `national_id` varchar(191) COLLATE utf8mb4_unicode_ci DEFAULT NULL,
  `password` varchar(191) COLLATE utf8mb4_unicode_ci DEFAULT NULL,
  `grade` float DEFAULT NULL,
  `triple_number` varchar(191) COLLATE utf8mb4_unicode_ci DEFAULT NULL,
  `address` varchar(191) COLLATE utf8mb4_unicode_ci DEFAULT NULL,
  `birth_address` varchar(191) COLLATE utf8mb4_unicode_ci DEFAULT NULL,
  `phone_1` varchar(191) COLLATE utf8mb4_unicode_ci DEFAULT NULL,
  `registration_status_id` int(10) UNSIGNED DEFAULT NULL,
  `registration_method_id` int(10) UNSIGNED DEFAULT NULL,
  `national_id_date` date DEFAULT NULL,
  `national_id_place` int(10) UNSIGNED DEFAULT NULL,
  `parent_name` varchar(191) COLLATE utf8mb4_unicode_ci DEFAULT NULL,
  `parent_national_id` varchar(191) COLLATE utf8mb4_unicode_ci DEFAULT NULL,
  `parent_job_id` int(10) UNSIGNED DEFAULT NULL,
  `parent_address` varchar(191) COLLATE utf8mb4_unicode_ci DEFAULT NULL,
  `parent_phone` varchar(191) COLLATE utf8mb4_unicode_ci DEFAULT NULL,
  `recommendation_card` varchar(191) COLLATE utf8mb4_unicode_ci DEFAULT NULL,
  `qualification_certificate` varchar(191) COLLATE utf8mb4_unicode_ci DEFAULT NULL,
  `birth_certificate` varchar(191) COLLATE utf8mb4_unicode_ci DEFAULT NULL,
  `personal_identification_photo` varchar(191) COLLATE utf8mb4_unicode_ci DEFAULT NULL,
  `personal_photo` varchar(191) COLLATE utf8mb4_unicode_ci DEFAULT NULL,
  `model_2_jund` varchar(191) COLLATE utf8mb4_unicode_ci DEFAULT NULL,
  `model_6_jund` varchar(191) COLLATE utf8mb4_unicode_ci DEFAULT NULL,
  `receipt_letter` varchar(191) COLLATE utf8mb4_unicode_ci DEFAULT NULL,
  `estimates_statement` varchar(191) COLLATE utf8mb4_unicode_ci DEFAULT NULL,
  `case_status` varchar(191) COLLATE utf8mb4_unicode_ci DEFAULT NULL,
  `degree_status` varchar(191) COLLATE utf8mb4_unicode_ci DEFAULT NULL,
  `egyptians_lab_speechs` varchar(191) COLLATE utf8mb4_unicode_ci DEFAULT NULL,
  `system_academic_year_id` int(11) DEFAULT NULL,
  `azhar_grade` float DEFAULT NULL,
  `constraint_status_id` int(11) DEFAULT NULL,
  `case_constraint_id` int(11) DEFAULT NULL,
  `created_at` timestamp NULL DEFAULT NULL,
  `updated_at` timestamp NULL DEFAULT NULL,
  `notes` text COLLATE utf8mb4_unicode_ci DEFAULT NULL,
  `application_id` int(11) DEFAULT NULL,
  `email` varchar(255) COLLATE utf8mb4_unicode_ci DEFAULT NULL,
  `relative_relation_id` int(11) DEFAULT NULL,
  `acceptance_code` varchar(255) COLLATE utf8mb4_unicode_ci DEFAULT NULL,
  `acceptance_date` date DEFAULT NULL,
  `is_application` tinyint(1) DEFAULT NULL,
  `application_code` varchar(255) COLLATE utf8mb4_unicode_ci DEFAULT NULL,
  `writen_by` int(11) DEFAULT NULL,
  `is_refund` tinyint(1) DEFAULT NULL,
  `api_token` varchar(255) COLLATE utf8mb4_unicode_ci DEFAULT NULL,
  `phone` varchar(255) COLLATE utf8mb4_unicode_ci DEFAULT NULL,
  `username` varchar(255) COLLATE utf8mb4_unicode_ci DEFAULT NULL,
  `password_` varchar(255) COLLATE utf8mb4_unicode_ci DEFAULT NULL
) ENGINE=InnoDB DEFAULT CHARSET=utf8mb4 COLLATE=utf8mb4_unicode_ci;

--
-- Dumping data for table `students`
--

INSERT INTO `students` (`id`, `name`, `code`, `nationality_id`, `set_number`, `gender`, `academic_years_id`, `registeration_date`, `qualification_types_id`, `qualification_date`, `qualification_id`, `qualification_set_number`, `division_id`, `language_1_id`, `language_2_id`, `city_id`, `level_id`, `department_id`, `government_id`, `country_id`, `religion`, `military_course_status`, `military_status_id`, `military_area_id`, `national_id`, `password`, `grade`, `triple_number`, `address`, `birth_address`, `phone_1`, `registration_status_id`, `registration_method_id`, `national_id_date`, `national_id_place`, `parent_name`, `parent_national_id`, `parent_job_id`, `parent_address`, `parent_phone`, `recommendation_card`, `qualification_certificate`, `birth_certificate`, `personal_identification_photo`, `personal_photo`, `model_2_jund`, `model_6_jund`, `receipt_letter`, `estimates_statement`, `case_status`, `degree_status`, `egyptians_lab_speechs`, `system_academic_year_id`, `azhar_grade`, `constraint_status_id`, `case_constraint_id`, `created_at`, `updated_at`, `notes`, `application_id`, `email`, `relative_relation_id`, `acceptance_code`, `acceptance_date`, `is_application`, `application_code`, `writen_by`, `is_refund`, `api_token`, `phone`, `username`, `password_`) VALUES
(1, 'مريم محمد ابوالخير محمد عبدالصمد', '202010005', NULL, NULL, NULL, 1, NULL, 1, '2020-11-23', 1, NULL, 1, NULL, NULL, NULL, 1, 1, NULL, NULL, NULL, '0', NULL, NULL, '29908200103123', NULL, 250, NULL, NULL, NULL, NULL, 3, NULL, NULL, NULL, NULL, NULL, NULL, NULL, NULL, NULL, NULL, NULL, NULL, '/uploads/students/1/160613233054980.jpg', NULL, NULL, NULL, NULL, NULL, NULL, NULL, NULL, NULL, NULL, 2, '2020-11-23 09:52:10', '2021-02-02 10:07:19', NULL, NULL, NULL, NULL, NULL, NULL, 0, '2020-11-23-11:52:10-14479', 1, 1, '420b658cb548a9475a787609170db01565cfd174088bf0f0e37272af052d690f', '202010005', '202010005', '202010005'),
(2, 'على ماهر معوض محمد', '202010006', NULL, NULL, NULL, 1, NULL, 1, '2020-11-23', 1, NULL, 1, NULL, NULL, NULL, 1, 1, NULL, NULL, NULL, '0', NULL, NULL, '29905022201974', NULL, 255, NULL, NULL, NULL, NULL, 3, NULL, NULL, NULL, NULL, NULL, NULL, NULL, NULL, NULL, NULL, NULL, NULL, '/uploads/students/2/160613369443046.jpg', NULL, NULL, NULL, NULL, NULL, NULL, NULL, NULL, NULL, NULL, 2, '2020-11-23 10:14:54', '2020-11-23 15:47:31', NULL, NULL, NULL, NULL, NULL, NULL, 0, '2020-11-23-12:14:53-80181', 1, NULL, NULL, NULL, NULL, NULL),
(3, 'محمد ربيع على عبدالخالق', '202010007', NULL, NULL, NULL, 1, NULL, 1, '2020-11-23', 1, NULL, 1, NULL, NULL, NULL, 1, 1, NULL, NULL, NULL, '0', NULL, NULL, '30101012446158', NULL, 230, NULL, NULL, NULL, NULL, 3, NULL, NULL, NULL, NULL, NULL, NULL, NULL, NULL, NULL, NULL, NULL, NULL, '/uploads/students/3/160614479045751.jpg', NULL, NULL, NULL, NULL, NULL, NULL, NULL, NULL, NULL, NULL, 2, '2020-11-23 13:19:50', '2020-11-23 15:47:45', NULL, NULL, NULL, NULL, NULL, NULL, 0, '2020-11-23-15:19:50-46908', 1, NULL, NULL, NULL, NULL, NULL),
(4, 'ميسره ابراهيم عباس محمد', '202010008', NULL, NULL, NULL, 1, NULL, 1, '2020-11-23', 1, NULL, 1, NULL, NULL, NULL, 1, 1, NULL, NULL, NULL, '0', NULL, NULL, '30009282202397', NULL, 230, NULL, NULL, NULL, NULL, 3, NULL, NULL, NULL, NULL, NULL, NULL, NULL, NULL, NULL, NULL, NULL, NULL, '/uploads/students/4/160614486773762.jpg', NULL, NULL, NULL, NULL, NULL, NULL, NULL, NULL, NULL, NULL, 2, '2020-11-23 13:21:07', '2020-11-23 15:47:57', NULL, NULL, NULL, NULL, NULL, NULL, 0, '2020-11-23-15:21:07-82633', 1, NULL, NULL, NULL, NULL, NULL),
(5, 'افنان حامد مراد حامد', '202010009', NULL, NULL, NULL, 1, NULL, 2, '2020-11-23', 1, NULL, 1, NULL, NULL, NULL, 1, 1, NULL, NULL, NULL, '0', NULL, NULL, '30102122200568', NULL, 380, NULL, NULL, NULL, NULL, 3, NULL, NULL, NULL, NULL, NULL, NULL, NULL, NULL, NULL, NULL, NULL, NULL, '/uploads/students/5/160614494725942.jpg', NULL, NULL, NULL, NULL, NULL, NULL, NULL, NULL, NULL, NULL, 2, '2020-11-23 13:22:26', '2020-11-23 15:48:09', NULL, NULL, NULL, NULL, NULL, NULL, 0, '2020-11-23-15:22:26-33697', 1, NULL, NULL, NULL, NULL, NULL),
(6, 'الشيماء عماد سيد متولى', '202010010', NULL, NULL, NULL, 1, NULL, 1, '2020-11-23', 1, NULL, 1, NULL, NULL, NULL, 1, 1, NULL, NULL, NULL, '0', NULL, NULL, '30101252200946', NULL, 230, NULL, NULL, NULL, NULL, 3, NULL, NULL, NULL, NULL, NULL, NULL, NULL, NULL, NULL, NULL, NULL, NULL, '/uploads/students/6/160614502081651.jpg', NULL, NULL, NULL, NULL, NULL, NULL, NULL, NULL, NULL, NULL, 2, '2020-11-23 13:23:40', '2020-11-23 15:48:21', NULL, NULL, NULL, NULL, NULL, NULL, 0, '2020-11-23-15:23:40-69344', 1, NULL, NULL, NULL, NULL, NULL),
(7, 'احمد يسن مسعود خميس', '202010011', NULL, NULL, NULL, 1, NULL, 2, '2020-11-23', 1, NULL, 1, NULL, NULL, NULL, 1, 1, NULL, NULL, NULL, '0', NULL, NULL, '30109232301119', NULL, 390, NULL, NULL, NULL, NULL, 3, NULL, NULL, NULL, NULL, NULL, NULL, NULL, NULL, NULL, NULL, NULL, NULL, '/uploads/students/7/160614512032444.jpg', NULL, NULL, NULL, NULL, NULL, NULL, NULL, NULL, NULL, NULL, 2, '2020-11-23 13:24:54', '2020-11-23 15:48:33', NULL, NULL, NULL, NULL, NULL, NULL, 0, '2020-11-23-15:24:54-75941', 1, NULL, NULL, NULL, NULL, NULL),
(8, 'سويده عبدالله محمود السيد', '202010014', NULL, NULL, NULL, 1, NULL, 1, '2020-11-23', 1, NULL, 1, NULL, NULL, NULL, 1, 1, NULL, NULL, NULL, '0', NULL, NULL, '30105161300625', NULL, 229, NULL, NULL, NULL, NULL, 4, 2, NULL, NULL, NULL, NULL, NULL, NULL, NULL, NULL, NULL, NULL, NULL, '/uploads/students/8/160614579091608.jpg', NULL, NULL, NULL, NULL, NULL, NULL, NULL, NULL, NULL, NULL, 2, '2020-11-23 13:36:30', '2020-11-23 16:04:35', NULL, NULL, NULL, NULL, NULL, NULL, 0, '2020-11-23-15:36:30-91098', 1, NULL, NULL, NULL, NULL, NULL),
(9, 'ايه عدلى عبدالسلام مهنى', '202010013', NULL, NULL, NULL, 1, NULL, 1, '2020-11-24', 1, NULL, 1, NULL, NULL, NULL, 1, 1, NULL, NULL, NULL, '0', NULL, NULL, '30102212200362', NULL, 230, NULL, NULL, NULL, NULL, 9, NULL, NULL, NULL, NULL, NULL, NULL, NULL, NULL, NULL, NULL, NULL, NULL, '/uploads/students/9/160614592421991.jpg', NULL, NULL, NULL, NULL, NULL, NULL, NULL, NULL, NULL, NULL, 2, '2020-11-23 13:38:44', '2020-11-23 16:08:47', NULL, NULL, NULL, NULL, NULL, NULL, 0, '2020-11-23-15:38:44-24274', 1, 1, NULL, NULL, NULL, NULL),
(10, 'ولاء ناجح محمد احمد', '202010012', NULL, NULL, NULL, 1, NULL, 1, '2020-11-23', 1, NULL, 1, NULL, NULL, NULL, 1, 1, NULL, NULL, NULL, '0', NULL, NULL, '30102012404567', NULL, 230, NULL, NULL, NULL, NULL, 4, NULL, NULL, NULL, NULL, NULL, NULL, NULL, NULL, NULL, NULL, NULL, NULL, '/uploads/students/10/160614606464766.jpg', NULL, NULL, NULL, NULL, NULL, NULL, NULL, NULL, NULL, NULL, 2, '2020-11-23 13:41:04', '2020-11-23 16:00:40', NULL, NULL, NULL, NULL, NULL, NULL, 0, '2020-11-23-15:41:04-94121', 1, NULL, NULL, NULL, NULL, NULL),
(11, 'هاله احمد جابر عبدالوهاب', '202010004', NULL, NULL, NULL, 1, '2020-11-23', 1, '2020-11-23', 1, NULL, 1, NULL, NULL, NULL, 1, 1, NULL, NULL, NULL, '0', NULL, NULL, '30012112200226', NULL, 230, NULL, NULL, NULL, NULL, 4, NULL, NULL, NULL, NULL, NULL, NULL, NULL, NULL, NULL, NULL, NULL, NULL, '/uploads/students/11/160614648055016.jpg', NULL, NULL, NULL, NULL, NULL, NULL, NULL, NULL, NULL, NULL, 2, '2020-11-23 13:48:00', '2020-11-23 15:27:10', NULL, NULL, NULL, NULL, NULL, NULL, 0, '2020-11-23-15:48:00-75867', 1, NULL, NULL, NULL, NULL, NULL),
(12, 'اروى على مصطفى قطب', '202010003', NULL, NULL, NULL, 1, NULL, 1, '2020-11-23', 1, NULL, 1, NULL, NULL, NULL, 1, 1, NULL, NULL, NULL, '0', NULL, NULL, '30105292300264', NULL, 230, NULL, NULL, NULL, NULL, 4, NULL, NULL, NULL, NULL, NULL, NULL, NULL, NULL, NULL, NULL, NULL, NULL, '/uploads/students/12/160614652887098.jpg', NULL, NULL, NULL, NULL, NULL, NULL, NULL, NULL, NULL, NULL, 2, '2020-11-23 13:48:48', '2020-11-23 15:24:46', NULL, NULL, NULL, NULL, NULL, NULL, 0, '2020-11-23-15:48:48-26644', 1, NULL, NULL, NULL, NULL, NULL),
(13, 'كاترين عيسى شنوده ناشد', '202010002', NULL, NULL, NULL, 1, NULL, 1, '2020-11-23', 1, NULL, 1, NULL, NULL, NULL, 1, 1, NULL, NULL, NULL, '0', NULL, NULL, '30011142201549', NULL, 230, NULL, NULL, NULL, NULL, 3, NULL, NULL, NULL, NULL, NULL, NULL, NULL, NULL, NULL, NULL, NULL, NULL, '/uploads/students/13/160614665961799.jpg', NULL, NULL, NULL, NULL, NULL, NULL, NULL, NULL, NULL, NULL, 2, '2020-11-23 13:50:59', '2020-11-23 15:21:42', NULL, NULL, NULL, NULL, NULL, NULL, 0, '2020-11-23-15:50:59-70337', 1, NULL, NULL, NULL, NULL, NULL),
(14, 'دينا محمد عطوه عبدالباقى محمد', '202010001', NULL, NULL, NULL, 1, NULL, 1, '2020-11-23', 1, NULL, 1, NULL, NULL, NULL, 4, 1, NULL, NULL, NULL, '0', NULL, NULL, '29505112300221', NULL, 230, NULL, NULL, NULL, NULL, 4, NULL, NULL, NULL, NULL, NULL, NULL, NULL, NULL, NULL, NULL, NULL, NULL, '/uploads/students/14/160614675460432.jpg', NULL, NULL, NULL, NULL, NULL, NULL, NULL, NULL, NULL, NULL, 2, '2020-11-23 13:52:34', '2020-12-27 07:21:25', NULL, NULL, NULL, NULL, NULL, NULL, 0, NULL, 1, NULL, NULL, NULL, NULL, NULL),
(15, 'بسنت عادل امام احمد', '202010015', NULL, NULL, NULL, 1, NULL, 2, '2020-11-24', 1, NULL, 1, NULL, NULL, NULL, 1, 1, NULL, NULL, NULL, '0', NULL, NULL, '30108012300182', NULL, 390, NULL, NULL, NULL, NULL, 3, NULL, NULL, NULL, NULL, NULL, NULL, NULL, NULL, NULL, NULL, NULL, NULL, '/uploads/students/15/160620754592897.jpg', NULL, NULL, NULL, NULL, NULL, NULL, NULL, NULL, NULL, NULL, 2, '2020-11-24 06:45:45', '2020-11-24 06:53:55', 'يحرم من ركوب الاص', NULL, NULL, NULL, NULL, NULL, 0, '2020-11-24-08:45:45-43415', 1, NULL, NULL, NULL, NULL, NULL),
(16, 'على فرج محمد', '202010016', NULL, NULL, 'male', 1, NULL, 10, '2020-12-21', 2, NULL, 1, NULL, NULL, NULL, 1, 1, NULL, NULL, NULL, '0', NULL, NULL, '123456789123489', NULL, 350, NULL, NULL, NULL, NULL, 3, NULL, NULL, NULL, NULL, NULL, NULL, NULL, NULL, NULL, NULL, NULL, NULL, '/uploads/students/16/160854039380831.jpg', NULL, NULL, NULL, NULL, NULL, NULL, NULL, NULL, NULL, NULL, 2, '2020-12-21 06:46:33', '2020-12-26 10:48:52', 'الطالب دفع القسط الاول', NULL, NULL, NULL, NULL, NULL, 0, '2020-12-21-08:46:33-15912', 1, 0, NULL, NULL, NULL, NULL),
(17, 'ahmed mahmmed', NULL, NULL, NULL, NULL, 1, NULL, 1, '2020-12-26', 1, NULL, 1, NULL, NULL, NULL, 1, 1, NULL, NULL, NULL, '0', NULL, NULL, '12346789852', NULL, 230, NULL, NULL, NULL, NULL, 3, NULL, NULL, NULL, NULL, NULL, NULL, NULL, NULL, NULL, NULL, NULL, NULL, '/uploads/students/17/160897229451310.jpg', NULL, NULL, NULL, NULL, NULL, NULL, NULL, NULL, NULL, NULL, 1, '2020-12-26 06:44:14', '2020-12-26 06:44:54', NULL, NULL, NULL, NULL, NULL, NULL, 1, '2020-12-26-08:44:14-28071', 1, NULL, NULL, NULL, NULL, NULL),
(18, 'ابانوب عايد اسحاق الياس', '201510095', NULL, NULL, NULL, 1, NULL, NULL, NULL, NULL, NULL, 1, NULL, NULL, NULL, 1, 1, NULL, NULL, NULL, '0', NULL, NULL, '201510095', '201510095', NULL, NULL, NULL, NULL, NULL, NULL, NULL, NULL, NULL, NULL, NULL, NULL, NULL, NULL, NULL, NULL, NULL, NULL, NULL, NULL, NULL, NULL, NULL, NULL, NULL, NULL, NULL, NULL, NULL, NULL, '2021-01-24 09:37:21', '2021-01-24 09:37:21', NULL, NULL, NULL, NULL, NULL, NULL, NULL, NULL, NULL, NULL, NULL, NULL, NULL, NULL),
(19, 'ابانوب عصام حنا امين', '201510723', NULL, NULL, NULL, 1, NULL, NULL, NULL, NULL, NULL, 1, NULL, NULL, NULL, 1, 1, NULL, NULL, NULL, '0', NULL, NULL, '201510723', '201510723', NULL, NULL, NULL, NULL, NULL, NULL, NULL, NULL, NULL, NULL, NULL, NULL, NULL, NULL, NULL, NULL, NULL, NULL, NULL, NULL, NULL, NULL, NULL, NULL, NULL, NULL, NULL, NULL, NULL, NULL, '2021-01-24 09:37:21', '2021-01-24 09:37:21', NULL, NULL, NULL, NULL, NULL, NULL, NULL, NULL, NULL, NULL, NULL, NULL, NULL, NULL),
(20, 'ابانوب نصيف شحاته صادق', '201510267', NULL, NULL, NULL, 1, NULL, NULL, NULL, NULL, NULL, 1, NULL, NULL, NULL, 1, 1, NULL, NULL, NULL, '0', NULL, NULL, '201510267', '201510267', NULL, NULL, NULL, NULL, NULL, NULL, NULL, NULL, NULL, NULL, NULL, NULL, NULL, NULL, NULL, NULL, NULL, NULL, NULL, NULL, NULL, NULL, NULL, NULL, NULL, NULL, NULL, NULL, NULL, NULL, '2021-01-24 09:37:21', '2021-01-24 09:37:21', NULL, NULL, NULL, NULL, NULL, NULL, NULL, NULL, NULL, NULL, NULL, NULL, NULL, NULL),
(21, 'ابرار ابوالوفا على حبيب', '201510119', NULL, NULL, NULL, 1, NULL, NULL, NULL, NULL, NULL, 1, NULL, NULL, NULL, 1, 1, NULL, NULL, NULL, '0', NULL, NULL, '201510119', '201510119', NULL, NULL, NULL, NULL, NULL, NULL, NULL, NULL, NULL, NULL, NULL, NULL, NULL, NULL, NULL, NULL, NULL, NULL, NULL, NULL, NULL, NULL, NULL, NULL, NULL, NULL, NULL, NULL, NULL, NULL, '2021-01-24 09:37:21', '2021-01-24 09:37:21', NULL, NULL, NULL, NULL, NULL, NULL, NULL, NULL, NULL, NULL, NULL, NULL, NULL, NULL),
(22, 'ابرام جمال فايق فهمى', '201510599', NULL, NULL, NULL, 1, NULL, NULL, NULL, NULL, NULL, 1, NULL, NULL, NULL, 1, 1, NULL, NULL, NULL, '0', NULL, NULL, '201510599', '201510599', NULL, NULL, NULL, NULL, NULL, NULL, NULL, NULL, NULL, NULL, NULL, NULL, NULL, NULL, NULL, NULL, NULL, NULL, NULL, NULL, NULL, NULL, NULL, NULL, NULL, NULL, NULL, NULL, NULL, NULL, '2021-01-24 09:37:21', '2021-01-24 09:37:21', NULL, NULL, NULL, NULL, NULL, NULL, NULL, NULL, NULL, NULL, NULL, NULL, NULL, NULL),
(23, 'ابرام مجدى عزيز الياس', '201510107', NULL, NULL, NULL, 1, NULL, NULL, NULL, NULL, NULL, 1, NULL, NULL, NULL, 1, 1, NULL, NULL, NULL, '0', NULL, NULL, '201510107', '201510107', NULL, NULL, NULL, NULL, NULL, NULL, NULL, NULL, NULL, NULL, NULL, NULL, NULL, NULL, NULL, NULL, NULL, NULL, NULL, NULL, NULL, NULL, NULL, NULL, NULL, NULL, NULL, NULL, NULL, NULL, '2021-01-24 09:37:21', '2021-01-24 09:37:21', NULL, NULL, NULL, NULL, NULL, NULL, NULL, NULL, NULL, NULL, NULL, NULL, NULL, NULL),
(24, 'ابراهيم ابوسريع فتحى ابوسريع', '201510023', NULL, NULL, NULL, 1, NULL, NULL, NULL, NULL, NULL, 1, NULL, NULL, NULL, 1, 1, NULL, NULL, NULL, '0', NULL, NULL, '201510023', '201510023', NULL, NULL, NULL, NULL, NULL, NULL, NULL, NULL, NULL, NULL, NULL, NULL, NULL, NULL, NULL, NULL, NULL, NULL, NULL, NULL, NULL, NULL, NULL, NULL, NULL, NULL, NULL, NULL, NULL, NULL, '2021-01-24 09:37:21', '2021-01-24 09:37:21', NULL, NULL, NULL, NULL, NULL, NULL, NULL, NULL, NULL, NULL, NULL, NULL, NULL, NULL),
(25, 'ابراهيم عبدالمعين محمد حسين', '201510504', NULL, NULL, NULL, 1, NULL, NULL, NULL, NULL, NULL, 1, NULL, NULL, NULL, 1, 1, NULL, NULL, NULL, '0', NULL, NULL, '201510504', '201510504', NULL, NULL, NULL, NULL, NULL, NULL, NULL, NULL, NULL, NULL, NULL, NULL, NULL, NULL, NULL, NULL, NULL, NULL, NULL, NULL, NULL, NULL, NULL, NULL, NULL, NULL, NULL, NULL, NULL, NULL, '2021-01-24 09:37:21', '2021-01-24 09:37:21', NULL, NULL, NULL, NULL, NULL, NULL, NULL, NULL, NULL, NULL, NULL, NULL, NULL, NULL),
(26, 'ابراهيم محمد محمد سيد', '201510607', NULL, NULL, NULL, 1, NULL, NULL, NULL, NULL, NULL, 1, NULL, NULL, NULL, 1, 1, NULL, NULL, NULL, '0', NULL, NULL, '201510607', '201510607', NULL, NULL, NULL, NULL, NULL, NULL, NULL, NULL, NULL, NULL, NULL, NULL, NULL, NULL, NULL, NULL, NULL, NULL, NULL, NULL, NULL, NULL, NULL, NULL, NULL, NULL, NULL, NULL, NULL, NULL, '2021-01-24 09:37:22', '2021-01-24 09:37:22', NULL, NULL, NULL, NULL, NULL, NULL, NULL, NULL, NULL, NULL, NULL, NULL, NULL, NULL),
(27, 'ابوكرم احمد حسن محمد', '201510596', NULL, NULL, NULL, 1, NULL, NULL, NULL, NULL, NULL, 1, NULL, NULL, NULL, 1, 1, NULL, NULL, NULL, '0', NULL, NULL, '201510596', '201510596', NULL, NULL, NULL, NULL, NULL, NULL, NULL, NULL, NULL, NULL, NULL, NULL, NULL, NULL, NULL, NULL, NULL, NULL, NULL, NULL, NULL, NULL, NULL, NULL, NULL, NULL, NULL, NULL, NULL, NULL, '2021-01-24 09:37:22', '2021-01-24 09:37:22', NULL, NULL, NULL, NULL, NULL, NULL, NULL, NULL, NULL, NULL, NULL, NULL, NULL, NULL),
(28, 'احمد ابراهيم عزت حسين محمد', '201510005', NULL, NULL, NULL, 1, NULL, NULL, NULL, NULL, NULL, 1, NULL, NULL, NULL, 1, 1, NULL, NULL, NULL, '0', NULL, NULL, '201510005', '201510005', NULL, NULL, NULL, NULL, NULL, NULL, NULL, NULL, NULL, NULL, NULL, NULL, NULL, NULL, NULL, NULL, NULL, NULL, NULL, NULL, NULL, NULL, NULL, NULL, NULL, NULL, NULL, NULL, NULL, NULL, '2021-01-24 09:37:22', '2021-01-24 09:37:22', NULL, NULL, NULL, NULL, NULL, NULL, NULL, NULL, NULL, NULL, NULL, NULL, NULL, NULL),
(29, 'احمد ابوالخير على عبدالرحمن', '201510067', NULL, NULL, NULL, 1, NULL, NULL, NULL, NULL, NULL, 1, NULL, NULL, NULL, 1, 1, NULL, NULL, NULL, '0', NULL, NULL, '201510067', '201510067', NULL, NULL, NULL, NULL, NULL, NULL, NULL, NULL, NULL, NULL, NULL, NULL, NULL, NULL, NULL, NULL, NULL, NULL, NULL, NULL, NULL, NULL, NULL, NULL, NULL, NULL, NULL, NULL, NULL, NULL, '2021-01-24 09:37:22', '2021-01-24 09:37:22', NULL, NULL, NULL, NULL, NULL, NULL, NULL, NULL, NULL, NULL, NULL, NULL, NULL, NULL),
(30, 'احمد احمد مخلوف عبدالجيد', '201510626', NULL, NULL, NULL, 1, NULL, NULL, NULL, NULL, NULL, 1, NULL, NULL, NULL, 1, 1, NULL, NULL, NULL, '0', NULL, NULL, '201510626', '201510626', NULL, NULL, NULL, NULL, NULL, NULL, NULL, NULL, NULL, NULL, NULL, NULL, NULL, NULL, NULL, NULL, NULL, NULL, NULL, NULL, NULL, NULL, NULL, NULL, NULL, NULL, NULL, NULL, NULL, NULL, '2021-01-24 09:37:22', '2021-01-24 09:37:22', NULL, NULL, NULL, NULL, NULL, NULL, NULL, NULL, NULL, NULL, NULL, NULL, NULL, NULL),
(31, 'احمد اسحق دياب عبدالسميع', '201510685', NULL, NULL, NULL, 1, NULL, NULL, NULL, NULL, NULL, 1, NULL, NULL, NULL, 1, 1, NULL, NULL, NULL, '0', NULL, NULL, '201510685', '201510685', NULL, NULL, NULL, NULL, NULL, NULL, NULL, NULL, NULL, NULL, NULL, NULL, NULL, NULL, NULL, NULL, NULL, NULL, NULL, NULL, NULL, NULL, NULL, NULL, NULL, NULL, NULL, NULL, NULL, NULL, '2021-01-24 09:37:22', '2021-01-24 09:37:22', NULL, NULL, NULL, NULL, NULL, NULL, NULL, NULL, NULL, NULL, NULL, NULL, NULL, NULL),
(32, 'احمد اشرف فتحى احمد', '201510184', NULL, NULL, NULL, 1, NULL, NULL, NULL, NULL, NULL, 1, NULL, NULL, NULL, 1, 1, NULL, NULL, NULL, '0', NULL, NULL, '201510184', '201510184', NULL, NULL, NULL, NULL, NULL, NULL, NULL, NULL, NULL, NULL, NULL, NULL, NULL, NULL, NULL, NULL, NULL, NULL, NULL, NULL, NULL, NULL, NULL, NULL, NULL, NULL, NULL, NULL, NULL, NULL, '2021-01-24 09:37:22', '2021-01-24 09:37:22', NULL, NULL, NULL, NULL, NULL, NULL, NULL, NULL, NULL, NULL, NULL, NULL, NULL, NULL),
(33, 'احمد البرنس فهمى حسين محمد', '201510142', NULL, NULL, NULL, 1, NULL, NULL, NULL, NULL, NULL, 1, NULL, NULL, NULL, 1, 1, NULL, NULL, NULL, '0', NULL, NULL, '201510142', '201510142', NULL, NULL, NULL, NULL, NULL, NULL, NULL, NULL, NULL, NULL, NULL, NULL, NULL, NULL, NULL, NULL, NULL, NULL, NULL, NULL, NULL, NULL, NULL, NULL, NULL, NULL, NULL, NULL, NULL, NULL, '2021-01-24 09:37:22', '2021-01-24 09:37:22', NULL, NULL, NULL, NULL, NULL, NULL, NULL, NULL, NULL, NULL, NULL, NULL, NULL, NULL),
(34, 'احمد ثروت الغنام محمد سيد', '201510247', NULL, NULL, NULL, 1, NULL, NULL, NULL, NULL, NULL, 1, NULL, NULL, NULL, 1, 1, NULL, NULL, NULL, '0', NULL, NULL, '201510247', '201510247', NULL, NULL, NULL, NULL, NULL, NULL, NULL, NULL, NULL, NULL, NULL, NULL, NULL, NULL, NULL, NULL, NULL, NULL, NULL, NULL, NULL, NULL, NULL, NULL, NULL, NULL, NULL, NULL, NULL, NULL, '2021-01-24 09:37:22', '2021-01-24 09:37:22', NULL, NULL, NULL, NULL, NULL, NULL, NULL, NULL, NULL, NULL, NULL, NULL, NULL, NULL),
(35, 'احمد جمال عبدالمقصود زيدان', '201510062', NULL, NULL, NULL, 1, NULL, NULL, NULL, NULL, NULL, 1, NULL, NULL, NULL, 1, 1, NULL, NULL, NULL, '0', NULL, NULL, '201510062', '201510062', NULL, NULL, NULL, NULL, NULL, NULL, NULL, NULL, NULL, NULL, NULL, NULL, NULL, NULL, NULL, NULL, NULL, NULL, NULL, NULL, NULL, NULL, NULL, NULL, NULL, NULL, NULL, NULL, NULL, NULL, '2021-01-24 09:37:22', '2021-01-24 09:37:22', NULL, NULL, NULL, NULL, NULL, NULL, NULL, NULL, NULL, NULL, NULL, NULL, NULL, NULL),
(36, 'احمد حسن احمد نصار', '201510687', NULL, NULL, NULL, 1, NULL, NULL, NULL, NULL, NULL, 1, NULL, NULL, NULL, 1, 1, NULL, NULL, NULL, '0', NULL, NULL, '201510687', '201510687', NULL, NULL, NULL, NULL, NULL, NULL, NULL, NULL, NULL, NULL, NULL, NULL, NULL, NULL, NULL, NULL, NULL, NULL, NULL, NULL, NULL, NULL, NULL, NULL, NULL, NULL, NULL, NULL, NULL, NULL, '2021-01-24 09:37:22', '2021-01-24 09:37:22', NULL, NULL, NULL, NULL, NULL, NULL, NULL, NULL, NULL, NULL, NULL, NULL, NULL, NULL),
(37, 'احمد حسين الساعدى عبدالجواد', '201510330', NULL, NULL, NULL, 1, NULL, NULL, NULL, NULL, NULL, 1, NULL, NULL, NULL, 1, 1, NULL, NULL, NULL, '0', NULL, NULL, '201510330', '201510330', NULL, NULL, NULL, NULL, NULL, NULL, NULL, NULL, NULL, NULL, NULL, NULL, NULL, NULL, NULL, NULL, NULL, NULL, NULL, NULL, NULL, NULL, NULL, NULL, NULL, NULL, NULL, NULL, NULL, NULL, '2021-01-24 09:37:22', '2021-01-24 09:37:22', NULL, NULL, NULL, NULL, NULL, NULL, NULL, NULL, NULL, NULL, NULL, NULL, NULL, NULL),
(38, 'احمد حسين عبدالله عبدالغنى', '201510722', NULL, NULL, NULL, 1, NULL, NULL, NULL, NULL, NULL, 1, NULL, NULL, NULL, 1, 1, NULL, NULL, NULL, '0', NULL, NULL, '201510722', '201510722', NULL, NULL, NULL, NULL, NULL, NULL, NULL, NULL, NULL, NULL, NULL, NULL, NULL, NULL, NULL, NULL, NULL, NULL, NULL, NULL, NULL, NULL, NULL, NULL, NULL, NULL, NULL, NULL, NULL, NULL, '2021-01-24 09:37:22', '2021-01-24 09:37:22', NULL, NULL, NULL, NULL, NULL, NULL, NULL, NULL, NULL, NULL, NULL, NULL, NULL, NULL),
(39, 'احمد حمدى محمد احمد', '201510438', NULL, NULL, NULL, 1, NULL, NULL, NULL, NULL, NULL, 1, NULL, NULL, NULL, 1, 1, NULL, NULL, NULL, '0', NULL, NULL, '201510438', '201510438', NULL, NULL, NULL, NULL, NULL, NULL, NULL, NULL, NULL, NULL, NULL, NULL, NULL, NULL, NULL, NULL, NULL, NULL, NULL, NULL, NULL, NULL, NULL, NULL, NULL, NULL, NULL, NULL, NULL, NULL, '2021-01-24 09:37:22', '2021-01-24 09:37:22', NULL, NULL, NULL, NULL, NULL, NULL, NULL, NULL, NULL, NULL, NULL, NULL, NULL, NULL),
(40, 'احمد خالد رضوان السيد', '201510427', NULL, NULL, NULL, 1, NULL, NULL, NULL, NULL, NULL, 1, NULL, NULL, NULL, 1, 1, NULL, NULL, NULL, '0', NULL, NULL, '201510427', '201510427', NULL, NULL, NULL, NULL, NULL, NULL, NULL, NULL, NULL, NULL, NULL, NULL, NULL, NULL, NULL, NULL, NULL, NULL, NULL, NULL, NULL, NULL, NULL, NULL, NULL, NULL, NULL, NULL, NULL, NULL, '2021-01-24 09:37:22', '2021-01-24 09:37:22', NULL, NULL, NULL, NULL, NULL, NULL, NULL, NULL, NULL, NULL, NULL, NULL, NULL, NULL),
(41, 'احمد خالد عبدالظاهر محمد', '201510309', NULL, NULL, NULL, 1, NULL, NULL, NULL, NULL, NULL, 1, NULL, NULL, NULL, 1, 1, NULL, NULL, NULL, '0', NULL, NULL, '201510309', '201510309', NULL, NULL, NULL, NULL, NULL, NULL, NULL, NULL, NULL, NULL, NULL, NULL, NULL, NULL, NULL, NULL, NULL, NULL, NULL, NULL, NULL, NULL, NULL, NULL, NULL, NULL, NULL, NULL, NULL, NULL, '2021-01-24 09:37:22', '2021-01-24 09:37:22', NULL, NULL, NULL, NULL, NULL, NULL, NULL, NULL, NULL, NULL, NULL, NULL, NULL, NULL),
(42, 'احمد خليل محمد خليل', '201510362', NULL, NULL, NULL, 1, NULL, NULL, NULL, NULL, NULL, 1, NULL, NULL, NULL, 1, 1, NULL, NULL, NULL, '0', NULL, NULL, '201510362', '201510362', NULL, NULL, NULL, NULL, NULL, NULL, NULL, NULL, NULL, NULL, NULL, NULL, NULL, NULL, NULL, NULL, NULL, NULL, NULL, NULL, NULL, NULL, NULL, NULL, NULL, NULL, NULL, NULL, NULL, NULL, '2021-01-24 09:37:22', '2021-01-24 09:37:22', NULL, NULL, NULL, NULL, NULL, NULL, NULL, NULL, NULL, NULL, NULL, NULL, NULL, NULL),
(43, 'احمد خيرت عبدالرحمن محمود', '201510268', NULL, NULL, NULL, 1, NULL, NULL, NULL, NULL, NULL, 1, NULL, NULL, NULL, 1, 1, NULL, NULL, NULL, '0', NULL, NULL, '201510268', '201510268', NULL, NULL, NULL, NULL, NULL, NULL, NULL, NULL, NULL, NULL, NULL, NULL, NULL, NULL, NULL, NULL, NULL, NULL, NULL, NULL, NULL, NULL, NULL, NULL, NULL, NULL, NULL, NULL, NULL, NULL, '2021-01-24 09:37:22', '2021-01-24 09:37:22', NULL, NULL, NULL, NULL, NULL, NULL, NULL, NULL, NULL, NULL, NULL, NULL, NULL, NULL),
(44, 'احمد رافت جلال محمد', '201510390', NULL, NULL, NULL, 1, NULL, NULL, NULL, NULL, NULL, 1, NULL, NULL, NULL, 1, 1, NULL, NULL, NULL, '0', NULL, NULL, '201510390', '201510390', NULL, NULL, NULL, NULL, NULL, NULL, NULL, NULL, NULL, NULL, NULL, NULL, NULL, NULL, NULL, NULL, NULL, NULL, NULL, NULL, NULL, NULL, NULL, NULL, NULL, NULL, NULL, NULL, NULL, NULL, '2021-01-24 09:37:22', '2021-01-24 09:37:22', NULL, NULL, NULL, NULL, NULL, NULL, NULL, NULL, NULL, NULL, NULL, NULL, NULL, NULL),
(45, 'احمد رجب حجى عبدالنبى', '201510162', NULL, NULL, NULL, 1, NULL, NULL, NULL, NULL, NULL, 1, NULL, NULL, NULL, 1, 1, NULL, NULL, NULL, '0', NULL, NULL, '201510162', '201510162', NULL, NULL, NULL, NULL, NULL, NULL, NULL, NULL, NULL, NULL, NULL, NULL, NULL, NULL, NULL, NULL, NULL, NULL, NULL, NULL, NULL, NULL, NULL, NULL, NULL, NULL, NULL, NULL, NULL, NULL, '2021-01-24 09:37:22', '2021-01-24 09:37:22', NULL, NULL, NULL, NULL, NULL, NULL, NULL, NULL, NULL, NULL, NULL, NULL, NULL, NULL),
(46, 'احمد سعيد امين عبدالمجيد', '201510684', NULL, NULL, NULL, 1, NULL, NULL, NULL, NULL, NULL, 1, NULL, NULL, NULL, 1, 1, NULL, NULL, NULL, '0', NULL, NULL, '201510684', '201510684', NULL, NULL, NULL, NULL, NULL, NULL, NULL, NULL, NULL, NULL, NULL, NULL, NULL, NULL, NULL, NULL, NULL, NULL, NULL, NULL, NULL, NULL, NULL, NULL, NULL, NULL, NULL, NULL, NULL, NULL, '2021-01-24 09:37:22', '2021-01-24 09:37:22', NULL, NULL, NULL, NULL, NULL, NULL, NULL, NULL, NULL, NULL, NULL, NULL, NULL, NULL),
(47, 'احمد سعيد عبدالمنعم عبدالقادر', '201510225', NULL, NULL, NULL, 1, NULL, NULL, NULL, NULL, NULL, 1, NULL, NULL, NULL, 1, 1, NULL, NULL, NULL, '0', NULL, NULL, '201510225', '201510225', NULL, NULL, NULL, NULL, NULL, NULL, NULL, NULL, NULL, NULL, NULL, NULL, NULL, NULL, NULL, NULL, NULL, NULL, NULL, NULL, NULL, NULL, NULL, NULL, NULL, NULL, NULL, NULL, NULL, NULL, '2021-01-24 09:37:22', '2021-01-24 09:37:22', NULL, NULL, NULL, NULL, NULL, NULL, NULL, NULL, NULL, NULL, NULL, NULL, NULL, NULL),
(48, 'احمد سعيد عويس احمد', '201510363', NULL, NULL, NULL, 1, NULL, NULL, NULL, NULL, NULL, 1, NULL, NULL, NULL, 1, 1, NULL, NULL, NULL, '0', NULL, NULL, '201510363', '201510363', NULL, NULL, NULL, NULL, NULL, NULL, NULL, NULL, NULL, NULL, NULL, NULL, NULL, NULL, NULL, NULL, NULL, NULL, NULL, NULL, NULL, NULL, NULL, NULL, NULL, NULL, NULL, NULL, NULL, NULL, '2021-01-24 09:37:22', '2021-01-24 09:37:22', NULL, NULL, NULL, NULL, NULL, NULL, NULL, NULL, NULL, NULL, NULL, NULL, NULL, NULL),
(49, 'احمد سليمان قاياتى حسانين', '201510712', NULL, NULL, NULL, 1, NULL, NULL, NULL, NULL, NULL, 1, NULL, NULL, NULL, 1, 1, NULL, NULL, NULL, '0', NULL, NULL, '201510712', '201510712', NULL, NULL, NULL, NULL, NULL, NULL, NULL, NULL, NULL, NULL, NULL, NULL, NULL, NULL, NULL, NULL, NULL, NULL, NULL, NULL, NULL, NULL, NULL, NULL, NULL, NULL, NULL, NULL, NULL, NULL, '2021-01-24 09:37:22', '2021-01-24 09:37:22', NULL, NULL, NULL, NULL, NULL, NULL, NULL, NULL, NULL, NULL, NULL, NULL, NULL, NULL),
(50, 'احمد سيد فهمى محمد', '201510648', NULL, NULL, NULL, 1, NULL, NULL, NULL, NULL, NULL, 1, NULL, NULL, NULL, 1, 1, NULL, NULL, NULL, '0', NULL, NULL, '201510648', '201510648', NULL, NULL, NULL, NULL, NULL, NULL, NULL, NULL, NULL, NULL, NULL, NULL, NULL, NULL, NULL, NULL, NULL, NULL, NULL, NULL, NULL, NULL, NULL, NULL, NULL, NULL, NULL, NULL, NULL, NULL, '2021-01-24 09:37:22', '2021-01-24 09:37:22', NULL, NULL, NULL, NULL, NULL, NULL, NULL, NULL, NULL, NULL, NULL, NULL, NULL, NULL),
(51, 'احمد شحاته احمد مرسى', '201510492', NULL, NULL, NULL, 1, NULL, NULL, NULL, NULL, NULL, 1, NULL, NULL, NULL, 1, 1, NULL, NULL, NULL, '0', NULL, NULL, '201510492', '201510492', NULL, NULL, NULL, NULL, NULL, NULL, NULL, NULL, NULL, NULL, NULL, NULL, NULL, NULL, NULL, NULL, NULL, NULL, NULL, NULL, NULL, NULL, NULL, NULL, NULL, NULL, NULL, NULL, NULL, NULL, '2021-01-24 09:37:22', '2021-01-24 09:37:22', NULL, NULL, NULL, NULL, NULL, NULL, NULL, NULL, NULL, NULL, NULL, NULL, NULL, NULL),
(52, 'احمد صبرى احمد محمد يوسف', '201510144', NULL, NULL, NULL, 1, NULL, NULL, NULL, NULL, NULL, 1, NULL, NULL, NULL, 1, 1, NULL, NULL, NULL, '0', NULL, NULL, '201510144', '201510144', NULL, NULL, NULL, NULL, NULL, NULL, NULL, NULL, NULL, NULL, NULL, NULL, NULL, NULL, NULL, NULL, NULL, NULL, NULL, NULL, NULL, NULL, NULL, NULL, NULL, NULL, NULL, NULL, NULL, NULL, '2021-01-24 09:37:22', '2021-01-24 09:37:22', NULL, NULL, NULL, NULL, NULL, NULL, NULL, NULL, NULL, NULL, NULL, NULL, NULL, NULL),
(53, 'احمد صلاح طه عوض الله', '201510447', NULL, NULL, NULL, 1, NULL, NULL, NULL, NULL, NULL, 1, NULL, NULL, NULL, 1, 1, NULL, NULL, NULL, '0', NULL, NULL, '201510447', '201510447', NULL, NULL, NULL, NULL, NULL, NULL, NULL, NULL, NULL, NULL, NULL, NULL, NULL, NULL, NULL, NULL, NULL, NULL, NULL, NULL, NULL, NULL, NULL, NULL, NULL, NULL, NULL, NULL, NULL, NULL, '2021-01-24 09:37:22', '2021-01-24 09:37:22', NULL, NULL, NULL, NULL, NULL, NULL, NULL, NULL, NULL, NULL, NULL, NULL, NULL, NULL),
(54, 'احمد عادل مرزوق محمد', '201510697', NULL, NULL, NULL, 1, NULL, NULL, NULL, NULL, NULL, 1, NULL, NULL, NULL, 1, 1, NULL, NULL, NULL, '0', NULL, NULL, '201510697', '201510697', NULL, NULL, NULL, NULL, NULL, NULL, NULL, NULL, NULL, NULL, NULL, NULL, NULL, NULL, NULL, NULL, NULL, NULL, NULL, NULL, NULL, NULL, NULL, NULL, NULL, NULL, NULL, NULL, NULL, NULL, '2021-01-24 09:37:22', '2021-01-24 09:37:22', NULL, NULL, NULL, NULL, NULL, NULL, NULL, NULL, NULL, NULL, NULL, NULL, NULL, NULL),
(55, 'احمد عاطف محمد محمد', '201510221', NULL, NULL, NULL, 1, NULL, NULL, NULL, NULL, NULL, 1, NULL, NULL, NULL, 1, 1, NULL, NULL, NULL, '0', NULL, NULL, '201510221', '201510221', NULL, NULL, NULL, NULL, NULL, NULL, NULL, NULL, NULL, NULL, NULL, NULL, NULL, NULL, NULL, NULL, NULL, NULL, NULL, NULL, NULL, NULL, NULL, NULL, NULL, NULL, NULL, NULL, NULL, NULL, '2021-01-24 09:37:22', '2021-01-24 09:37:22', NULL, NULL, NULL, NULL, NULL, NULL, NULL, NULL, NULL, NULL, NULL, NULL, NULL, NULL),
(56, 'احمد عبدالحكيم عبدالستار عبدالقادر', '201510091', NULL, NULL, NULL, 1, NULL, NULL, NULL, NULL, NULL, 1, NULL, NULL, NULL, 1, 1, NULL, NULL, NULL, '0', NULL, NULL, '201510091', '201510091', NULL, NULL, NULL, NULL, NULL, NULL, NULL, NULL, NULL, NULL, NULL, NULL, NULL, NULL, NULL, NULL, NULL, NULL, NULL, NULL, NULL, NULL, NULL, NULL, NULL, NULL, NULL, NULL, NULL, NULL, '2021-01-24 09:37:22', '2021-01-24 09:37:22', NULL, NULL, NULL, NULL, NULL, NULL, NULL, NULL, NULL, NULL, NULL, NULL, NULL, NULL),
(57, 'احمد عبدالله بكرى جوده', '201510240', NULL, NULL, NULL, 1, NULL, NULL, NULL, NULL, NULL, 1, NULL, NULL, NULL, 1, 1, NULL, NULL, NULL, '0', NULL, NULL, '201510240', '201510240', NULL, NULL, NULL, NULL, NULL, NULL, NULL, NULL, NULL, NULL, NULL, NULL, NULL, NULL, NULL, NULL, NULL, NULL, NULL, NULL, NULL, NULL, NULL, NULL, NULL, NULL, NULL, NULL, NULL, NULL, '2021-01-24 09:37:22', '2021-01-24 09:37:22', NULL, NULL, NULL, NULL, NULL, NULL, NULL, NULL, NULL, NULL, NULL, NULL, NULL, NULL),
(58, 'احمد عبدالله محمد مبروك', '201510058', NULL, NULL, NULL, 1, NULL, NULL, NULL, NULL, NULL, 1, NULL, NULL, NULL, 1, 1, NULL, NULL, NULL, '0', NULL, NULL, '201510058', '201510058', NULL, NULL, NULL, NULL, NULL, NULL, NULL, NULL, NULL, NULL, NULL, NULL, NULL, NULL, NULL, NULL, NULL, NULL, NULL, NULL, NULL, NULL, NULL, NULL, NULL, NULL, NULL, NULL, NULL, NULL, '2021-01-24 09:37:22', '2021-01-24 09:37:22', NULL, NULL, NULL, NULL, NULL, NULL, NULL, NULL, NULL, NULL, NULL, NULL, NULL, NULL),
(59, 'احمد عبدالمنعم احمد جاد', '201510406', NULL, NULL, NULL, 1, NULL, NULL, NULL, NULL, NULL, 1, NULL, NULL, NULL, 1, 1, NULL, NULL, NULL, '0', NULL, NULL, '201510406', '201510406', NULL, NULL, NULL, NULL, NULL, NULL, NULL, NULL, NULL, NULL, NULL, NULL, NULL, NULL, NULL, NULL, NULL, NULL, NULL, NULL, NULL, NULL, NULL, NULL, NULL, NULL, NULL, NULL, NULL, NULL, '2021-01-24 09:37:22', '2021-01-24 09:37:22', NULL, NULL, NULL, NULL, NULL, NULL, NULL, NULL, NULL, NULL, NULL, NULL, NULL, NULL),
(60, 'احمد عبدالمولى محمد عبدالمولى', '201510335', NULL, NULL, NULL, 1, NULL, NULL, NULL, NULL, NULL, 1, NULL, NULL, NULL, 1, 1, NULL, NULL, NULL, '0', NULL, NULL, '201510335', '201510335', NULL, NULL, NULL, NULL, NULL, NULL, NULL, NULL, NULL, NULL, NULL, NULL, NULL, NULL, NULL, NULL, NULL, NULL, NULL, NULL, NULL, NULL, NULL, NULL, NULL, NULL, NULL, NULL, NULL, NULL, '2021-01-24 09:37:22', '2021-01-24 09:37:22', NULL, NULL, NULL, NULL, NULL, NULL, NULL, NULL, NULL, NULL, NULL, NULL, NULL, NULL),
(61, 'احمد عدلى على محمد', '201510501', NULL, NULL, NULL, 1, NULL, NULL, NULL, NULL, NULL, 1, NULL, NULL, NULL, 1, 1, NULL, NULL, NULL, '0', NULL, NULL, '201510501', '201510501', NULL, NULL, NULL, NULL, NULL, NULL, NULL, NULL, NULL, NULL, NULL, NULL, NULL, NULL, NULL, NULL, NULL, NULL, NULL, NULL, NULL, NULL, NULL, NULL, NULL, NULL, NULL, NULL, NULL, NULL, '2021-01-24 09:37:22', '2021-01-24 09:37:22', NULL, NULL, NULL, NULL, NULL, NULL, NULL, NULL, NULL, NULL, NULL, NULL, NULL, NULL),
(62, 'احمد عربى محمد حسن', '201510218', NULL, NULL, NULL, 1, NULL, NULL, NULL, NULL, NULL, 1, NULL, NULL, NULL, 1, 1, NULL, NULL, NULL, '0', NULL, NULL, '201510218', '201510218', NULL, NULL, NULL, NULL, NULL, NULL, NULL, NULL, NULL, NULL, NULL, NULL, NULL, NULL, NULL, NULL, NULL, NULL, NULL, NULL, NULL, NULL, NULL, NULL, NULL, NULL, NULL, NULL, NULL, NULL, '2021-01-24 09:37:22', '2021-01-24 09:37:22', NULL, NULL, NULL, NULL, NULL, NULL, NULL, NULL, NULL, NULL, NULL, NULL, NULL, NULL),
(63, 'احمد عصام احمد توفيق', '201510076', NULL, NULL, NULL, 1, NULL, NULL, NULL, NULL, NULL, 1, NULL, NULL, NULL, 1, 1, NULL, NULL, NULL, '0', NULL, NULL, '201510076', '201510076', NULL, NULL, NULL, NULL, NULL, NULL, NULL, NULL, NULL, NULL, NULL, NULL, NULL, NULL, NULL, NULL, NULL, NULL, NULL, NULL, NULL, NULL, NULL, NULL, NULL, NULL, NULL, NULL, NULL, NULL, '2021-01-24 09:37:22', '2021-01-24 09:37:22', NULL, NULL, NULL, NULL, NULL, NULL, NULL, NULL, NULL, NULL, NULL, NULL, NULL, NULL),
(64, 'احمد على سليمان رضوان', '201510295', NULL, NULL, NULL, 1, NULL, NULL, NULL, NULL, NULL, 1, NULL, NULL, NULL, 1, 1, NULL, NULL, NULL, '0', NULL, NULL, '201510295', '201510295', NULL, NULL, NULL, NULL, NULL, NULL, NULL, NULL, NULL, NULL, NULL, NULL, NULL, NULL, NULL, NULL, NULL, NULL, NULL, NULL, NULL, NULL, NULL, NULL, NULL, NULL, NULL, NULL, NULL, NULL, '2021-01-24 09:37:22', '2021-01-24 09:37:22', NULL, NULL, NULL, NULL, NULL, NULL, NULL, NULL, NULL, NULL, NULL, NULL, NULL, NULL),
(65, 'احمد فتحى شعبان ابراهيم', '201510346', NULL, NULL, NULL, 1, NULL, NULL, NULL, NULL, NULL, 1, NULL, NULL, NULL, 1, 1, NULL, NULL, NULL, '0', NULL, NULL, '201510346', '201510346', NULL, NULL, NULL, NULL, NULL, NULL, NULL, NULL, NULL, NULL, NULL, NULL, NULL, NULL, NULL, NULL, NULL, NULL, NULL, NULL, NULL, NULL, NULL, NULL, NULL, NULL, NULL, NULL, NULL, NULL, '2021-01-24 09:37:22', '2021-01-24 09:37:22', NULL, NULL, NULL, NULL, NULL, NULL, NULL, NULL, NULL, NULL, NULL, NULL, NULL, NULL),
(66, 'احمد فتحى صديق مجاور', '201510700', NULL, NULL, NULL, 1, NULL, NULL, NULL, NULL, NULL, 1, NULL, NULL, NULL, 1, 1, NULL, NULL, NULL, '0', NULL, NULL, '201510700', '201510700', NULL, NULL, NULL, NULL, NULL, NULL, NULL, NULL, NULL, NULL, NULL, NULL, NULL, NULL, NULL, NULL, NULL, NULL, NULL, NULL, NULL, NULL, NULL, NULL, NULL, NULL, NULL, NULL, NULL, NULL, '2021-01-24 09:37:22', '2021-01-24 09:37:22', NULL, NULL, NULL, NULL, NULL, NULL, NULL, NULL, NULL, NULL, NULL, NULL, NULL, NULL),
(67, 'احمد مجدى عطية محمد', '201510077', NULL, NULL, NULL, 1, NULL, NULL, NULL, NULL, NULL, 1, NULL, NULL, NULL, 1, 1, NULL, NULL, NULL, '0', NULL, NULL, '201510077', '201510077', NULL, NULL, NULL, NULL, NULL, NULL, NULL, NULL, NULL, NULL, NULL, NULL, NULL, NULL, NULL, NULL, NULL, NULL, NULL, NULL, NULL, NULL, NULL, NULL, NULL, NULL, NULL, NULL, NULL, NULL, '2021-01-24 09:37:22', '2021-01-24 09:37:22', NULL, NULL, NULL, NULL, NULL, NULL, NULL, NULL, NULL, NULL, NULL, NULL, NULL, NULL),
(68, 'احمد محمد احمد شايب', '201510340', NULL, NULL, NULL, 1, NULL, NULL, NULL, NULL, NULL, 1, NULL, NULL, NULL, 1, 1, NULL, NULL, NULL, '0', NULL, NULL, '201510340', '201510340', NULL, NULL, NULL, NULL, NULL, NULL, NULL, NULL, NULL, NULL, NULL, NULL, NULL, NULL, NULL, NULL, NULL, NULL, NULL, NULL, NULL, NULL, NULL, NULL, NULL, NULL, NULL, NULL, NULL, NULL, '2021-01-24 09:37:22', '2021-01-24 09:37:22', NULL, NULL, NULL, NULL, NULL, NULL, NULL, NULL, NULL, NULL, NULL, NULL, NULL, NULL),
(69, 'احمد محمد احمد محمد حسن', '201510694', NULL, NULL, NULL, 1, NULL, NULL, NULL, NULL, NULL, 1, NULL, NULL, NULL, 1, 1, NULL, NULL, NULL, '0', NULL, NULL, '201510694', '201510694', NULL, NULL, NULL, NULL, NULL, NULL, NULL, NULL, NULL, NULL, NULL, NULL, NULL, NULL, NULL, NULL, NULL, NULL, NULL, NULL, NULL, NULL, NULL, NULL, NULL, NULL, NULL, NULL, NULL, NULL, '2021-01-24 09:37:22', '2021-01-24 09:37:22', NULL, NULL, NULL, NULL, NULL, NULL, NULL, NULL, NULL, NULL, NULL, NULL, NULL, NULL),
(70, 'احمد محمد توفيق محمد', '201510199', NULL, NULL, NULL, 1, NULL, NULL, NULL, NULL, NULL, 1, NULL, NULL, NULL, 1, 1, NULL, NULL, NULL, '0', NULL, NULL, '201510199', '201510199', NULL, NULL, NULL, NULL, NULL, NULL, NULL, NULL, NULL, NULL, NULL, NULL, NULL, NULL, NULL, NULL, NULL, NULL, NULL, NULL, NULL, NULL, NULL, NULL, NULL, NULL, NULL, NULL, NULL, NULL, '2021-01-24 09:37:22', '2021-01-24 09:37:22', NULL, NULL, NULL, NULL, NULL, NULL, NULL, NULL, NULL, NULL, NULL, NULL, NULL, NULL),
(71, 'احمد محمد صلاح احمد', '201510138', NULL, NULL, NULL, 1, NULL, NULL, NULL, NULL, NULL, 1, NULL, NULL, NULL, 1, 1, NULL, NULL, NULL, '0', NULL, NULL, '201510138', '201510138', NULL, NULL, NULL, NULL, NULL, NULL, NULL, NULL, NULL, NULL, NULL, NULL, NULL, NULL, NULL, NULL, NULL, NULL, NULL, NULL, NULL, NULL, NULL, NULL, NULL, NULL, NULL, NULL, NULL, NULL, '2021-01-24 09:37:22', '2021-01-24 09:37:22', NULL, NULL, NULL, NULL, NULL, NULL, NULL, NULL, NULL, NULL, NULL, NULL, NULL, NULL),
(72, 'احمد محمد على اسماعيل', '201510617', NULL, NULL, NULL, 1, NULL, NULL, NULL, NULL, NULL, 1, NULL, NULL, NULL, 1, 1, NULL, NULL, NULL, '0', NULL, NULL, '201510617', '201510617', NULL, NULL, NULL, NULL, NULL, NULL, NULL, NULL, NULL, NULL, NULL, NULL, NULL, NULL, NULL, NULL, NULL, NULL, NULL, NULL, NULL, NULL, NULL, NULL, NULL, NULL, NULL, NULL, NULL, NULL, '2021-01-24 09:37:22', '2021-01-24 09:37:22', NULL, NULL, NULL, NULL, NULL, NULL, NULL, NULL, NULL, NULL, NULL, NULL, NULL, NULL),
(73, 'احمد محمد نايف عبدالعال', '201510153', NULL, NULL, NULL, 1, NULL, NULL, NULL, NULL, NULL, 1, NULL, NULL, NULL, 1, 1, NULL, NULL, NULL, '0', NULL, NULL, '201510153', '201510153', NULL, NULL, NULL, NULL, NULL, NULL, NULL, NULL, NULL, NULL, NULL, NULL, NULL, NULL, NULL, NULL, NULL, NULL, NULL, NULL, NULL, NULL, NULL, NULL, NULL, NULL, NULL, NULL, NULL, NULL, '2021-01-24 09:37:22', '2021-01-24 09:37:22', NULL, NULL, NULL, NULL, NULL, NULL, NULL, NULL, NULL, NULL, NULL, NULL, NULL, NULL),
(74, 'احمد محمد نوح شعبان', '201510666', NULL, NULL, NULL, 1, NULL, NULL, NULL, NULL, NULL, 1, NULL, NULL, NULL, 1, 1, NULL, NULL, NULL, '0', NULL, NULL, '201510666', '201510666', NULL, NULL, NULL, NULL, NULL, NULL, NULL, NULL, NULL, NULL, NULL, NULL, NULL, NULL, NULL, NULL, NULL, NULL, NULL, NULL, NULL, NULL, NULL, NULL, NULL, NULL, NULL, NULL, NULL, NULL, '2021-01-24 09:37:22', '2021-01-24 09:37:22', NULL, NULL, NULL, NULL, NULL, NULL, NULL, NULL, NULL, NULL, NULL, NULL, NULL, NULL),
(75, 'احمد محمود امين محمود', '201510203', NULL, NULL, NULL, 1, NULL, NULL, NULL, NULL, NULL, 1, NULL, NULL, NULL, 1, 1, NULL, NULL, NULL, '0', NULL, NULL, '201510203', '201510203', NULL, NULL, NULL, NULL, NULL, NULL, NULL, NULL, NULL, NULL, NULL, NULL, NULL, NULL, NULL, NULL, NULL, NULL, NULL, NULL, NULL, NULL, NULL, NULL, NULL, NULL, NULL, NULL, NULL, NULL, '2021-01-24 09:37:22', '2021-01-24 09:37:22', NULL, NULL, NULL, NULL, NULL, NULL, NULL, NULL, NULL, NULL, NULL, NULL, NULL, NULL),
(76, 'احمد محمود محمد اسماعيل', '201510204', NULL, NULL, NULL, 1, NULL, NULL, NULL, NULL, NULL, 1, NULL, NULL, NULL, 1, 1, NULL, NULL, NULL, '0', NULL, NULL, '201510204', '201510204', NULL, NULL, NULL, NULL, NULL, NULL, NULL, NULL, NULL, NULL, NULL, NULL, NULL, NULL, NULL, NULL, NULL, NULL, NULL, NULL, NULL, NULL, NULL, NULL, NULL, NULL, NULL, NULL, NULL, NULL, '2021-01-24 09:37:22', '2021-01-24 09:37:22', NULL, NULL, NULL, NULL, NULL, NULL, NULL, NULL, NULL, NULL, NULL, NULL, NULL, NULL),
(77, 'احمد مصطفى مرتضى مصطفى', '201510554', NULL, NULL, NULL, 1, NULL, NULL, NULL, NULL, NULL, 1, NULL, NULL, NULL, 1, 1, NULL, NULL, NULL, '0', NULL, NULL, '201510554', '201510554', NULL, NULL, NULL, NULL, NULL, NULL, NULL, NULL, NULL, NULL, NULL, NULL, NULL, NULL, NULL, NULL, NULL, NULL, NULL, NULL, NULL, NULL, NULL, NULL, NULL, NULL, NULL, NULL, NULL, NULL, '2021-01-24 09:37:22', '2021-01-24 09:37:22', NULL, NULL, NULL, NULL, NULL, NULL, NULL, NULL, NULL, NULL, NULL, NULL, NULL, NULL),
(78, 'احمد معوض محمود مخلوف', '201510281', NULL, NULL, NULL, 1, NULL, NULL, NULL, NULL, NULL, 1, NULL, NULL, NULL, 1, 1, NULL, NULL, NULL, '0', NULL, NULL, '201510281', '201510281', NULL, NULL, NULL, NULL, NULL, NULL, NULL, NULL, NULL, NULL, NULL, NULL, NULL, NULL, NULL, NULL, NULL, NULL, NULL, NULL, NULL, NULL, NULL, NULL, NULL, NULL, NULL, NULL, NULL, NULL, '2021-01-24 09:37:22', '2021-01-24 09:37:22', NULL, NULL, NULL, NULL, NULL, NULL, NULL, NULL, NULL, NULL, NULL, NULL, NULL, NULL),
(79, 'احمد ممدوح عويس مرسى', '201510106', NULL, NULL, NULL, 1, NULL, NULL, NULL, NULL, NULL, 1, NULL, NULL, NULL, 1, 1, NULL, NULL, NULL, '0', NULL, NULL, '201510106', '201510106', NULL, NULL, NULL, NULL, NULL, NULL, NULL, NULL, NULL, NULL, NULL, NULL, NULL, NULL, NULL, NULL, NULL, NULL, NULL, NULL, NULL, NULL, NULL, NULL, NULL, NULL, NULL, NULL, NULL, NULL, '2021-01-24 09:37:22', '2021-01-24 09:37:22', NULL, NULL, NULL, NULL, NULL, NULL, NULL, NULL, NULL, NULL, NULL, NULL, NULL, NULL),
(80, 'احمد نصر رجب عبدالله', '201510103', NULL, NULL, NULL, 1, NULL, NULL, NULL, NULL, NULL, 1, NULL, NULL, NULL, 1, 1, NULL, NULL, NULL, '0', NULL, NULL, '201510103', '201510103', NULL, NULL, NULL, NULL, NULL, NULL, NULL, NULL, NULL, NULL, NULL, NULL, NULL, NULL, NULL, NULL, NULL, NULL, NULL, NULL, NULL, NULL, NULL, NULL, NULL, NULL, NULL, NULL, NULL, NULL, '2021-01-24 09:37:22', '2021-01-24 09:37:22', NULL, NULL, NULL, NULL, NULL, NULL, NULL, NULL, NULL, NULL, NULL, NULL, NULL, NULL),
(81, 'احمد هشام بدر محمد', '201510452', NULL, NULL, NULL, 1, NULL, NULL, NULL, NULL, NULL, 1, NULL, NULL, NULL, 1, 1, NULL, NULL, NULL, '0', NULL, NULL, '201510452', '201510452', NULL, NULL, NULL, NULL, NULL, NULL, NULL, NULL, NULL, NULL, NULL, NULL, NULL, NULL, NULL, NULL, NULL, NULL, NULL, NULL, NULL, NULL, NULL, NULL, NULL, NULL, NULL, NULL, NULL, NULL, '2021-01-24 09:37:22', '2021-01-24 09:37:22', NULL, NULL, NULL, NULL, NULL, NULL, NULL, NULL, NULL, NULL, NULL, NULL, NULL, NULL),
(82, 'احمد هشام محمد سيد', '201510575', NULL, NULL, NULL, 1, NULL, NULL, NULL, NULL, NULL, 1, NULL, NULL, NULL, 1, 1, NULL, NULL, NULL, '0', NULL, NULL, '201510575', '201510575', NULL, NULL, NULL, NULL, NULL, NULL, NULL, NULL, NULL, NULL, NULL, NULL, NULL, NULL, NULL, NULL, NULL, NULL, NULL, NULL, NULL, NULL, NULL, NULL, NULL, NULL, NULL, NULL, NULL, NULL, '2021-01-24 09:37:22', '2021-01-24 09:37:22', NULL, NULL, NULL, NULL, NULL, NULL, NULL, NULL, NULL, NULL, NULL, NULL, NULL, NULL),
(83, 'احمد هنداوى سيد الجالى', '201510641', NULL, NULL, NULL, 1, NULL, NULL, NULL, NULL, NULL, 1, NULL, NULL, NULL, 1, 1, NULL, NULL, NULL, '0', NULL, NULL, '201510641', '201510641', NULL, NULL, NULL, NULL, NULL, NULL, NULL, NULL, NULL, NULL, NULL, NULL, NULL, NULL, NULL, NULL, NULL, NULL, NULL, NULL, NULL, NULL, NULL, NULL, NULL, NULL, NULL, NULL, NULL, NULL, '2021-01-24 09:37:22', '2021-01-24 09:37:22', NULL, NULL, NULL, NULL, NULL, NULL, NULL, NULL, NULL, NULL, NULL, NULL, NULL, NULL),
(84, 'احمد ياسر رفعت صقر', '201510650', NULL, NULL, NULL, 1, NULL, NULL, NULL, NULL, NULL, 1, NULL, NULL, NULL, 1, 1, NULL, NULL, NULL, '0', NULL, NULL, '201510650', '201510650', NULL, NULL, NULL, NULL, NULL, NULL, NULL, NULL, NULL, NULL, NULL, NULL, NULL, NULL, NULL, NULL, NULL, NULL, NULL, NULL, NULL, NULL, NULL, NULL, NULL, NULL, NULL, NULL, NULL, NULL, '2021-01-24 09:37:22', '2021-01-24 09:37:22', NULL, NULL, NULL, NULL, NULL, NULL, NULL, NULL, NULL, NULL, NULL, NULL, NULL, NULL),
(85, 'احمد ياسر شعبان مصطفى', '201510688', NULL, NULL, NULL, 1, NULL, NULL, NULL, NULL, NULL, 1, NULL, NULL, NULL, 1, 1, NULL, NULL, NULL, '0', NULL, NULL, '201510688', '201510688', NULL, NULL, NULL, NULL, NULL, NULL, NULL, NULL, NULL, NULL, NULL, NULL, NULL, NULL, NULL, NULL, NULL, NULL, NULL, NULL, NULL, NULL, NULL, NULL, NULL, NULL, NULL, NULL, NULL, NULL, '2021-01-24 09:37:22', '2021-01-24 09:37:22', NULL, NULL, NULL, NULL, NULL, NULL, NULL, NULL, NULL, NULL, NULL, NULL, NULL, NULL),
(86, 'احمد يحى عبدالرحمن محمد', '201510159', NULL, NULL, NULL, 1, NULL, NULL, NULL, NULL, NULL, 1, NULL, NULL, NULL, 1, 1, NULL, NULL, NULL, '0', NULL, NULL, '201510159', '201510159', NULL, NULL, NULL, NULL, NULL, NULL, NULL, NULL, NULL, NULL, NULL, NULL, NULL, NULL, NULL, NULL, NULL, NULL, NULL, NULL, NULL, NULL, NULL, NULL, NULL, NULL, NULL, NULL, NULL, NULL, '2021-01-24 09:37:22', '2021-01-24 09:37:22', NULL, NULL, NULL, NULL, NULL, NULL, NULL, NULL, NULL, NULL, NULL, NULL, NULL, NULL),
(87, 'ادهم محمود محمد احمد', '201510277', NULL, NULL, NULL, 1, NULL, NULL, NULL, NULL, NULL, 1, NULL, NULL, NULL, 1, 1, NULL, NULL, NULL, '0', NULL, NULL, '201510277', '201510277', NULL, NULL, NULL, NULL, NULL, NULL, NULL, NULL, NULL, NULL, NULL, NULL, NULL, NULL, NULL, NULL, NULL, NULL, NULL, NULL, NULL, NULL, NULL, NULL, NULL, NULL, NULL, NULL, NULL, NULL, '2021-01-24 09:37:22', '2021-01-24 09:37:22', NULL, NULL, NULL, NULL, NULL, NULL, NULL, NULL, NULL, NULL, NULL, NULL, NULL, NULL),
(88, 'اسامه اسامه محمد ابراهيم', '201510278', NULL, NULL, NULL, 1, NULL, NULL, NULL, NULL, NULL, 1, NULL, NULL, NULL, 1, 1, NULL, NULL, NULL, '0', NULL, NULL, '201510278', '201510278', NULL, NULL, NULL, NULL, NULL, NULL, NULL, NULL, NULL, NULL, NULL, NULL, NULL, NULL, NULL, NULL, NULL, NULL, NULL, NULL, NULL, NULL, NULL, NULL, NULL, NULL, NULL, NULL, NULL, NULL, '2021-01-24 09:37:22', '2021-01-24 09:37:22', NULL, NULL, NULL, NULL, NULL, NULL, NULL, NULL, NULL, NULL, NULL, NULL, NULL, NULL),
(89, 'اسامه حاتم عماد محمد', '201510024', NULL, NULL, NULL, 1, NULL, NULL, NULL, NULL, NULL, 1, NULL, NULL, NULL, 1, 1, NULL, NULL, NULL, '0', NULL, NULL, '201510024', '201510024', NULL, NULL, NULL, NULL, NULL, NULL, NULL, NULL, NULL, NULL, NULL, NULL, NULL, NULL, NULL, NULL, NULL, NULL, NULL, NULL, NULL, NULL, NULL, NULL, NULL, NULL, NULL, NULL, NULL, NULL, '2021-01-24 09:37:22', '2021-01-24 09:37:22', NULL, NULL, NULL, NULL, NULL, NULL, NULL, NULL, NULL, NULL, NULL, NULL, NULL, NULL),
(90, 'اسامه خلف احمد نادى', '201410241', NULL, NULL, NULL, 1, NULL, NULL, NULL, NULL, NULL, 1, NULL, NULL, NULL, 1, 1, NULL, NULL, NULL, '0', NULL, NULL, '201410241', '201410241', NULL, NULL, NULL, NULL, NULL, NULL, NULL, NULL, NULL, NULL, NULL, NULL, NULL, NULL, NULL, NULL, NULL, NULL, NULL, NULL, NULL, NULL, NULL, NULL, NULL, NULL, NULL, NULL, NULL, NULL, '2021-01-24 09:37:22', '2021-01-24 09:37:22', NULL, NULL, NULL, NULL, NULL, NULL, NULL, NULL, NULL, NULL, NULL, NULL, NULL, NULL),
(91, 'اسامه على عبدالتواب على', '201510567', NULL, NULL, NULL, 1, NULL, NULL, NULL, NULL, NULL, 1, NULL, NULL, NULL, 1, 1, NULL, NULL, NULL, '0', NULL, NULL, '201510567', '201510567', NULL, NULL, NULL, NULL, NULL, NULL, NULL, NULL, NULL, NULL, NULL, NULL, NULL, NULL, NULL, NULL, NULL, NULL, NULL, NULL, NULL, NULL, NULL, NULL, NULL, NULL, NULL, NULL, NULL, NULL, '2021-01-24 09:37:22', '2021-01-24 09:37:22', NULL, NULL, NULL, NULL, NULL, NULL, NULL, NULL, NULL, NULL, NULL, NULL, NULL, NULL),
(92, 'اسامه فتحى مصطفى محمود القضابى', '201510392', NULL, NULL, NULL, 1, NULL, NULL, NULL, NULL, NULL, 1, NULL, NULL, NULL, 1, 1, NULL, NULL, NULL, '0', NULL, NULL, '201510392', '201510392', NULL, NULL, NULL, NULL, NULL, NULL, NULL, NULL, NULL, NULL, NULL, NULL, NULL, NULL, NULL, NULL, NULL, NULL, NULL, NULL, NULL, NULL, NULL, NULL, NULL, NULL, NULL, NULL, NULL, NULL, '2021-01-24 09:37:22', '2021-01-24 09:37:22', NULL, NULL, NULL, NULL, NULL, NULL, NULL, NULL, NULL, NULL, NULL, NULL, NULL, NULL),
(93, 'اسامه ماهر بكرى عويس', '201510021', NULL, NULL, NULL, 1, NULL, NULL, NULL, NULL, NULL, 1, NULL, NULL, NULL, 1, 1, NULL, NULL, NULL, '0', NULL, NULL, '201510021', '201510021', NULL, NULL, NULL, NULL, NULL, NULL, NULL, NULL, NULL, NULL, NULL, NULL, NULL, NULL, NULL, NULL, NULL, NULL, NULL, NULL, NULL, NULL, NULL, NULL, NULL, NULL, NULL, NULL, NULL, NULL, '2021-01-24 09:37:22', '2021-01-24 09:37:22', NULL, NULL, NULL, NULL, NULL, NULL, NULL, NULL, NULL, NULL, NULL, NULL, NULL, NULL),
(94, 'اسراء احمد صلاح السيد', '201510187', NULL, NULL, NULL, 1, NULL, NULL, NULL, NULL, NULL, 1, NULL, NULL, NULL, 1, 1, NULL, NULL, NULL, '0', NULL, NULL, '201510187', '201510187', NULL, NULL, NULL, NULL, NULL, NULL, NULL, NULL, NULL, NULL, NULL, NULL, NULL, NULL, NULL, NULL, NULL, NULL, NULL, NULL, NULL, NULL, NULL, NULL, NULL, NULL, NULL, NULL, NULL, NULL, '2021-01-24 09:37:22', '2021-01-24 09:37:22', NULL, NULL, NULL, NULL, NULL, NULL, NULL, NULL, NULL, NULL, NULL, NULL, NULL, NULL),
(95, 'اسراء توفيق محمد توفيق', '201510562', NULL, NULL, NULL, 1, NULL, NULL, NULL, NULL, NULL, 1, NULL, NULL, NULL, 1, 1, NULL, NULL, NULL, '0', NULL, NULL, '201510562', '201510562', NULL, NULL, NULL, NULL, NULL, NULL, NULL, NULL, NULL, NULL, NULL, NULL, NULL, NULL, NULL, NULL, NULL, NULL, NULL, NULL, NULL, NULL, NULL, NULL, NULL, NULL, NULL, NULL, NULL, NULL, '2021-01-24 09:37:22', '2021-01-24 09:37:22', NULL, NULL, NULL, NULL, NULL, NULL, NULL, NULL, NULL, NULL, NULL, NULL, NULL, NULL),
(96, 'اسراء جمال قرنى اسماعيل', '201510429', NULL, NULL, NULL, 1, NULL, NULL, NULL, NULL, NULL, 1, NULL, NULL, NULL, 1, 1, NULL, NULL, NULL, '0', NULL, NULL, '201510429', '201510429', NULL, NULL, NULL, NULL, NULL, NULL, NULL, NULL, NULL, NULL, NULL, NULL, NULL, NULL, NULL, NULL, NULL, NULL, NULL, NULL, NULL, NULL, NULL, NULL, NULL, NULL, NULL, NULL, NULL, NULL, '2021-01-24 09:37:22', '2021-01-24 09:37:22', NULL, NULL, NULL, NULL, NULL, NULL, NULL, NULL, NULL, NULL, NULL, NULL, NULL, NULL),
(97, 'اسراء حسنى محمد احمد عطيه', '201510437', NULL, NULL, NULL, 1, NULL, NULL, NULL, NULL, NULL, 1, NULL, NULL, NULL, 1, 1, NULL, NULL, NULL, '0', NULL, NULL, '201510437', '201510437', NULL, NULL, NULL, NULL, NULL, NULL, NULL, NULL, NULL, NULL, NULL, NULL, NULL, NULL, NULL, NULL, NULL, NULL, NULL, NULL, NULL, NULL, NULL, NULL, NULL, NULL, NULL, NULL, NULL, NULL, '2021-01-24 09:37:22', '2021-01-24 09:37:22', NULL, NULL, NULL, NULL, NULL, NULL, NULL, NULL, NULL, NULL, NULL, NULL, NULL, NULL);
INSERT INTO `students` (`id`, `name`, `code`, `nationality_id`, `set_number`, `gender`, `academic_years_id`, `registeration_date`, `qualification_types_id`, `qualification_date`, `qualification_id`, `qualification_set_number`, `division_id`, `language_1_id`, `language_2_id`, `city_id`, `level_id`, `department_id`, `government_id`, `country_id`, `religion`, `military_course_status`, `military_status_id`, `military_area_id`, `national_id`, `password`, `grade`, `triple_number`, `address`, `birth_address`, `phone_1`, `registration_status_id`, `registration_method_id`, `national_id_date`, `national_id_place`, `parent_name`, `parent_national_id`, `parent_job_id`, `parent_address`, `parent_phone`, `recommendation_card`, `qualification_certificate`, `birth_certificate`, `personal_identification_photo`, `personal_photo`, `model_2_jund`, `model_6_jund`, `receipt_letter`, `estimates_statement`, `case_status`, `degree_status`, `egyptians_lab_speechs`, `system_academic_year_id`, `azhar_grade`, `constraint_status_id`, `case_constraint_id`, `created_at`, `updated_at`, `notes`, `application_id`, `email`, `relative_relation_id`, `acceptance_code`, `acceptance_date`, `is_application`, `application_code`, `writen_by`, `is_refund`, `api_token`, `phone`, `username`, `password_`) VALUES
(98, 'اسراء سيد احمد شحاته', '201510101', NULL, NULL, NULL, 1, NULL, NULL, NULL, NULL, NULL, 1, NULL, NULL, NULL, 1, 1, NULL, NULL, NULL, '0', NULL, NULL, '201510101', '201510101', NULL, NULL, NULL, NULL, NULL, NULL, NULL, NULL, NULL, NULL, NULL, NULL, NULL, NULL, NULL, NULL, NULL, NULL, NULL, NULL, NULL, NULL, NULL, NULL, NULL, NULL, NULL, NULL, NULL, NULL, '2021-01-24 09:37:22', '2021-01-24 09:37:22', NULL, NULL, NULL, NULL, NULL, NULL, NULL, NULL, NULL, NULL, NULL, NULL, NULL, NULL),
(99, 'اسراء عادل محمد حسن', '201510383', NULL, NULL, NULL, 1, NULL, NULL, NULL, NULL, NULL, 1, NULL, NULL, NULL, 1, 1, NULL, NULL, NULL, '0', NULL, NULL, '201510383', '201510383', NULL, NULL, NULL, NULL, NULL, NULL, NULL, NULL, NULL, NULL, NULL, NULL, NULL, NULL, NULL, NULL, NULL, NULL, NULL, NULL, NULL, NULL, NULL, NULL, NULL, NULL, NULL, NULL, NULL, NULL, '2021-01-24 09:37:22', '2021-01-24 09:37:22', NULL, NULL, NULL, NULL, NULL, NULL, NULL, NULL, NULL, NULL, NULL, NULL, NULL, NULL),
(100, 'اسراء قرنى اسماعيل عبدالجواد', '201510612', NULL, NULL, NULL, 1, NULL, NULL, NULL, NULL, NULL, 1, NULL, NULL, NULL, 1, 1, NULL, NULL, NULL, '0', NULL, NULL, '201510612', '201510612', NULL, NULL, NULL, NULL, NULL, NULL, NULL, NULL, NULL, NULL, NULL, NULL, NULL, NULL, NULL, NULL, NULL, NULL, NULL, NULL, NULL, NULL, NULL, NULL, NULL, NULL, NULL, NULL, NULL, NULL, '2021-01-24 09:37:22', '2021-01-24 09:37:22', NULL, NULL, NULL, NULL, NULL, NULL, NULL, NULL, NULL, NULL, NULL, NULL, NULL, NULL),
(101, 'اسراء مجاهد حزين مجاهد', '201510634', NULL, NULL, NULL, 1, NULL, NULL, NULL, NULL, NULL, 1, NULL, NULL, NULL, 1, 1, NULL, NULL, NULL, '0', NULL, NULL, '201510634', '201510634', NULL, NULL, NULL, NULL, NULL, NULL, NULL, NULL, NULL, NULL, NULL, NULL, NULL, NULL, NULL, NULL, NULL, NULL, NULL, NULL, NULL, NULL, NULL, NULL, NULL, NULL, NULL, NULL, NULL, NULL, '2021-01-24 09:37:22', '2021-01-24 09:37:22', NULL, NULL, NULL, NULL, NULL, NULL, NULL, NULL, NULL, NULL, NULL, NULL, NULL, NULL),
(102, 'اسراء محمد توفيق عمران', '201510085', NULL, NULL, NULL, 1, NULL, NULL, NULL, NULL, NULL, 1, NULL, NULL, NULL, 1, 1, NULL, NULL, NULL, '0', NULL, NULL, '201510085', '201510085', NULL, NULL, NULL, NULL, NULL, NULL, NULL, NULL, NULL, NULL, NULL, NULL, NULL, NULL, NULL, NULL, NULL, NULL, NULL, NULL, NULL, NULL, NULL, NULL, NULL, NULL, NULL, NULL, NULL, NULL, '2021-01-24 09:37:22', '2021-01-24 09:37:22', NULL, NULL, NULL, NULL, NULL, NULL, NULL, NULL, NULL, NULL, NULL, NULL, NULL, NULL),
(103, 'اسراء محمد مصطفى سليمان', '201510577', NULL, NULL, NULL, 1, NULL, NULL, NULL, NULL, NULL, 1, NULL, NULL, NULL, 1, 1, NULL, NULL, NULL, '0', NULL, NULL, '201510577', '201510577', NULL, NULL, NULL, NULL, NULL, NULL, NULL, NULL, NULL, NULL, NULL, NULL, NULL, NULL, NULL, NULL, NULL, NULL, NULL, NULL, NULL, NULL, NULL, NULL, NULL, NULL, NULL, NULL, NULL, NULL, '2021-01-24 09:37:22', '2021-01-24 09:37:22', NULL, NULL, NULL, NULL, NULL, NULL, NULL, NULL, NULL, NULL, NULL, NULL, NULL, NULL),
(104, 'اسراء محمد مصطفى عبدالرحمن', '201510393', NULL, NULL, NULL, 1, NULL, NULL, NULL, NULL, NULL, 1, NULL, NULL, NULL, 1, 1, NULL, NULL, NULL, '0', NULL, NULL, '201510393', '201510393', NULL, NULL, NULL, NULL, NULL, NULL, NULL, NULL, NULL, NULL, NULL, NULL, NULL, NULL, NULL, NULL, NULL, NULL, NULL, NULL, NULL, NULL, NULL, NULL, NULL, NULL, NULL, NULL, NULL, NULL, '2021-01-24 09:37:22', '2021-01-24 09:37:22', NULL, NULL, NULL, NULL, NULL, NULL, NULL, NULL, NULL, NULL, NULL, NULL, NULL, NULL),
(105, 'اسلام احمد على حسين', '201510388', NULL, NULL, NULL, 1, NULL, NULL, NULL, NULL, NULL, 1, NULL, NULL, NULL, 1, 1, NULL, NULL, NULL, '0', NULL, NULL, '201510388', '201510388', NULL, NULL, NULL, NULL, NULL, NULL, NULL, NULL, NULL, NULL, NULL, NULL, NULL, NULL, NULL, NULL, NULL, NULL, NULL, NULL, NULL, NULL, NULL, NULL, NULL, NULL, NULL, NULL, NULL, NULL, '2021-01-24 09:37:22', '2021-01-24 09:37:22', NULL, NULL, NULL, NULL, NULL, NULL, NULL, NULL, NULL, NULL, NULL, NULL, NULL, NULL),
(106, 'اسلام احمد قطب احمد', '201510615', NULL, NULL, NULL, 1, NULL, NULL, NULL, NULL, NULL, 1, NULL, NULL, NULL, 1, 1, NULL, NULL, NULL, '0', NULL, NULL, '201510615', '201510615', NULL, NULL, NULL, NULL, NULL, NULL, NULL, NULL, NULL, NULL, NULL, NULL, NULL, NULL, NULL, NULL, NULL, NULL, NULL, NULL, NULL, NULL, NULL, NULL, NULL, NULL, NULL, NULL, NULL, NULL, '2021-01-24 09:37:22', '2021-01-24 09:37:22', NULL, NULL, NULL, NULL, NULL, NULL, NULL, NULL, NULL, NULL, NULL, NULL, NULL, NULL),
(107, 'اسلام احمد محمد موسى', '201510104', NULL, NULL, NULL, 1, NULL, NULL, NULL, NULL, NULL, 1, NULL, NULL, NULL, 1, 1, NULL, NULL, NULL, '0', NULL, NULL, '201510104', '201510104', NULL, NULL, NULL, NULL, NULL, NULL, NULL, NULL, NULL, NULL, NULL, NULL, NULL, NULL, NULL, NULL, NULL, NULL, NULL, NULL, NULL, NULL, NULL, NULL, NULL, NULL, NULL, NULL, NULL, NULL, '2021-01-24 09:37:23', '2021-01-24 09:37:23', NULL, NULL, NULL, NULL, NULL, NULL, NULL, NULL, NULL, NULL, NULL, NULL, NULL, NULL),
(108, 'اسلام جابر مصطفى ابوطالب', '201510030', NULL, NULL, NULL, 1, NULL, NULL, NULL, NULL, NULL, 1, NULL, NULL, NULL, 1, 1, NULL, NULL, NULL, '0', NULL, NULL, '201510030', '201510030', NULL, NULL, NULL, NULL, NULL, NULL, NULL, NULL, NULL, NULL, NULL, NULL, NULL, NULL, NULL, NULL, NULL, NULL, NULL, NULL, NULL, NULL, NULL, NULL, NULL, NULL, NULL, NULL, NULL, NULL, '2021-01-24 09:37:23', '2021-01-24 09:37:23', NULL, NULL, NULL, NULL, NULL, NULL, NULL, NULL, NULL, NULL, NULL, NULL, NULL, NULL),
(109, 'اسلام رجب عبدالحميد كامل', '201510721', NULL, NULL, NULL, 1, NULL, NULL, NULL, NULL, NULL, 1, NULL, NULL, NULL, 1, 1, NULL, NULL, NULL, '0', NULL, NULL, '201510721', '201510721', NULL, NULL, NULL, NULL, NULL, NULL, NULL, NULL, NULL, NULL, NULL, NULL, NULL, NULL, NULL, NULL, NULL, NULL, NULL, NULL, NULL, NULL, NULL, NULL, NULL, NULL, NULL, NULL, NULL, NULL, '2021-01-24 09:37:23', '2021-01-24 09:37:23', NULL, NULL, NULL, NULL, NULL, NULL, NULL, NULL, NULL, NULL, NULL, NULL, NULL, NULL),
(110, 'اسلام سعيد حماد احمد', '201510176', NULL, NULL, NULL, 1, NULL, NULL, NULL, NULL, NULL, 1, NULL, NULL, NULL, 1, 1, NULL, NULL, NULL, '0', NULL, NULL, '201510176', '201510176', NULL, NULL, NULL, NULL, NULL, NULL, NULL, NULL, NULL, NULL, NULL, NULL, NULL, NULL, NULL, NULL, NULL, NULL, NULL, NULL, NULL, NULL, NULL, NULL, NULL, NULL, NULL, NULL, NULL, NULL, '2021-01-24 09:37:23', '2021-01-24 09:37:23', NULL, NULL, NULL, NULL, NULL, NULL, NULL, NULL, NULL, NULL, NULL, NULL, NULL, NULL),
(111, 'اسلام سلومه محمد رمضان', '201510173', NULL, NULL, NULL, 1, NULL, NULL, NULL, NULL, NULL, 1, NULL, NULL, NULL, 1, 1, NULL, NULL, NULL, '0', NULL, NULL, '201510173', '201510173', NULL, NULL, NULL, NULL, NULL, NULL, NULL, NULL, NULL, NULL, NULL, NULL, NULL, NULL, NULL, NULL, NULL, NULL, NULL, NULL, NULL, NULL, NULL, NULL, NULL, NULL, NULL, NULL, NULL, NULL, '2021-01-24 09:37:23', '2021-01-24 09:37:23', NULL, NULL, NULL, NULL, NULL, NULL, NULL, NULL, NULL, NULL, NULL, NULL, NULL, NULL),
(112, 'اسلام سيد محمد محمد', '201510026', NULL, NULL, NULL, 1, NULL, NULL, NULL, NULL, NULL, 1, NULL, NULL, NULL, 1, 1, NULL, NULL, NULL, '0', NULL, NULL, '201510026', '201510026', NULL, NULL, NULL, NULL, NULL, NULL, NULL, NULL, NULL, NULL, NULL, NULL, NULL, NULL, NULL, NULL, NULL, NULL, NULL, NULL, NULL, NULL, NULL, NULL, NULL, NULL, NULL, NULL, NULL, NULL, '2021-01-24 09:37:23', '2021-01-24 09:37:23', NULL, NULL, NULL, NULL, NULL, NULL, NULL, NULL, NULL, NULL, NULL, NULL, NULL, NULL),
(113, 'اسلام عيد عزيز حميده', '201510174', NULL, NULL, NULL, 1, NULL, NULL, NULL, NULL, NULL, 1, NULL, NULL, NULL, 1, 1, NULL, NULL, NULL, '0', NULL, NULL, '201510174', '201510174', NULL, NULL, NULL, NULL, NULL, NULL, NULL, NULL, NULL, NULL, NULL, NULL, NULL, NULL, NULL, NULL, NULL, NULL, NULL, NULL, NULL, NULL, NULL, NULL, NULL, NULL, NULL, NULL, NULL, NULL, '2021-01-24 09:37:23', '2021-01-24 09:37:23', NULL, NULL, NULL, NULL, NULL, NULL, NULL, NULL, NULL, NULL, NULL, NULL, NULL, NULL),
(114, 'اسلام مجدى محمد احمد', '201510084', NULL, NULL, NULL, 1, NULL, NULL, NULL, NULL, NULL, 1, NULL, NULL, NULL, 1, 1, NULL, NULL, NULL, '0', NULL, NULL, '201510084', '201510084', NULL, NULL, NULL, NULL, NULL, NULL, NULL, NULL, NULL, NULL, NULL, NULL, NULL, NULL, NULL, NULL, NULL, NULL, NULL, NULL, NULL, NULL, NULL, NULL, NULL, NULL, NULL, NULL, NULL, NULL, '2021-01-24 09:37:23', '2021-01-24 09:37:23', NULL, NULL, NULL, NULL, NULL, NULL, NULL, NULL, NULL, NULL, NULL, NULL, NULL, NULL),
(115, 'اسلام محمد عبدالمنعم سليمان', '201510215', NULL, NULL, NULL, 1, NULL, NULL, NULL, NULL, NULL, 1, NULL, NULL, NULL, 1, 1, NULL, NULL, NULL, '0', NULL, NULL, '201510215', '201510215', NULL, NULL, NULL, NULL, NULL, NULL, NULL, NULL, NULL, NULL, NULL, NULL, NULL, NULL, NULL, NULL, NULL, NULL, NULL, NULL, NULL, NULL, NULL, NULL, NULL, NULL, NULL, NULL, NULL, NULL, '2021-01-24 09:37:23', '2021-01-24 09:37:23', NULL, NULL, NULL, NULL, NULL, NULL, NULL, NULL, NULL, NULL, NULL, NULL, NULL, NULL),
(116, 'اسلام محمد لطفى محمد', '201510610', NULL, NULL, NULL, 1, NULL, NULL, NULL, NULL, NULL, 1, NULL, NULL, NULL, 1, 1, NULL, NULL, NULL, '0', NULL, NULL, '201510610', '201510610', NULL, NULL, NULL, NULL, NULL, NULL, NULL, NULL, NULL, NULL, NULL, NULL, NULL, NULL, NULL, NULL, NULL, NULL, NULL, NULL, NULL, NULL, NULL, NULL, NULL, NULL, NULL, NULL, NULL, NULL, '2021-01-24 09:37:23', '2021-01-24 09:37:23', NULL, NULL, NULL, NULL, NULL, NULL, NULL, NULL, NULL, NULL, NULL, NULL, NULL, NULL),
(117, 'اسلام محمد يونس محمود', '201510038', NULL, NULL, NULL, 1, NULL, NULL, NULL, NULL, NULL, 1, NULL, NULL, NULL, 1, 1, NULL, NULL, NULL, '0', NULL, NULL, '201510038', '201510038', NULL, NULL, NULL, NULL, NULL, NULL, NULL, NULL, NULL, NULL, NULL, NULL, NULL, NULL, NULL, NULL, NULL, NULL, NULL, NULL, NULL, NULL, NULL, NULL, NULL, NULL, NULL, NULL, NULL, NULL, '2021-01-24 09:37:23', '2021-01-24 09:37:23', NULL, NULL, NULL, NULL, NULL, NULL, NULL, NULL, NULL, NULL, NULL, NULL, NULL, NULL),
(118, 'اسلام محمود شاكر طه', '201510172', NULL, NULL, NULL, 1, NULL, NULL, NULL, NULL, NULL, 1, NULL, NULL, NULL, 1, 1, NULL, NULL, NULL, '0', NULL, NULL, '201510172', '201510172', NULL, NULL, NULL, NULL, NULL, NULL, NULL, NULL, NULL, NULL, NULL, NULL, NULL, NULL, NULL, NULL, NULL, NULL, NULL, NULL, NULL, NULL, NULL, NULL, NULL, NULL, NULL, NULL, NULL, NULL, '2021-01-24 09:37:23', '2021-01-24 09:37:23', NULL, NULL, NULL, NULL, NULL, NULL, NULL, NULL, NULL, NULL, NULL, NULL, NULL, NULL),
(119, 'اسلام محمود على احمد', '201510195', NULL, NULL, NULL, 1, NULL, NULL, NULL, NULL, NULL, 1, NULL, NULL, NULL, 1, 1, NULL, NULL, NULL, '0', NULL, NULL, '201510195', '201510195', NULL, NULL, NULL, NULL, NULL, NULL, NULL, NULL, NULL, NULL, NULL, NULL, NULL, NULL, NULL, NULL, NULL, NULL, NULL, NULL, NULL, NULL, NULL, NULL, NULL, NULL, NULL, NULL, NULL, NULL, '2021-01-24 09:37:23', '2021-01-24 09:37:23', NULL, NULL, NULL, NULL, NULL, NULL, NULL, NULL, NULL, NULL, NULL, NULL, NULL, NULL),
(120, 'اسلام ممدوح عبدالفتاح جلال', '201510425', NULL, NULL, NULL, 1, NULL, NULL, NULL, NULL, NULL, 1, NULL, NULL, NULL, 1, 1, NULL, NULL, NULL, '0', NULL, NULL, '201510425', '201510425', NULL, NULL, NULL, NULL, NULL, NULL, NULL, NULL, NULL, NULL, NULL, NULL, NULL, NULL, NULL, NULL, NULL, NULL, NULL, NULL, NULL, NULL, NULL, NULL, NULL, NULL, NULL, NULL, NULL, NULL, '2021-01-24 09:37:23', '2021-01-24 09:37:23', NULL, NULL, NULL, NULL, NULL, NULL, NULL, NULL, NULL, NULL, NULL, NULL, NULL, NULL),
(121, 'اسماء رجب محمود محمد', '201510272', NULL, NULL, NULL, 1, NULL, NULL, NULL, NULL, NULL, 1, NULL, NULL, NULL, 1, 1, NULL, NULL, NULL, '0', NULL, NULL, '201510272', '201510272', NULL, NULL, NULL, NULL, NULL, NULL, NULL, NULL, NULL, NULL, NULL, NULL, NULL, NULL, NULL, NULL, NULL, NULL, NULL, NULL, NULL, NULL, NULL, NULL, NULL, NULL, NULL, NULL, NULL, NULL, '2021-01-24 09:37:23', '2021-01-24 09:37:23', NULL, NULL, NULL, NULL, NULL, NULL, NULL, NULL, NULL, NULL, NULL, NULL, NULL, NULL),
(122, 'اسماء صالح ابراهيم محمد', '201510219', NULL, NULL, NULL, 1, NULL, NULL, NULL, NULL, NULL, 1, NULL, NULL, NULL, 1, 1, NULL, NULL, NULL, '0', NULL, NULL, '201510219', '201510219', NULL, NULL, NULL, NULL, NULL, NULL, NULL, NULL, NULL, NULL, NULL, NULL, NULL, NULL, NULL, NULL, NULL, NULL, NULL, NULL, NULL, NULL, NULL, NULL, NULL, NULL, NULL, NULL, NULL, NULL, '2021-01-24 09:37:23', '2021-01-24 09:37:23', NULL, NULL, NULL, NULL, NULL, NULL, NULL, NULL, NULL, NULL, NULL, NULL, NULL, NULL),
(123, 'اسماء عبدالكريم محمد محمد', '201510656', NULL, NULL, NULL, 1, NULL, NULL, NULL, NULL, NULL, 1, NULL, NULL, NULL, 1, 1, NULL, NULL, NULL, '0', NULL, NULL, '201510656', '201510656', NULL, NULL, NULL, NULL, NULL, NULL, NULL, NULL, NULL, NULL, NULL, NULL, NULL, NULL, NULL, NULL, NULL, NULL, NULL, NULL, NULL, NULL, NULL, NULL, NULL, NULL, NULL, NULL, NULL, NULL, '2021-01-24 09:37:23', '2021-01-24 09:37:23', NULL, NULL, NULL, NULL, NULL, NULL, NULL, NULL, NULL, NULL, NULL, NULL, NULL, NULL),
(124, 'اسماء فارس عبدالفتاح ابراهيم', '201510282', NULL, NULL, NULL, 1, NULL, NULL, NULL, NULL, NULL, 1, NULL, NULL, NULL, 1, 1, NULL, NULL, NULL, '0', NULL, NULL, '201510282', '201510282', NULL, NULL, NULL, NULL, NULL, NULL, NULL, NULL, NULL, NULL, NULL, NULL, NULL, NULL, NULL, NULL, NULL, NULL, NULL, NULL, NULL, NULL, NULL, NULL, NULL, NULL, NULL, NULL, NULL, NULL, '2021-01-24 09:37:23', '2021-01-24 09:37:23', NULL, NULL, NULL, NULL, NULL, NULL, NULL, NULL, NULL, NULL, NULL, NULL, NULL, NULL),
(125, 'اسماء فايزى جابر خليفه', '201510336', NULL, NULL, NULL, 1, NULL, NULL, NULL, NULL, NULL, 1, NULL, NULL, NULL, 1, 1, NULL, NULL, NULL, '0', NULL, NULL, '201510336', '201510336', NULL, NULL, NULL, NULL, NULL, NULL, NULL, NULL, NULL, NULL, NULL, NULL, NULL, NULL, NULL, NULL, NULL, NULL, NULL, NULL, NULL, NULL, NULL, NULL, NULL, NULL, NULL, NULL, NULL, NULL, '2021-01-24 09:37:23', '2021-01-24 09:37:23', NULL, NULL, NULL, NULL, NULL, NULL, NULL, NULL, NULL, NULL, NULL, NULL, NULL, NULL),
(126, 'اسماء محمود السيد مرسى', '201510714', NULL, NULL, NULL, 1, NULL, NULL, NULL, NULL, NULL, 1, NULL, NULL, NULL, 1, 1, NULL, NULL, NULL, '0', NULL, NULL, '201510714', '201510714', NULL, NULL, NULL, NULL, NULL, NULL, NULL, NULL, NULL, NULL, NULL, NULL, NULL, NULL, NULL, NULL, NULL, NULL, NULL, NULL, NULL, NULL, NULL, NULL, NULL, NULL, NULL, NULL, NULL, NULL, '2021-01-24 09:37:23', '2021-01-24 09:37:23', NULL, NULL, NULL, NULL, NULL, NULL, NULL, NULL, NULL, NULL, NULL, NULL, NULL, NULL),
(127, 'اسماء محمود على عبدالرحيم', '201510621', NULL, NULL, NULL, 1, NULL, NULL, NULL, NULL, NULL, 1, NULL, NULL, NULL, 1, 1, NULL, NULL, NULL, '0', NULL, NULL, '201510621', '201510621', NULL, NULL, NULL, NULL, NULL, NULL, NULL, NULL, NULL, NULL, NULL, NULL, NULL, NULL, NULL, NULL, NULL, NULL, NULL, NULL, NULL, NULL, NULL, NULL, NULL, NULL, NULL, NULL, NULL, NULL, '2021-01-24 09:37:23', '2021-01-24 09:37:23', NULL, NULL, NULL, NULL, NULL, NULL, NULL, NULL, NULL, NULL, NULL, NULL, NULL, NULL),
(128, 'اسماء مصطفى مجاور عيسى', '201510489', NULL, NULL, NULL, 1, NULL, NULL, NULL, NULL, NULL, 1, NULL, NULL, NULL, 1, 1, NULL, NULL, NULL, '0', NULL, NULL, '201510489', '201510489', NULL, NULL, NULL, NULL, NULL, NULL, NULL, NULL, NULL, NULL, NULL, NULL, NULL, NULL, NULL, NULL, NULL, NULL, NULL, NULL, NULL, NULL, NULL, NULL, NULL, NULL, NULL, NULL, NULL, NULL, '2021-01-24 09:37:23', '2021-01-24 09:37:23', NULL, NULL, NULL, NULL, NULL, NULL, NULL, NULL, NULL, NULL, NULL, NULL, NULL, NULL),
(129, 'اسماء مصطفى محمد عبدالجواد', '201510265', NULL, NULL, NULL, 1, NULL, NULL, NULL, NULL, NULL, 1, NULL, NULL, NULL, 1, 1, NULL, NULL, NULL, '0', NULL, NULL, '201510265', '201510265', NULL, NULL, NULL, NULL, NULL, NULL, NULL, NULL, NULL, NULL, NULL, NULL, NULL, NULL, NULL, NULL, NULL, NULL, NULL, NULL, NULL, NULL, NULL, NULL, NULL, NULL, NULL, NULL, NULL, NULL, '2021-01-24 09:37:23', '2021-01-24 09:37:23', NULL, NULL, NULL, NULL, NULL, NULL, NULL, NULL, NULL, NULL, NULL, NULL, NULL, NULL),
(130, 'اسماعيل مجدى محمد منير', '201510041', NULL, NULL, NULL, 1, NULL, NULL, NULL, NULL, NULL, 1, NULL, NULL, NULL, 1, 1, NULL, NULL, NULL, '0', NULL, NULL, '201510041', '201510041', NULL, NULL, NULL, NULL, NULL, NULL, NULL, NULL, NULL, NULL, NULL, NULL, NULL, NULL, NULL, NULL, NULL, NULL, NULL, NULL, NULL, NULL, NULL, NULL, NULL, NULL, NULL, NULL, NULL, NULL, '2021-01-24 09:37:23', '2021-01-24 09:37:23', NULL, NULL, NULL, NULL, NULL, NULL, NULL, NULL, NULL, NULL, NULL, NULL, NULL, NULL),
(131, 'اشرقت جمال الدين حسين محمد', '201510494', NULL, NULL, NULL, 1, NULL, NULL, NULL, NULL, NULL, 1, NULL, NULL, NULL, 1, 1, NULL, NULL, NULL, '0', NULL, NULL, '201510494', '201510494', NULL, NULL, NULL, NULL, NULL, NULL, NULL, NULL, NULL, NULL, NULL, NULL, NULL, NULL, NULL, NULL, NULL, NULL, NULL, NULL, NULL, NULL, NULL, NULL, NULL, NULL, NULL, NULL, NULL, NULL, '2021-01-24 09:37:23', '2021-01-24 09:37:23', NULL, NULL, NULL, NULL, NULL, NULL, NULL, NULL, NULL, NULL, NULL, NULL, NULL, NULL),
(132, 'اكرم محمد عبدالله سعد', '201510070', NULL, NULL, NULL, 1, NULL, NULL, NULL, NULL, NULL, 1, NULL, NULL, NULL, 1, 1, NULL, NULL, NULL, '0', NULL, NULL, '201510070', '201510070', NULL, NULL, NULL, NULL, NULL, NULL, NULL, NULL, NULL, NULL, NULL, NULL, NULL, NULL, NULL, NULL, NULL, NULL, NULL, NULL, NULL, NULL, NULL, NULL, NULL, NULL, NULL, NULL, NULL, NULL, '2021-01-24 09:37:23', '2021-01-24 09:37:23', NULL, NULL, NULL, NULL, NULL, NULL, NULL, NULL, NULL, NULL, NULL, NULL, NULL, NULL),
(133, 'الاء اشرف عبدالرحمن محمد', '201510227', NULL, NULL, NULL, 1, NULL, NULL, NULL, NULL, NULL, 1, NULL, NULL, NULL, 1, 1, NULL, NULL, NULL, '0', NULL, NULL, '201510227', '201510227', NULL, NULL, NULL, NULL, NULL, NULL, NULL, NULL, NULL, NULL, NULL, NULL, NULL, NULL, NULL, NULL, NULL, NULL, NULL, NULL, NULL, NULL, NULL, NULL, NULL, NULL, NULL, NULL, NULL, NULL, '2021-01-24 09:37:23', '2021-01-24 09:37:23', NULL, NULL, NULL, NULL, NULL, NULL, NULL, NULL, NULL, NULL, NULL, NULL, NULL, NULL),
(134, 'الاء جمال حمدون ابوالعلا', '201510358', NULL, NULL, NULL, 1, NULL, NULL, NULL, NULL, NULL, 1, NULL, NULL, NULL, 1, 1, NULL, NULL, NULL, '0', NULL, NULL, '201510358', '201510358', NULL, NULL, NULL, NULL, NULL, NULL, NULL, NULL, NULL, NULL, NULL, NULL, NULL, NULL, NULL, NULL, NULL, NULL, NULL, NULL, NULL, NULL, NULL, NULL, NULL, NULL, NULL, NULL, NULL, NULL, '2021-01-24 09:37:23', '2021-01-24 09:37:23', NULL, NULL, NULL, NULL, NULL, NULL, NULL, NULL, NULL, NULL, NULL, NULL, NULL, NULL),
(135, 'البطل معتمد شلقامى ابراهيم', '201510034', NULL, NULL, NULL, 1, NULL, NULL, NULL, NULL, NULL, 1, NULL, NULL, NULL, 1, 1, NULL, NULL, NULL, '0', NULL, NULL, '201510034', '201510034', NULL, NULL, NULL, NULL, NULL, NULL, NULL, NULL, NULL, NULL, NULL, NULL, NULL, NULL, NULL, NULL, NULL, NULL, NULL, NULL, NULL, NULL, NULL, NULL, NULL, NULL, NULL, NULL, NULL, NULL, '2021-01-24 09:37:23', '2021-01-24 09:37:23', NULL, NULL, NULL, NULL, NULL, NULL, NULL, NULL, NULL, NULL, NULL, NULL, NULL, NULL),
(136, 'الرمالى صلاح يوسف ثابت', '201510031', NULL, NULL, NULL, 1, NULL, NULL, NULL, NULL, NULL, 1, NULL, NULL, NULL, 1, 1, NULL, NULL, NULL, '0', NULL, NULL, '201510031', '201510031', NULL, NULL, NULL, NULL, NULL, NULL, NULL, NULL, NULL, NULL, NULL, NULL, NULL, NULL, NULL, NULL, NULL, NULL, NULL, NULL, NULL, NULL, NULL, NULL, NULL, NULL, NULL, NULL, NULL, NULL, '2021-01-24 09:37:23', '2021-01-24 09:37:23', NULL, NULL, NULL, NULL, NULL, NULL, NULL, NULL, NULL, NULL, NULL, NULL, NULL, NULL),
(137, 'الشريف محمد عبدالموجود محمد', '201510542', NULL, NULL, NULL, 1, NULL, NULL, NULL, NULL, NULL, 1, NULL, NULL, NULL, 1, 1, NULL, NULL, NULL, '0', NULL, NULL, '201510542', '201510542', NULL, NULL, NULL, NULL, NULL, NULL, NULL, NULL, NULL, NULL, NULL, NULL, NULL, NULL, NULL, NULL, NULL, NULL, NULL, NULL, NULL, NULL, NULL, NULL, NULL, NULL, NULL, NULL, NULL, NULL, '2021-01-24 09:37:23', '2021-01-24 09:37:23', NULL, NULL, NULL, NULL, NULL, NULL, NULL, NULL, NULL, NULL, NULL, NULL, NULL, NULL),
(138, 'الشيماء ابوالفتوح احمد حسين', '201510349', NULL, NULL, NULL, 1, NULL, NULL, NULL, NULL, NULL, 1, NULL, NULL, NULL, 1, 1, NULL, NULL, NULL, '0', NULL, NULL, '201510349', '201510349', NULL, NULL, NULL, NULL, NULL, NULL, NULL, NULL, NULL, NULL, NULL, NULL, NULL, NULL, NULL, NULL, NULL, NULL, NULL, NULL, NULL, NULL, NULL, NULL, NULL, NULL, NULL, NULL, NULL, NULL, '2021-01-24 09:37:23', '2021-01-24 09:37:23', NULL, NULL, NULL, NULL, NULL, NULL, NULL, NULL, NULL, NULL, NULL, NULL, NULL, NULL),
(139, 'الشيماء حمدى مرتضى حسن', '201510143', NULL, NULL, NULL, 1, NULL, NULL, NULL, NULL, NULL, 1, NULL, NULL, NULL, 1, 1, NULL, NULL, NULL, '0', NULL, NULL, '201510143', '201510143', NULL, NULL, NULL, NULL, NULL, NULL, NULL, NULL, NULL, NULL, NULL, NULL, NULL, NULL, NULL, NULL, NULL, NULL, NULL, NULL, NULL, NULL, NULL, NULL, NULL, NULL, NULL, NULL, NULL, NULL, '2021-01-24 09:37:23', '2021-01-24 09:37:23', NULL, NULL, NULL, NULL, NULL, NULL, NULL, NULL, NULL, NULL, NULL, NULL, NULL, NULL),
(140, 'الشيماء على سيد على', '201510099', NULL, NULL, NULL, 1, NULL, NULL, NULL, NULL, NULL, 1, NULL, NULL, NULL, 1, 1, NULL, NULL, NULL, '0', NULL, NULL, '201510099', '201510099', NULL, NULL, NULL, NULL, NULL, NULL, NULL, NULL, NULL, NULL, NULL, NULL, NULL, NULL, NULL, NULL, NULL, NULL, NULL, NULL, NULL, NULL, NULL, NULL, NULL, NULL, NULL, NULL, NULL, NULL, '2021-01-24 09:37:23', '2021-01-24 09:37:23', NULL, NULL, NULL, NULL, NULL, NULL, NULL, NULL, NULL, NULL, NULL, NULL, NULL, NULL),
(141, 'الشيماء محمد احمد جوده', '201510516', NULL, NULL, NULL, 1, NULL, NULL, NULL, NULL, NULL, 1, NULL, NULL, NULL, 1, 1, NULL, NULL, NULL, '0', NULL, NULL, '201510516', '201510516', NULL, NULL, NULL, NULL, NULL, NULL, NULL, NULL, NULL, NULL, NULL, NULL, NULL, NULL, NULL, NULL, NULL, NULL, NULL, NULL, NULL, NULL, NULL, NULL, NULL, NULL, NULL, NULL, NULL, NULL, '2021-01-24 09:37:23', '2021-01-24 09:37:23', NULL, NULL, NULL, NULL, NULL, NULL, NULL, NULL, NULL, NULL, NULL, NULL, NULL, NULL),
(142, 'الشيماء ممدوح امين ابراهيم', '201510664', NULL, NULL, NULL, 1, NULL, NULL, NULL, NULL, NULL, 1, NULL, NULL, NULL, 1, 1, NULL, NULL, NULL, '0', NULL, NULL, '201510664', '201510664', NULL, NULL, NULL, NULL, NULL, NULL, NULL, NULL, NULL, NULL, NULL, NULL, NULL, NULL, NULL, NULL, NULL, NULL, NULL, NULL, NULL, NULL, NULL, NULL, NULL, NULL, NULL, NULL, NULL, NULL, '2021-01-24 09:37:23', '2021-01-24 09:37:23', NULL, NULL, NULL, NULL, NULL, NULL, NULL, NULL, NULL, NULL, NULL, NULL, NULL, NULL),
(143, 'امانى امام عويس امين', '201510338', NULL, NULL, NULL, 1, NULL, NULL, NULL, NULL, NULL, 1, NULL, NULL, NULL, 1, 1, NULL, NULL, NULL, '0', NULL, NULL, '201510338', '201510338', NULL, NULL, NULL, NULL, NULL, NULL, NULL, NULL, NULL, NULL, NULL, NULL, NULL, NULL, NULL, NULL, NULL, NULL, NULL, NULL, NULL, NULL, NULL, NULL, NULL, NULL, NULL, NULL, NULL, NULL, '2021-01-24 09:37:23', '2021-01-24 09:37:23', NULL, NULL, NULL, NULL, NULL, NULL, NULL, NULL, NULL, NULL, NULL, NULL, NULL, NULL),
(144, 'امانى حامد سعودى سعداوى', '201510545', NULL, NULL, NULL, 1, NULL, NULL, NULL, NULL, NULL, 1, NULL, NULL, NULL, 1, 1, NULL, NULL, NULL, '0', NULL, NULL, '201510545', '201510545', NULL, NULL, NULL, NULL, NULL, NULL, NULL, NULL, NULL, NULL, NULL, NULL, NULL, NULL, NULL, NULL, NULL, NULL, NULL, NULL, NULL, NULL, NULL, NULL, NULL, NULL, NULL, NULL, NULL, NULL, '2021-01-24 09:37:23', '2021-01-24 09:37:23', NULL, NULL, NULL, NULL, NULL, NULL, NULL, NULL, NULL, NULL, NULL, NULL, NULL, NULL),
(145, 'امانى على محمد على', '201510166', NULL, NULL, NULL, 1, NULL, NULL, NULL, NULL, NULL, 1, NULL, NULL, NULL, 1, 1, NULL, NULL, NULL, '0', NULL, NULL, '201510166', '201510166', NULL, NULL, NULL, NULL, NULL, NULL, NULL, NULL, NULL, NULL, NULL, NULL, NULL, NULL, NULL, NULL, NULL, NULL, NULL, NULL, NULL, NULL, NULL, NULL, NULL, NULL, NULL, NULL, NULL, NULL, '2021-01-24 09:37:23', '2021-01-24 09:37:23', NULL, NULL, NULL, NULL, NULL, NULL, NULL, NULL, NULL, NULL, NULL, NULL, NULL, NULL),
(146, 'امانى محمد حمدى سيد', '201510071', NULL, NULL, NULL, 1, NULL, NULL, NULL, NULL, NULL, 1, NULL, NULL, NULL, 1, 1, NULL, NULL, NULL, '0', NULL, NULL, '201510071', '201510071', NULL, NULL, NULL, NULL, NULL, NULL, NULL, NULL, NULL, NULL, NULL, NULL, NULL, NULL, NULL, NULL, NULL, NULL, NULL, NULL, NULL, NULL, NULL, NULL, NULL, NULL, NULL, NULL, NULL, NULL, '2021-01-24 09:37:23', '2021-01-24 09:37:23', NULL, NULL, NULL, NULL, NULL, NULL, NULL, NULL, NULL, NULL, NULL, NULL, NULL, NULL),
(147, 'امانى محمد عزت عبدالحميد', '201510241', NULL, NULL, NULL, 1, NULL, NULL, NULL, NULL, NULL, 1, NULL, NULL, NULL, 1, 1, NULL, NULL, NULL, '0', NULL, NULL, '201510241', '201510241', NULL, NULL, NULL, NULL, NULL, NULL, NULL, NULL, NULL, NULL, NULL, NULL, NULL, NULL, NULL, NULL, NULL, NULL, NULL, NULL, NULL, NULL, NULL, NULL, NULL, NULL, NULL, NULL, NULL, NULL, '2021-01-24 09:37:23', '2021-01-24 09:37:23', NULL, NULL, NULL, NULL, NULL, NULL, NULL, NULL, NULL, NULL, NULL, NULL, NULL, NULL),
(148, 'امجد وجيه كرم تناغو', '201510598', NULL, NULL, NULL, 1, NULL, NULL, NULL, NULL, NULL, 1, NULL, NULL, NULL, 1, 1, NULL, NULL, NULL, '0', NULL, NULL, '201510598', '201510598', NULL, NULL, NULL, NULL, NULL, NULL, NULL, NULL, NULL, NULL, NULL, NULL, NULL, NULL, NULL, NULL, NULL, NULL, NULL, NULL, NULL, NULL, NULL, NULL, NULL, NULL, NULL, NULL, NULL, NULL, '2021-01-24 09:37:23', '2021-01-24 09:37:23', NULL, NULL, NULL, NULL, NULL, NULL, NULL, NULL, NULL, NULL, NULL, NULL, NULL, NULL),
(149, 'امل شعبان صلاح توفيق', '201510364', NULL, NULL, NULL, 1, NULL, NULL, NULL, NULL, NULL, 1, NULL, NULL, NULL, 1, 1, NULL, NULL, NULL, '0', NULL, NULL, '201510364', '201510364', NULL, NULL, NULL, NULL, NULL, NULL, NULL, NULL, NULL, NULL, NULL, NULL, NULL, NULL, NULL, NULL, NULL, NULL, NULL, NULL, NULL, NULL, NULL, NULL, NULL, NULL, NULL, NULL, NULL, NULL, '2021-01-24 09:37:23', '2021-01-24 09:37:23', NULL, NULL, NULL, NULL, NULL, NULL, NULL, NULL, NULL, NULL, NULL, NULL, NULL, NULL),
(150, 'امل منصور امين احمد', '201510366', NULL, NULL, NULL, 1, NULL, NULL, NULL, NULL, NULL, 1, NULL, NULL, NULL, 1, 1, NULL, NULL, NULL, '0', NULL, NULL, '201510366', '201510366', NULL, NULL, NULL, NULL, NULL, NULL, NULL, NULL, NULL, NULL, NULL, NULL, NULL, NULL, NULL, NULL, NULL, NULL, NULL, NULL, NULL, NULL, NULL, NULL, NULL, NULL, NULL, NULL, NULL, NULL, '2021-01-24 09:37:23', '2021-01-24 09:37:23', NULL, NULL, NULL, NULL, NULL, NULL, NULL, NULL, NULL, NULL, NULL, NULL, NULL, NULL),
(151, 'امنيه باسم عبدالرحمن محمود', '201510098', NULL, NULL, NULL, 1, NULL, NULL, NULL, NULL, NULL, 1, NULL, NULL, NULL, 1, 1, NULL, NULL, NULL, '0', NULL, NULL, '201510098', '201510098', NULL, NULL, NULL, NULL, NULL, NULL, NULL, NULL, NULL, NULL, NULL, NULL, NULL, NULL, NULL, NULL, NULL, NULL, NULL, NULL, NULL, NULL, NULL, NULL, NULL, NULL, NULL, NULL, NULL, NULL, '2021-01-24 09:37:23', '2021-01-24 09:37:23', NULL, NULL, NULL, NULL, NULL, NULL, NULL, NULL, NULL, NULL, NULL, NULL, NULL, NULL),
(152, 'امنيه حسين على رضوان', '201510270', NULL, NULL, NULL, 1, NULL, NULL, NULL, NULL, NULL, 1, NULL, NULL, NULL, 1, 1, NULL, NULL, NULL, '0', NULL, NULL, '201510270', '201510270', NULL, NULL, NULL, NULL, NULL, NULL, NULL, NULL, NULL, NULL, NULL, NULL, NULL, NULL, NULL, NULL, NULL, NULL, NULL, NULL, NULL, NULL, NULL, NULL, NULL, NULL, NULL, NULL, NULL, NULL, '2021-01-24 09:37:23', '2021-01-24 09:37:23', NULL, NULL, NULL, NULL, NULL, NULL, NULL, NULL, NULL, NULL, NULL, NULL, NULL, NULL),
(153, 'امنيه رضا محمد عيد', '201510399', NULL, NULL, NULL, 1, NULL, NULL, NULL, NULL, NULL, 1, NULL, NULL, NULL, 1, 1, NULL, NULL, NULL, '0', NULL, NULL, '201510399', '201510399', NULL, NULL, NULL, NULL, NULL, NULL, NULL, NULL, NULL, NULL, NULL, NULL, NULL, NULL, NULL, NULL, NULL, NULL, NULL, NULL, NULL, NULL, NULL, NULL, NULL, NULL, NULL, NULL, NULL, NULL, '2021-01-24 09:37:23', '2021-01-24 09:37:23', NULL, NULL, NULL, NULL, NULL, NULL, NULL, NULL, NULL, NULL, NULL, NULL, NULL, NULL),
(154, 'اميره احمد معروف محمد', '201510435', NULL, NULL, NULL, 1, NULL, NULL, NULL, NULL, NULL, 1, NULL, NULL, NULL, 1, 1, NULL, NULL, NULL, '0', NULL, NULL, '201510435', '201510435', NULL, NULL, NULL, NULL, NULL, NULL, NULL, NULL, NULL, NULL, NULL, NULL, NULL, NULL, NULL, NULL, NULL, NULL, NULL, NULL, NULL, NULL, NULL, NULL, NULL, NULL, NULL, NULL, NULL, NULL, '2021-01-24 09:37:23', '2021-01-24 09:37:23', NULL, NULL, NULL, NULL, NULL, NULL, NULL, NULL, NULL, NULL, NULL, NULL, NULL, NULL),
(155, 'اميره حسن عمر عبدالعظيم', '201510126', NULL, NULL, NULL, 1, NULL, NULL, NULL, NULL, NULL, 1, NULL, NULL, NULL, 1, 1, NULL, NULL, NULL, '0', NULL, NULL, '201510126', '201510126', NULL, NULL, NULL, NULL, NULL, NULL, NULL, NULL, NULL, NULL, NULL, NULL, NULL, NULL, NULL, NULL, NULL, NULL, NULL, NULL, NULL, NULL, NULL, NULL, NULL, NULL, NULL, NULL, NULL, NULL, '2021-01-24 09:37:23', '2021-01-24 09:37:23', NULL, NULL, NULL, NULL, NULL, NULL, NULL, NULL, NULL, NULL, NULL, NULL, NULL, NULL),
(156, 'اميره حسن محمد عوض', '201510264', NULL, NULL, NULL, 1, NULL, NULL, NULL, NULL, NULL, 1, NULL, NULL, NULL, 1, 1, NULL, NULL, NULL, '0', NULL, NULL, '201510264', '201510264', NULL, NULL, NULL, NULL, NULL, NULL, NULL, NULL, NULL, NULL, NULL, NULL, NULL, NULL, NULL, NULL, NULL, NULL, NULL, NULL, NULL, NULL, NULL, NULL, NULL, NULL, NULL, NULL, NULL, NULL, '2021-01-24 09:37:23', '2021-01-24 09:37:23', NULL, NULL, NULL, NULL, NULL, NULL, NULL, NULL, NULL, NULL, NULL, NULL, NULL, NULL),
(157, 'اميره فكرى توفيق ساويرس', '201510593', NULL, NULL, NULL, 1, NULL, NULL, NULL, NULL, NULL, 1, NULL, NULL, NULL, 1, 1, NULL, NULL, NULL, '0', NULL, NULL, '201510593', '201510593', NULL, NULL, NULL, NULL, NULL, NULL, NULL, NULL, NULL, NULL, NULL, NULL, NULL, NULL, NULL, NULL, NULL, NULL, NULL, NULL, NULL, NULL, NULL, NULL, NULL, NULL, NULL, NULL, NULL, NULL, '2021-01-24 09:37:23', '2021-01-24 09:37:23', NULL, NULL, NULL, NULL, NULL, NULL, NULL, NULL, NULL, NULL, NULL, NULL, NULL, NULL),
(158, 'اميره ممدوح زكى حسب', '201510171', NULL, NULL, NULL, 1, NULL, NULL, NULL, NULL, NULL, 1, NULL, NULL, NULL, 1, 1, NULL, NULL, NULL, '0', NULL, NULL, '201510171', '201510171', NULL, NULL, NULL, NULL, NULL, NULL, NULL, NULL, NULL, NULL, NULL, NULL, NULL, NULL, NULL, NULL, NULL, NULL, NULL, NULL, NULL, NULL, NULL, NULL, NULL, NULL, NULL, NULL, NULL, NULL, '2021-01-24 09:37:24', '2021-01-24 09:37:24', NULL, NULL, NULL, NULL, NULL, NULL, NULL, NULL, NULL, NULL, NULL, NULL, NULL, NULL),
(159, 'احمد ايمن احمد طه', '201510725', NULL, NULL, NULL, 1, NULL, NULL, NULL, NULL, NULL, 1, NULL, NULL, NULL, 1, 1, NULL, NULL, NULL, '0', NULL, NULL, '201510725', '201510725', NULL, NULL, NULL, NULL, NULL, NULL, NULL, NULL, NULL, NULL, NULL, NULL, NULL, NULL, NULL, NULL, NULL, NULL, NULL, NULL, NULL, NULL, NULL, NULL, NULL, NULL, NULL, NULL, NULL, NULL, '2021-01-24 09:37:24', '2021-01-24 09:37:24', NULL, NULL, NULL, NULL, NULL, NULL, NULL, NULL, NULL, NULL, NULL, NULL, NULL, NULL),
(160, 'انجى عماد كمال غطاس', '201510315', NULL, NULL, NULL, 1, NULL, NULL, NULL, NULL, NULL, 1, NULL, NULL, NULL, 1, 1, NULL, NULL, NULL, '0', NULL, NULL, '201510315', '201510315', NULL, NULL, NULL, NULL, NULL, NULL, NULL, NULL, NULL, NULL, NULL, NULL, NULL, NULL, NULL, NULL, NULL, NULL, NULL, NULL, NULL, NULL, NULL, NULL, NULL, NULL, NULL, NULL, NULL, NULL, '2021-01-24 09:37:24', '2021-01-24 09:37:24', NULL, NULL, NULL, NULL, NULL, NULL, NULL, NULL, NULL, NULL, NULL, NULL, NULL, NULL),
(161, 'انجى ماهر وليم صدقى', '201510631', NULL, NULL, NULL, 1, NULL, NULL, NULL, NULL, NULL, 1, NULL, NULL, NULL, 1, 1, NULL, NULL, NULL, '0', NULL, NULL, '201510631', '201510631', NULL, NULL, NULL, NULL, NULL, NULL, NULL, NULL, NULL, NULL, NULL, NULL, NULL, NULL, NULL, NULL, NULL, NULL, NULL, NULL, NULL, NULL, NULL, NULL, NULL, NULL, NULL, NULL, NULL, NULL, '2021-01-24 09:37:24', '2021-01-24 09:37:24', NULL, NULL, NULL, NULL, NULL, NULL, NULL, NULL, NULL, NULL, NULL, NULL, NULL, NULL),
(162, 'انس محمود توفيق عباس', '201510550', NULL, NULL, NULL, 1, NULL, NULL, NULL, NULL, NULL, 1, NULL, NULL, NULL, 1, 1, NULL, NULL, NULL, '0', NULL, NULL, '201510550', '201510550', NULL, NULL, NULL, NULL, NULL, NULL, NULL, NULL, NULL, NULL, NULL, NULL, NULL, NULL, NULL, NULL, NULL, NULL, NULL, NULL, NULL, NULL, NULL, NULL, NULL, NULL, NULL, NULL, NULL, NULL, '2021-01-24 09:37:24', '2021-01-24 09:37:24', NULL, NULL, NULL, NULL, NULL, NULL, NULL, NULL, NULL, NULL, NULL, NULL, NULL, NULL),
(163, 'انطون مجدى منير ميخائيل', '201510165', NULL, NULL, NULL, 1, NULL, NULL, NULL, NULL, NULL, 1, NULL, NULL, NULL, 1, 1, NULL, NULL, NULL, '0', NULL, NULL, '201510165', '201510165', NULL, NULL, NULL, NULL, NULL, NULL, NULL, NULL, NULL, NULL, NULL, NULL, NULL, NULL, NULL, NULL, NULL, NULL, NULL, NULL, NULL, NULL, NULL, NULL, NULL, NULL, NULL, NULL, NULL, NULL, '2021-01-24 09:37:24', '2021-01-24 09:37:24', NULL, NULL, NULL, NULL, NULL, NULL, NULL, NULL, NULL, NULL, NULL, NULL, NULL, NULL),
(164, 'انطونيوس ابراهيم يوسف عازر', '201510002', NULL, NULL, NULL, 1, NULL, NULL, NULL, NULL, NULL, 1, NULL, NULL, NULL, 1, 1, NULL, NULL, NULL, '0', NULL, NULL, '201510002', '201510002', NULL, NULL, NULL, NULL, NULL, NULL, NULL, NULL, NULL, NULL, NULL, NULL, NULL, NULL, NULL, NULL, NULL, NULL, NULL, NULL, NULL, NULL, NULL, NULL, NULL, NULL, NULL, NULL, NULL, NULL, '2021-01-24 09:37:24', '2021-01-24 09:37:24', NULL, NULL, NULL, NULL, NULL, NULL, NULL, NULL, NULL, NULL, NULL, NULL, NULL, NULL),
(165, 'انطونيوس مارى ملاك بولس', '201510695', NULL, NULL, NULL, 1, NULL, NULL, NULL, NULL, NULL, 1, NULL, NULL, NULL, 1, 1, NULL, NULL, NULL, '0', NULL, NULL, '201510695', '201510695', NULL, NULL, NULL, NULL, NULL, NULL, NULL, NULL, NULL, NULL, NULL, NULL, NULL, NULL, NULL, NULL, NULL, NULL, NULL, NULL, NULL, NULL, NULL, NULL, NULL, NULL, NULL, NULL, NULL, NULL, '2021-01-24 09:37:24', '2021-01-24 09:37:24', NULL, NULL, NULL, NULL, NULL, NULL, NULL, NULL, NULL, NULL, NULL, NULL, NULL, NULL),
(166, 'اوليفيا جوزيف وليم اندراوس', '201510193', NULL, NULL, NULL, 1, NULL, NULL, NULL, NULL, NULL, 1, NULL, NULL, NULL, 1, 1, NULL, NULL, NULL, '0', NULL, NULL, '201510193', '201510193', NULL, NULL, NULL, NULL, NULL, NULL, NULL, NULL, NULL, NULL, NULL, NULL, NULL, NULL, NULL, NULL, NULL, NULL, NULL, NULL, NULL, NULL, NULL, NULL, NULL, NULL, NULL, NULL, NULL, NULL, '2021-01-24 09:37:24', '2021-01-24 09:37:24', NULL, NULL, NULL, NULL, NULL, NULL, NULL, NULL, NULL, NULL, NULL, NULL, NULL, NULL),
(167, 'ايات فتحى محمد عبدالعال', '201510718', NULL, NULL, NULL, 1, NULL, NULL, NULL, NULL, NULL, 1, NULL, NULL, NULL, 1, 1, NULL, NULL, NULL, '0', NULL, NULL, '201510718', '201510718', NULL, NULL, NULL, NULL, NULL, NULL, NULL, NULL, NULL, NULL, NULL, NULL, NULL, NULL, NULL, NULL, NULL, NULL, NULL, NULL, NULL, NULL, NULL, NULL, NULL, NULL, NULL, NULL, NULL, NULL, '2021-01-24 09:37:24', '2021-01-24 09:37:24', NULL, NULL, NULL, NULL, NULL, NULL, NULL, NULL, NULL, NULL, NULL, NULL, NULL, NULL),
(168, 'ايمان رجب شكرى فهمى', '201510534', NULL, NULL, NULL, 1, NULL, NULL, NULL, NULL, NULL, 1, NULL, NULL, NULL, 1, 1, NULL, NULL, NULL, '0', NULL, NULL, '201510534', '201510534', NULL, NULL, NULL, NULL, NULL, NULL, NULL, NULL, NULL, NULL, NULL, NULL, NULL, NULL, NULL, NULL, NULL, NULL, NULL, NULL, NULL, NULL, NULL, NULL, NULL, NULL, NULL, NULL, NULL, NULL, '2021-01-24 09:37:24', '2021-01-24 09:37:24', NULL, NULL, NULL, NULL, NULL, NULL, NULL, NULL, NULL, NULL, NULL, NULL, NULL, NULL),
(169, 'ايمان سمير ذكى محمد', '201510436', NULL, NULL, NULL, 1, NULL, NULL, NULL, NULL, NULL, 1, NULL, NULL, NULL, 1, 1, NULL, NULL, NULL, '0', NULL, NULL, '201510436', '201510436', NULL, NULL, NULL, NULL, NULL, NULL, NULL, NULL, NULL, NULL, NULL, NULL, NULL, NULL, NULL, NULL, NULL, NULL, NULL, NULL, NULL, NULL, NULL, NULL, NULL, NULL, NULL, NULL, NULL, NULL, '2021-01-24 09:37:24', '2021-01-24 09:37:24', NULL, NULL, NULL, NULL, NULL, NULL, NULL, NULL, NULL, NULL, NULL, NULL, NULL, NULL),
(170, 'ايمان سيد محمد على', '201510055', NULL, NULL, NULL, 1, NULL, NULL, NULL, NULL, NULL, 1, NULL, NULL, NULL, 1, 1, NULL, NULL, NULL, '0', NULL, NULL, '201510055', '201510055', NULL, NULL, NULL, NULL, NULL, NULL, NULL, NULL, NULL, NULL, NULL, NULL, NULL, NULL, NULL, NULL, NULL, NULL, NULL, NULL, NULL, NULL, NULL, NULL, NULL, NULL, NULL, NULL, NULL, NULL, '2021-01-24 09:37:24', '2021-01-24 09:37:24', NULL, NULL, NULL, NULL, NULL, NULL, NULL, NULL, NULL, NULL, NULL, NULL, NULL, NULL),
(171, 'ايمان محمد سيد عبدالرحيم', '201510424', NULL, NULL, NULL, 1, NULL, NULL, NULL, NULL, NULL, 1, NULL, NULL, NULL, 1, 1, NULL, NULL, NULL, '0', NULL, NULL, '201510424', '201510424', NULL, NULL, NULL, NULL, NULL, NULL, NULL, NULL, NULL, NULL, NULL, NULL, NULL, NULL, NULL, NULL, NULL, NULL, NULL, NULL, NULL, NULL, NULL, NULL, NULL, NULL, NULL, NULL, NULL, NULL, '2021-01-24 09:37:24', '2021-01-24 09:37:24', NULL, NULL, NULL, NULL, NULL, NULL, NULL, NULL, NULL, NULL, NULL, NULL, NULL, NULL),
(172, 'ايمان محمد قرنى محمود', '201510231', NULL, NULL, NULL, 1, NULL, NULL, NULL, NULL, NULL, 1, NULL, NULL, NULL, 1, 1, NULL, NULL, NULL, '0', NULL, NULL, '201510231', '201510231', NULL, NULL, NULL, NULL, NULL, NULL, NULL, NULL, NULL, NULL, NULL, NULL, NULL, NULL, NULL, NULL, NULL, NULL, NULL, NULL, NULL, NULL, NULL, NULL, NULL, NULL, NULL, NULL, NULL, NULL, '2021-01-24 09:37:24', '2021-01-24 09:37:24', NULL, NULL, NULL, NULL, NULL, NULL, NULL, NULL, NULL, NULL, NULL, NULL, NULL, NULL),
(173, 'ايمان محمود مصطفى عبدالعظيم', '201510325', NULL, NULL, NULL, 1, NULL, NULL, NULL, NULL, NULL, 1, NULL, NULL, NULL, 1, 1, NULL, NULL, NULL, '0', NULL, NULL, '201510325', '201510325', NULL, NULL, NULL, NULL, NULL, NULL, NULL, NULL, NULL, NULL, NULL, NULL, NULL, NULL, NULL, NULL, NULL, NULL, NULL, NULL, NULL, NULL, NULL, NULL, NULL, NULL, NULL, NULL, NULL, NULL, '2021-01-24 09:37:24', '2021-01-24 09:37:24', NULL, NULL, NULL, NULL, NULL, NULL, NULL, NULL, NULL, NULL, NULL, NULL, NULL, NULL),
(174, 'ايمان مدنى حسن شلقامى', '201510462', NULL, NULL, NULL, 1, NULL, NULL, NULL, NULL, NULL, 1, NULL, NULL, NULL, 1, 1, NULL, NULL, NULL, '0', NULL, NULL, '201510462', '201510462', NULL, NULL, NULL, NULL, NULL, NULL, NULL, NULL, NULL, NULL, NULL, NULL, NULL, NULL, NULL, NULL, NULL, NULL, NULL, NULL, NULL, NULL, NULL, NULL, NULL, NULL, NULL, NULL, NULL, NULL, '2021-01-24 09:37:24', '2021-01-24 09:37:24', NULL, NULL, NULL, NULL, NULL, NULL, NULL, NULL, NULL, NULL, NULL, NULL, NULL, NULL),
(175, 'ايمن عاطف ابوالفتوح سيد', '201510576', NULL, NULL, NULL, 1, NULL, NULL, NULL, NULL, NULL, 1, NULL, NULL, NULL, 1, 1, NULL, NULL, NULL, '0', NULL, NULL, '201510576', '201510576', NULL, NULL, NULL, NULL, NULL, NULL, NULL, NULL, NULL, NULL, NULL, NULL, NULL, NULL, NULL, NULL, NULL, NULL, NULL, NULL, NULL, NULL, NULL, NULL, NULL, NULL, NULL, NULL, NULL, NULL, '2021-01-24 09:37:24', '2021-01-24 09:37:24', NULL, NULL, NULL, NULL, NULL, NULL, NULL, NULL, NULL, NULL, NULL, NULL, NULL, NULL),
(176, 'ايمن عمار محمد محى الدين شمس الدين', '201510331', NULL, NULL, NULL, 1, NULL, NULL, NULL, NULL, NULL, 1, NULL, NULL, NULL, 1, 1, NULL, NULL, NULL, '0', NULL, NULL, '201510331', '201510331', NULL, NULL, NULL, NULL, NULL, NULL, NULL, NULL, NULL, NULL, NULL, NULL, NULL, NULL, NULL, NULL, NULL, NULL, NULL, NULL, NULL, NULL, NULL, NULL, NULL, NULL, NULL, NULL, NULL, NULL, '2021-01-24 09:37:24', '2021-01-24 09:37:24', NULL, NULL, NULL, NULL, NULL, NULL, NULL, NULL, NULL, NULL, NULL, NULL, NULL, NULL),
(177, 'ايه حسين السيد عبدالغنى', '201510125', NULL, NULL, NULL, 1, NULL, NULL, NULL, NULL, NULL, 1, NULL, NULL, NULL, 1, 1, NULL, NULL, NULL, '0', NULL, NULL, '201510125', '201510125', NULL, NULL, NULL, NULL, NULL, NULL, NULL, NULL, NULL, NULL, NULL, NULL, NULL, NULL, NULL, NULL, NULL, NULL, NULL, NULL, NULL, NULL, NULL, NULL, NULL, NULL, NULL, NULL, NULL, NULL, '2021-01-24 09:37:24', '2021-01-24 09:37:24', NULL, NULL, NULL, NULL, NULL, NULL, NULL, NULL, NULL, NULL, NULL, NULL, NULL, NULL),
(178, 'ايه سيد رمضان سعيد', '201510506', NULL, NULL, NULL, 1, NULL, NULL, NULL, NULL, NULL, 1, NULL, NULL, NULL, 1, 1, NULL, NULL, NULL, '0', NULL, NULL, '201510506', '201510506', NULL, NULL, NULL, NULL, NULL, NULL, NULL, NULL, NULL, NULL, NULL, NULL, NULL, NULL, NULL, NULL, NULL, NULL, NULL, NULL, NULL, NULL, NULL, NULL, NULL, NULL, NULL, NULL, NULL, NULL, '2021-01-24 09:37:24', '2021-01-24 09:37:24', NULL, NULL, NULL, NULL, NULL, NULL, NULL, NULL, NULL, NULL, NULL, NULL, NULL, NULL),
(179, 'ايه طارق جابر كامل', '201510464', NULL, NULL, NULL, 1, NULL, NULL, NULL, NULL, NULL, 1, NULL, NULL, NULL, 1, 1, NULL, NULL, NULL, '0', NULL, NULL, '201510464', '201510464', NULL, NULL, NULL, NULL, NULL, NULL, NULL, NULL, NULL, NULL, NULL, NULL, NULL, NULL, NULL, NULL, NULL, NULL, NULL, NULL, NULL, NULL, NULL, NULL, NULL, NULL, NULL, NULL, NULL, NULL, '2021-01-24 09:37:24', '2021-01-24 09:37:24', NULL, NULL, NULL, NULL, NULL, NULL, NULL, NULL, NULL, NULL, NULL, NULL, NULL, NULL),
(180, 'ايه عبدالحميد سيد عبداللطيف', '201510261', NULL, NULL, NULL, 1, NULL, NULL, NULL, NULL, NULL, 1, NULL, NULL, NULL, 1, 1, NULL, NULL, NULL, '0', NULL, NULL, '201510261', '201510261', NULL, NULL, NULL, NULL, NULL, NULL, NULL, NULL, NULL, NULL, NULL, NULL, NULL, NULL, NULL, NULL, NULL, NULL, NULL, NULL, NULL, NULL, NULL, NULL, NULL, NULL, NULL, NULL, NULL, NULL, '2021-01-24 09:37:24', '2021-01-24 09:37:24', NULL, NULL, NULL, NULL, NULL, NULL, NULL, NULL, NULL, NULL, NULL, NULL, NULL, NULL),
(181, 'ايه عبدالعزيز عبدالفتاح عيسى', '201510160', NULL, NULL, NULL, 1, NULL, NULL, NULL, NULL, NULL, 1, NULL, NULL, NULL, 1, 1, NULL, NULL, NULL, '0', NULL, NULL, '201510160', '201510160', NULL, NULL, NULL, NULL, NULL, NULL, NULL, NULL, NULL, NULL, NULL, NULL, NULL, NULL, NULL, NULL, NULL, NULL, NULL, NULL, NULL, NULL, NULL, NULL, NULL, NULL, NULL, NULL, NULL, NULL, '2021-01-24 09:37:24', '2021-01-24 09:37:24', NULL, NULL, NULL, NULL, NULL, NULL, NULL, NULL, NULL, NULL, NULL, NULL, NULL, NULL),
(182, 'ايه عبدالناصر سيد عبدالستار', '201510380', NULL, NULL, NULL, 1, NULL, NULL, NULL, NULL, NULL, 1, NULL, NULL, NULL, 1, 1, NULL, NULL, NULL, '0', NULL, NULL, '201510380', '201510380', NULL, NULL, NULL, NULL, NULL, NULL, NULL, NULL, NULL, NULL, NULL, NULL, NULL, NULL, NULL, NULL, NULL, NULL, NULL, NULL, NULL, NULL, NULL, NULL, NULL, NULL, NULL, NULL, NULL, NULL, '2021-01-24 09:37:24', '2021-01-24 09:37:24', NULL, NULL, NULL, NULL, NULL, NULL, NULL, NULL, NULL, NULL, NULL, NULL, NULL, NULL),
(183, 'ايه على ابوبكر عبداللطيف', '201510476', NULL, NULL, NULL, 1, NULL, NULL, NULL, NULL, NULL, 1, NULL, NULL, NULL, 1, 1, NULL, NULL, NULL, '0', NULL, NULL, '201510476', '201510476', NULL, NULL, NULL, NULL, NULL, NULL, NULL, NULL, NULL, NULL, NULL, NULL, NULL, NULL, NULL, NULL, NULL, NULL, NULL, NULL, NULL, NULL, NULL, NULL, NULL, NULL, NULL, NULL, NULL, NULL, '2021-01-24 09:37:24', '2021-01-24 09:37:24', NULL, NULL, NULL, NULL, NULL, NULL, NULL, NULL, NULL, NULL, NULL, NULL, NULL, NULL),
(184, 'ايه على سيد محفوظ على', '201510312', NULL, NULL, NULL, 1, NULL, NULL, NULL, NULL, NULL, 1, NULL, NULL, NULL, 1, 1, NULL, NULL, NULL, '0', NULL, NULL, '201510312', '201510312', NULL, NULL, NULL, NULL, NULL, NULL, NULL, NULL, NULL, NULL, NULL, NULL, NULL, NULL, NULL, NULL, NULL, NULL, NULL, NULL, NULL, NULL, NULL, NULL, NULL, NULL, NULL, NULL, NULL, NULL, '2021-01-24 09:37:24', '2021-01-24 09:37:24', NULL, NULL, NULL, NULL, NULL, NULL, NULL, NULL, NULL, NULL, NULL, NULL, NULL, NULL),
(185, 'ايه محمد احمد محمد', '201510167', NULL, NULL, NULL, 1, NULL, NULL, NULL, NULL, NULL, 1, NULL, NULL, NULL, 1, 1, NULL, NULL, NULL, '0', NULL, NULL, '201510167', '201510167', NULL, NULL, NULL, NULL, NULL, NULL, NULL, NULL, NULL, NULL, NULL, NULL, NULL, NULL, NULL, NULL, NULL, NULL, NULL, NULL, NULL, NULL, NULL, NULL, NULL, NULL, NULL, NULL, NULL, NULL, '2021-01-24 09:37:24', '2021-01-24 09:37:24', NULL, NULL, NULL, NULL, NULL, NULL, NULL, NULL, NULL, NULL, NULL, NULL, NULL, NULL),
(186, 'ايه محمد عبدالله نجيب', '201510398', NULL, NULL, NULL, 1, NULL, NULL, NULL, NULL, NULL, 1, NULL, NULL, NULL, 1, 1, NULL, NULL, NULL, '0', NULL, NULL, '201510398', '201510398', NULL, NULL, NULL, NULL, NULL, NULL, NULL, NULL, NULL, NULL, NULL, NULL, NULL, NULL, NULL, NULL, NULL, NULL, NULL, NULL, NULL, NULL, NULL, NULL, NULL, NULL, NULL, NULL, NULL, NULL, '2021-01-24 09:37:24', '2021-01-24 09:37:24', NULL, NULL, NULL, NULL, NULL, NULL, NULL, NULL, NULL, NULL, NULL, NULL, NULL, NULL),
(187, 'ايه محمد عبدالمحسن عبدالجواد', '201510532', NULL, NULL, NULL, 1, NULL, NULL, NULL, NULL, NULL, 1, NULL, NULL, NULL, 1, 1, NULL, NULL, NULL, '0', NULL, NULL, '201510532', '201510532', NULL, NULL, NULL, NULL, NULL, NULL, NULL, NULL, NULL, NULL, NULL, NULL, NULL, NULL, NULL, NULL, NULL, NULL, NULL, NULL, NULL, NULL, NULL, NULL, NULL, NULL, NULL, NULL, NULL, NULL, '2021-01-24 09:37:24', '2021-01-24 09:37:24', NULL, NULL, NULL, NULL, NULL, NULL, NULL, NULL, NULL, NULL, NULL, NULL, NULL, NULL),
(188, 'ايه محمد محمود عبدالسميع', '201510343', NULL, NULL, NULL, 1, NULL, NULL, NULL, NULL, NULL, 1, NULL, NULL, NULL, 1, 1, NULL, NULL, NULL, '0', NULL, NULL, '201510343', '201510343', NULL, NULL, NULL, NULL, NULL, NULL, NULL, NULL, NULL, NULL, NULL, NULL, NULL, NULL, NULL, NULL, NULL, NULL, NULL, NULL, NULL, NULL, NULL, NULL, NULL, NULL, NULL, NULL, NULL, NULL, '2021-01-24 09:37:24', '2021-01-24 09:37:24', NULL, NULL, NULL, NULL, NULL, NULL, NULL, NULL, NULL, NULL, NULL, NULL, NULL, NULL),
(189, 'ايه يحى حافظ محمد', '201510471', NULL, NULL, NULL, 1, NULL, NULL, NULL, NULL, NULL, 1, NULL, NULL, NULL, 1, 1, NULL, NULL, NULL, '0', NULL, NULL, '201510471', '201510471', NULL, NULL, NULL, NULL, NULL, NULL, NULL, NULL, NULL, NULL, NULL, NULL, NULL, NULL, NULL, NULL, NULL, NULL, NULL, NULL, NULL, NULL, NULL, NULL, NULL, NULL, NULL, NULL, NULL, NULL, '2021-01-24 09:37:24', '2021-01-24 09:37:24', NULL, NULL, NULL, NULL, NULL, NULL, NULL, NULL, NULL, NULL, NULL, NULL, NULL, NULL),
(190, 'ايه يسرى عبدالهادى شحاته', '201510560', NULL, NULL, NULL, 1, NULL, NULL, NULL, NULL, NULL, 1, NULL, NULL, NULL, 1, 1, NULL, NULL, NULL, '0', NULL, NULL, '201510560', '201510560', NULL, NULL, NULL, NULL, NULL, NULL, NULL, NULL, NULL, NULL, NULL, NULL, NULL, NULL, NULL, NULL, NULL, NULL, NULL, NULL, NULL, NULL, NULL, NULL, NULL, NULL, NULL, NULL, NULL, NULL, '2021-01-24 09:37:24', '2021-01-24 09:37:24', NULL, NULL, NULL, NULL, NULL, NULL, NULL, NULL, NULL, NULL, NULL, NULL, NULL, NULL),
(191, 'ايهاب عبدالحليم عبدالعليم عبدالحليم', '201510093', NULL, NULL, NULL, 1, NULL, NULL, NULL, NULL, NULL, 1, NULL, NULL, NULL, 1, 1, NULL, NULL, NULL, '0', NULL, NULL, '201510093', '201510093', NULL, NULL, NULL, NULL, NULL, NULL, NULL, NULL, NULL, NULL, NULL, NULL, NULL, NULL, NULL, NULL, NULL, NULL, NULL, NULL, NULL, NULL, NULL, NULL, NULL, NULL, NULL, NULL, NULL, NULL, '2021-01-24 09:37:24', '2021-01-24 09:37:24', NULL, NULL, NULL, NULL, NULL, NULL, NULL, NULL, NULL, NULL, NULL, NULL, NULL, NULL),
(192, 'ايهاب مجدى عويس عبده', '201410233', NULL, NULL, NULL, 1, NULL, NULL, NULL, NULL, NULL, 1, NULL, NULL, NULL, 1, 1, NULL, NULL, NULL, '0', NULL, NULL, '201410233', '201410233', NULL, NULL, NULL, NULL, NULL, NULL, NULL, NULL, NULL, NULL, NULL, NULL, NULL, NULL, NULL, NULL, NULL, NULL, NULL, NULL, NULL, NULL, NULL, NULL, NULL, NULL, NULL, NULL, NULL, NULL, '2021-01-24 09:37:24', '2021-01-24 09:37:24', NULL, NULL, NULL, NULL, NULL, NULL, NULL, NULL, NULL, NULL, NULL, NULL, NULL, NULL),
(193, 'ايهاب محمد كمال محمود', '201510003', NULL, NULL, NULL, 1, NULL, NULL, NULL, NULL, NULL, 1, NULL, NULL, NULL, 1, 1, NULL, NULL, NULL, '0', NULL, NULL, '201510003', '201510003', NULL, NULL, NULL, NULL, NULL, NULL, NULL, NULL, NULL, NULL, NULL, NULL, NULL, NULL, NULL, NULL, NULL, NULL, NULL, NULL, NULL, NULL, NULL, NULL, NULL, NULL, NULL, NULL, NULL, NULL, '2021-01-24 09:37:24', '2021-01-24 09:37:24', NULL, NULL, NULL, NULL, NULL, NULL, NULL, NULL, NULL, NULL, NULL, NULL, NULL, NULL),
(194, 'باسل رحيم حلمى ابوبكر كيلانى', '201510719', NULL, NULL, NULL, 1, NULL, NULL, NULL, NULL, NULL, 1, NULL, NULL, NULL, 1, 1, NULL, NULL, NULL, '0', NULL, NULL, '201510719', '201510719', NULL, NULL, NULL, NULL, NULL, NULL, NULL, NULL, NULL, NULL, NULL, NULL, NULL, NULL, NULL, NULL, NULL, NULL, NULL, NULL, NULL, NULL, NULL, NULL, NULL, NULL, NULL, NULL, NULL, NULL, '2021-01-24 09:37:24', '2021-01-24 09:37:24', NULL, NULL, NULL, NULL, NULL, NULL, NULL, NULL, NULL, NULL, NULL, NULL, NULL, NULL),
(195, 'باسم رفعت ابراهيم سمعان', '201510060', NULL, NULL, NULL, 1, NULL, NULL, NULL, NULL, NULL, 1, NULL, NULL, NULL, 1, 1, NULL, NULL, NULL, '0', NULL, NULL, '201510060', '201510060', NULL, NULL, NULL, NULL, NULL, NULL, NULL, NULL, NULL, NULL, NULL, NULL, NULL, NULL, NULL, NULL, NULL, NULL, NULL, NULL, NULL, NULL, NULL, NULL, NULL, NULL, NULL, NULL, NULL, NULL, '2021-01-24 09:37:24', '2021-01-24 09:37:24', NULL, NULL, NULL, NULL, NULL, NULL, NULL, NULL, NULL, NULL, NULL, NULL, NULL, NULL);
INSERT INTO `students` (`id`, `name`, `code`, `nationality_id`, `set_number`, `gender`, `academic_years_id`, `registeration_date`, `qualification_types_id`, `qualification_date`, `qualification_id`, `qualification_set_number`, `division_id`, `language_1_id`, `language_2_id`, `city_id`, `level_id`, `department_id`, `government_id`, `country_id`, `religion`, `military_course_status`, `military_status_id`, `military_area_id`, `national_id`, `password`, `grade`, `triple_number`, `address`, `birth_address`, `phone_1`, `registration_status_id`, `registration_method_id`, `national_id_date`, `national_id_place`, `parent_name`, `parent_national_id`, `parent_job_id`, `parent_address`, `parent_phone`, `recommendation_card`, `qualification_certificate`, `birth_certificate`, `personal_identification_photo`, `personal_photo`, `model_2_jund`, `model_6_jund`, `receipt_letter`, `estimates_statement`, `case_status`, `degree_status`, `egyptians_lab_speechs`, `system_academic_year_id`, `azhar_grade`, `constraint_status_id`, `case_constraint_id`, `created_at`, `updated_at`, `notes`, `application_id`, `email`, `relative_relation_id`, `acceptance_code`, `acceptance_date`, `is_application`, `application_code`, `writen_by`, `is_refund`, `api_token`, `phone`, `username`, `password_`) VALUES
(196, 'باسم محمد حسين امام', '201510303', NULL, NULL, NULL, 1, NULL, NULL, NULL, NULL, NULL, 1, NULL, NULL, NULL, 1, 1, NULL, NULL, NULL, '0', NULL, NULL, '201510303', '201510303', NULL, NULL, NULL, NULL, NULL, NULL, NULL, NULL, NULL, NULL, NULL, NULL, NULL, NULL, NULL, NULL, NULL, NULL, NULL, NULL, NULL, NULL, NULL, NULL, NULL, NULL, NULL, NULL, NULL, NULL, '2021-01-24 09:37:24', '2021-01-24 09:37:24', NULL, NULL, NULL, NULL, NULL, NULL, NULL, NULL, NULL, NULL, NULL, NULL, NULL, NULL),
(197, 'باهر رضا شفيق ايليا', '201510342', NULL, NULL, NULL, 1, NULL, NULL, NULL, NULL, NULL, 1, NULL, NULL, NULL, 1, 1, NULL, NULL, NULL, '0', NULL, NULL, '201510342', '201510342', NULL, NULL, NULL, NULL, NULL, NULL, NULL, NULL, NULL, NULL, NULL, NULL, NULL, NULL, NULL, NULL, NULL, NULL, NULL, NULL, NULL, NULL, NULL, NULL, NULL, NULL, NULL, NULL, NULL, NULL, '2021-01-24 09:37:24', '2021-01-24 09:37:24', NULL, NULL, NULL, NULL, NULL, NULL, NULL, NULL, NULL, NULL, NULL, NULL, NULL, NULL),
(198, 'بدر ابراهيم عباس على', '201510263', NULL, NULL, NULL, 1, NULL, NULL, NULL, NULL, NULL, 1, NULL, NULL, NULL, 1, 1, NULL, NULL, NULL, '0', NULL, NULL, '201510263', '201510263', NULL, NULL, NULL, NULL, NULL, NULL, NULL, NULL, NULL, NULL, NULL, NULL, NULL, NULL, NULL, NULL, NULL, NULL, NULL, NULL, NULL, NULL, NULL, NULL, NULL, NULL, NULL, NULL, NULL, NULL, '2021-01-24 09:37:24', '2021-01-24 09:37:24', NULL, NULL, NULL, NULL, NULL, NULL, NULL, NULL, NULL, NULL, NULL, NULL, NULL, NULL),
(199, 'بسنت فايز حسين عبدالغنى', '201510556', NULL, NULL, NULL, 1, NULL, NULL, NULL, NULL, NULL, 1, NULL, NULL, NULL, 1, 1, NULL, NULL, NULL, '0', NULL, NULL, '201510556', '201510556', NULL, NULL, NULL, NULL, NULL, NULL, NULL, NULL, NULL, NULL, NULL, NULL, NULL, NULL, NULL, NULL, NULL, NULL, NULL, NULL, NULL, NULL, NULL, NULL, NULL, NULL, NULL, NULL, NULL, NULL, '2021-01-24 09:37:24', '2021-01-24 09:37:24', NULL, NULL, NULL, NULL, NULL, NULL, NULL, NULL, NULL, NULL, NULL, NULL, NULL, NULL),
(200, 'بكرى ابراهيم سيد ابوسيف', '201510455', NULL, NULL, NULL, 1, NULL, NULL, NULL, NULL, NULL, 1, NULL, NULL, NULL, 1, 1, NULL, NULL, NULL, '0', NULL, NULL, '201510455', '201510455', NULL, NULL, NULL, NULL, NULL, NULL, NULL, NULL, NULL, NULL, NULL, NULL, NULL, NULL, NULL, NULL, NULL, NULL, NULL, NULL, NULL, NULL, NULL, NULL, NULL, NULL, NULL, NULL, NULL, NULL, '2021-01-24 09:37:24', '2021-01-24 09:37:24', NULL, NULL, NULL, NULL, NULL, NULL, NULL, NULL, NULL, NULL, NULL, NULL, NULL, NULL),
(201, 'بلال فتحى رفاعى حسانين', '201510564', NULL, NULL, NULL, 1, NULL, NULL, NULL, NULL, NULL, 1, NULL, NULL, NULL, 1, 1, NULL, NULL, NULL, '0', NULL, NULL, '201510564', '201510564', NULL, NULL, NULL, NULL, NULL, NULL, NULL, NULL, NULL, NULL, NULL, NULL, NULL, NULL, NULL, NULL, NULL, NULL, NULL, NULL, NULL, NULL, NULL, NULL, NULL, NULL, NULL, NULL, NULL, NULL, '2021-01-24 09:37:24', '2021-01-24 09:37:24', NULL, NULL, NULL, NULL, NULL, NULL, NULL, NULL, NULL, NULL, NULL, NULL, NULL, NULL),
(202, 'بهاء ثابت فتحى صادق', '201510521', NULL, NULL, NULL, 1, NULL, NULL, NULL, NULL, NULL, 1, NULL, NULL, NULL, 1, 1, NULL, NULL, NULL, '0', NULL, NULL, '201510521', '201510521', NULL, NULL, NULL, NULL, NULL, NULL, NULL, NULL, NULL, NULL, NULL, NULL, NULL, NULL, NULL, NULL, NULL, NULL, NULL, NULL, NULL, NULL, NULL, NULL, NULL, NULL, NULL, NULL, NULL, NULL, '2021-01-24 09:37:24', '2021-01-24 09:37:24', NULL, NULL, NULL, NULL, NULL, NULL, NULL, NULL, NULL, NULL, NULL, NULL, NULL, NULL),
(203, 'بولا عياد حبشى عياد', '201510405', NULL, NULL, NULL, 1, NULL, NULL, NULL, NULL, NULL, 1, NULL, NULL, NULL, 1, 1, NULL, NULL, NULL, '0', NULL, NULL, '201510405', '201510405', NULL, NULL, NULL, NULL, NULL, NULL, NULL, NULL, NULL, NULL, NULL, NULL, NULL, NULL, NULL, NULL, NULL, NULL, NULL, NULL, NULL, NULL, NULL, NULL, NULL, NULL, NULL, NULL, NULL, NULL, '2021-01-24 09:37:24', '2021-01-24 09:37:24', NULL, NULL, NULL, NULL, NULL, NULL, NULL, NULL, NULL, NULL, NULL, NULL, NULL, NULL),
(204, 'بولا وصفى بشرى بشاى', '201510412', NULL, NULL, NULL, 1, NULL, NULL, NULL, NULL, NULL, 1, NULL, NULL, NULL, 1, 1, NULL, NULL, NULL, '0', NULL, NULL, '201510412', '201510412', NULL, NULL, NULL, NULL, NULL, NULL, NULL, NULL, NULL, NULL, NULL, NULL, NULL, NULL, NULL, NULL, NULL, NULL, NULL, NULL, NULL, NULL, NULL, NULL, NULL, NULL, NULL, NULL, NULL, NULL, '2021-01-24 09:37:24', '2021-01-24 09:37:24', NULL, NULL, NULL, NULL, NULL, NULL, NULL, NULL, NULL, NULL, NULL, NULL, NULL, NULL),
(205, 'بيتر عاطف جمعه وهيب', '201510420', NULL, NULL, NULL, 1, NULL, NULL, NULL, NULL, NULL, 1, NULL, NULL, NULL, 1, 1, NULL, NULL, NULL, '0', NULL, NULL, '201510420', '201510420', NULL, NULL, NULL, NULL, NULL, NULL, NULL, NULL, NULL, NULL, NULL, NULL, NULL, NULL, NULL, NULL, NULL, NULL, NULL, NULL, NULL, NULL, NULL, NULL, NULL, NULL, NULL, NULL, NULL, NULL, '2021-01-24 09:37:24', '2021-01-24 09:37:24', NULL, NULL, NULL, NULL, NULL, NULL, NULL, NULL, NULL, NULL, NULL, NULL, NULL, NULL),
(206, 'بيشوى مدحت حليم كامل', '201510180', NULL, NULL, NULL, 1, NULL, NULL, NULL, NULL, NULL, 1, NULL, NULL, NULL, 1, 1, NULL, NULL, NULL, '0', NULL, NULL, '201510180', '201510180', NULL, NULL, NULL, NULL, NULL, NULL, NULL, NULL, NULL, NULL, NULL, NULL, NULL, NULL, NULL, NULL, NULL, NULL, NULL, NULL, NULL, NULL, NULL, NULL, NULL, NULL, NULL, NULL, NULL, NULL, '2021-01-24 09:37:24', '2021-01-24 09:37:24', NULL, NULL, NULL, NULL, NULL, NULL, NULL, NULL, NULL, NULL, NULL, NULL, NULL, NULL),
(207, 'بيشوى مكرم عبدالمسيح دقش', '201510434', NULL, NULL, NULL, 1, NULL, NULL, NULL, NULL, NULL, 1, NULL, NULL, NULL, 1, 1, NULL, NULL, NULL, '0', NULL, NULL, '201510434', '201510434', NULL, NULL, NULL, NULL, NULL, NULL, NULL, NULL, NULL, NULL, NULL, NULL, NULL, NULL, NULL, NULL, NULL, NULL, NULL, NULL, NULL, NULL, NULL, NULL, NULL, NULL, NULL, NULL, NULL, NULL, '2021-01-24 09:37:24', '2021-01-24 09:37:24', NULL, NULL, NULL, NULL, NULL, NULL, NULL, NULL, NULL, NULL, NULL, NULL, NULL, NULL),
(208, 'تسنيم طه هاشم احمد', '201510430', NULL, NULL, NULL, 1, NULL, NULL, NULL, NULL, NULL, 1, NULL, NULL, NULL, 1, 1, NULL, NULL, NULL, '0', NULL, NULL, '201510430', '201510430', NULL, NULL, NULL, NULL, NULL, NULL, NULL, NULL, NULL, NULL, NULL, NULL, NULL, NULL, NULL, NULL, NULL, NULL, NULL, NULL, NULL, NULL, NULL, NULL, NULL, NULL, NULL, NULL, NULL, NULL, '2021-01-24 09:37:24', '2021-01-24 09:37:24', NULL, NULL, NULL, NULL, NULL, NULL, NULL, NULL, NULL, NULL, NULL, NULL, NULL, NULL),
(209, 'تغريد محمد محمود مبروك', '201510432', NULL, NULL, NULL, 1, NULL, NULL, NULL, NULL, NULL, 1, NULL, NULL, NULL, 1, 1, NULL, NULL, NULL, '0', NULL, NULL, '201510432', '201510432', NULL, NULL, NULL, NULL, NULL, NULL, NULL, NULL, NULL, NULL, NULL, NULL, NULL, NULL, NULL, NULL, NULL, NULL, NULL, NULL, NULL, NULL, NULL, NULL, NULL, NULL, NULL, NULL, NULL, NULL, '2021-01-24 09:37:24', '2021-01-24 09:37:24', NULL, NULL, NULL, NULL, NULL, NULL, NULL, NULL, NULL, NULL, NULL, NULL, NULL, NULL),
(210, 'تقوى رضا هلال محمود', '201510283', NULL, NULL, NULL, 1, NULL, NULL, NULL, NULL, NULL, 1, NULL, NULL, NULL, 1, 1, NULL, NULL, NULL, '0', NULL, NULL, '201510283', '201510283', NULL, NULL, NULL, NULL, NULL, NULL, NULL, NULL, NULL, NULL, NULL, NULL, NULL, NULL, NULL, NULL, NULL, NULL, NULL, NULL, NULL, NULL, NULL, NULL, NULL, NULL, NULL, NULL, NULL, NULL, '2021-01-24 09:37:24', '2021-01-24 09:37:24', NULL, NULL, NULL, NULL, NULL, NULL, NULL, NULL, NULL, NULL, NULL, NULL, NULL, NULL),
(211, 'جرجس هانى فايز يونان', '201510670', NULL, NULL, NULL, 1, NULL, NULL, NULL, NULL, NULL, 1, NULL, NULL, NULL, 1, 1, NULL, NULL, NULL, '0', NULL, NULL, '201510670', '201510670', NULL, NULL, NULL, NULL, NULL, NULL, NULL, NULL, NULL, NULL, NULL, NULL, NULL, NULL, NULL, NULL, NULL, NULL, NULL, NULL, NULL, NULL, NULL, NULL, NULL, NULL, NULL, NULL, NULL, NULL, '2021-01-24 09:37:24', '2021-01-24 09:37:24', NULL, NULL, NULL, NULL, NULL, NULL, NULL, NULL, NULL, NULL, NULL, NULL, NULL, NULL),
(212, 'جهاد احمد حسين رمضان', '201510007', NULL, NULL, NULL, 1, NULL, NULL, NULL, NULL, NULL, 1, NULL, NULL, NULL, 1, 1, NULL, NULL, NULL, '0', NULL, NULL, '201510007', '201510007', NULL, NULL, NULL, NULL, NULL, NULL, NULL, NULL, NULL, NULL, NULL, NULL, NULL, NULL, NULL, NULL, NULL, NULL, NULL, NULL, NULL, NULL, NULL, NULL, NULL, NULL, NULL, NULL, NULL, NULL, '2021-01-24 09:37:25', '2021-01-24 09:37:25', NULL, NULL, NULL, NULL, NULL, NULL, NULL, NULL, NULL, NULL, NULL, NULL, NULL, NULL),
(213, 'جهاد رجب احمد عويس', '201510373', NULL, NULL, NULL, 1, NULL, NULL, NULL, NULL, NULL, 1, NULL, NULL, NULL, 1, 1, NULL, NULL, NULL, '0', NULL, NULL, '201510373', '201510373', NULL, NULL, NULL, NULL, NULL, NULL, NULL, NULL, NULL, NULL, NULL, NULL, NULL, NULL, NULL, NULL, NULL, NULL, NULL, NULL, NULL, NULL, NULL, NULL, NULL, NULL, NULL, NULL, NULL, NULL, '2021-01-24 09:37:25', '2021-01-24 09:37:25', NULL, NULL, NULL, NULL, NULL, NULL, NULL, NULL, NULL, NULL, NULL, NULL, NULL, NULL),
(214, 'جهاد صلاح احمد عبدالرحمن', '201510496', NULL, NULL, NULL, 1, NULL, NULL, NULL, NULL, NULL, 1, NULL, NULL, NULL, 1, 1, NULL, NULL, NULL, '0', NULL, NULL, '201510496', '201510496', NULL, NULL, NULL, NULL, NULL, NULL, NULL, NULL, NULL, NULL, NULL, NULL, NULL, NULL, NULL, NULL, NULL, NULL, NULL, NULL, NULL, NULL, NULL, NULL, NULL, NULL, NULL, NULL, NULL, NULL, '2021-01-24 09:37:25', '2021-01-24 09:37:25', NULL, NULL, NULL, NULL, NULL, NULL, NULL, NULL, NULL, NULL, NULL, NULL, NULL, NULL),
(215, 'جهاد عصام ابراهيم عبدالوهاب', '201510137', NULL, NULL, NULL, 1, NULL, NULL, NULL, NULL, NULL, 1, NULL, NULL, NULL, 1, 1, NULL, NULL, NULL, '0', NULL, NULL, '201510137', '201510137', NULL, NULL, NULL, NULL, NULL, NULL, NULL, NULL, NULL, NULL, NULL, NULL, NULL, NULL, NULL, NULL, NULL, NULL, NULL, NULL, NULL, NULL, NULL, NULL, NULL, NULL, NULL, NULL, NULL, NULL, '2021-01-24 09:37:25', '2021-01-24 09:37:25', NULL, NULL, NULL, NULL, NULL, NULL, NULL, NULL, NULL, NULL, NULL, NULL, NULL, NULL),
(216, 'جهاد مصطفى احمد محمد مصطفى', '201510519', NULL, NULL, NULL, 1, NULL, NULL, NULL, NULL, NULL, 1, NULL, NULL, NULL, 1, 1, NULL, NULL, NULL, '0', NULL, NULL, '201510519', '201510519', NULL, NULL, NULL, NULL, NULL, NULL, NULL, NULL, NULL, NULL, NULL, NULL, NULL, NULL, NULL, NULL, NULL, NULL, NULL, NULL, NULL, NULL, NULL, NULL, NULL, NULL, NULL, NULL, NULL, NULL, '2021-01-24 09:37:25', '2021-01-24 09:37:25', NULL, NULL, NULL, NULL, NULL, NULL, NULL, NULL, NULL, NULL, NULL, NULL, NULL, NULL),
(217, 'جورج حكيم نصيف سمعان', '201510229', NULL, NULL, NULL, 1, NULL, NULL, NULL, NULL, NULL, 1, NULL, NULL, NULL, 1, 1, NULL, NULL, NULL, '0', NULL, NULL, '201510229', '201510229', NULL, NULL, NULL, NULL, NULL, NULL, NULL, NULL, NULL, NULL, NULL, NULL, NULL, NULL, NULL, NULL, NULL, NULL, NULL, NULL, NULL, NULL, NULL, NULL, NULL, NULL, NULL, NULL, NULL, NULL, '2021-01-24 09:37:25', '2021-01-24 09:37:25', NULL, NULL, NULL, NULL, NULL, NULL, NULL, NULL, NULL, NULL, NULL, NULL, NULL, NULL),
(218, 'جورج عماد ليشع عزيز', '201510539', NULL, NULL, NULL, 1, NULL, NULL, NULL, NULL, NULL, 1, NULL, NULL, NULL, 1, 1, NULL, NULL, NULL, '0', NULL, NULL, '201510539', '201510539', NULL, NULL, NULL, NULL, NULL, NULL, NULL, NULL, NULL, NULL, NULL, NULL, NULL, NULL, NULL, NULL, NULL, NULL, NULL, NULL, NULL, NULL, NULL, NULL, NULL, NULL, NULL, NULL, NULL, NULL, '2021-01-24 09:37:25', '2021-01-24 09:37:25', NULL, NULL, NULL, NULL, NULL, NULL, NULL, NULL, NULL, NULL, NULL, NULL, NULL, NULL),
(219, 'حسام احمد عبدالعزيز محمد', '201510651', NULL, NULL, NULL, 1, NULL, NULL, NULL, NULL, NULL, 1, NULL, NULL, NULL, 1, 1, NULL, NULL, NULL, '0', NULL, NULL, '201510651', '201510651', NULL, NULL, NULL, NULL, NULL, NULL, NULL, NULL, NULL, NULL, NULL, NULL, NULL, NULL, NULL, NULL, NULL, NULL, NULL, NULL, NULL, NULL, NULL, NULL, NULL, NULL, NULL, NULL, NULL, NULL, '2021-01-24 09:37:25', '2021-01-24 09:37:25', NULL, NULL, NULL, NULL, NULL, NULL, NULL, NULL, NULL, NULL, NULL, NULL, NULL, NULL),
(220, 'حسام احمد فاروق سيد', '201510141', NULL, NULL, NULL, 1, NULL, NULL, NULL, NULL, NULL, 1, NULL, NULL, NULL, 1, 1, NULL, NULL, NULL, '0', NULL, NULL, '201510141', '201510141', NULL, NULL, NULL, NULL, NULL, NULL, NULL, NULL, NULL, NULL, NULL, NULL, NULL, NULL, NULL, NULL, NULL, NULL, NULL, NULL, NULL, NULL, NULL, NULL, NULL, NULL, NULL, NULL, NULL, NULL, '2021-01-24 09:37:25', '2021-01-24 09:37:25', NULL, NULL, NULL, NULL, NULL, NULL, NULL, NULL, NULL, NULL, NULL, NULL, NULL, NULL),
(221, 'حسام الدين عمر مصطفى عبدالصمد', '201510057', NULL, NULL, NULL, 1, NULL, NULL, NULL, NULL, NULL, 1, NULL, NULL, NULL, 1, 1, NULL, NULL, NULL, '0', NULL, NULL, '201510057', '201510057', NULL, NULL, NULL, NULL, NULL, NULL, NULL, NULL, NULL, NULL, NULL, NULL, NULL, NULL, NULL, NULL, NULL, NULL, NULL, NULL, NULL, NULL, NULL, NULL, NULL, NULL, NULL, NULL, NULL, NULL, '2021-01-24 09:37:25', '2021-01-24 09:37:25', NULL, NULL, NULL, NULL, NULL, NULL, NULL, NULL, NULL, NULL, NULL, NULL, NULL, NULL),
(222, 'حسام ايهاب على قطب', '201510308', NULL, NULL, NULL, 1, NULL, NULL, NULL, NULL, NULL, 1, NULL, NULL, NULL, 1, 1, NULL, NULL, NULL, '0', NULL, NULL, '201510308', '201510308', NULL, NULL, NULL, NULL, NULL, NULL, NULL, NULL, NULL, NULL, NULL, NULL, NULL, NULL, NULL, NULL, NULL, NULL, NULL, NULL, NULL, NULL, NULL, NULL, NULL, NULL, NULL, NULL, NULL, NULL, '2021-01-24 09:37:25', '2021-01-24 09:37:25', NULL, NULL, NULL, NULL, NULL, NULL, NULL, NULL, NULL, NULL, NULL, NULL, NULL, NULL),
(223, 'حسام حسن ابوالمجد احمد', '201510724', NULL, NULL, NULL, 1, NULL, NULL, NULL, NULL, NULL, 1, NULL, NULL, NULL, 1, 1, NULL, NULL, NULL, '0', NULL, NULL, '201510724', '201510724', NULL, NULL, NULL, NULL, NULL, NULL, NULL, NULL, NULL, NULL, NULL, NULL, NULL, NULL, NULL, NULL, NULL, NULL, NULL, NULL, NULL, NULL, NULL, NULL, NULL, NULL, NULL, NULL, NULL, NULL, '2021-01-24 09:37:25', '2021-01-24 09:37:25', NULL, NULL, NULL, NULL, NULL, NULL, NULL, NULL, NULL, NULL, NULL, NULL, NULL, NULL),
(224, 'حسام حسن عبدالجيد محمد', '201510327', NULL, NULL, NULL, 1, NULL, NULL, NULL, NULL, NULL, 1, NULL, NULL, NULL, 1, 1, NULL, NULL, NULL, '0', NULL, NULL, '201510327', '201510327', NULL, NULL, NULL, NULL, NULL, NULL, NULL, NULL, NULL, NULL, NULL, NULL, NULL, NULL, NULL, NULL, NULL, NULL, NULL, NULL, NULL, NULL, NULL, NULL, NULL, NULL, NULL, NULL, NULL, NULL, '2021-01-24 09:37:25', '2021-01-24 09:37:25', NULL, NULL, NULL, NULL, NULL, NULL, NULL, NULL, NULL, NULL, NULL, NULL, NULL, NULL),
(225, 'حسام رضا ابراهيم عبدالمنعم', '201510191', NULL, NULL, NULL, 1, NULL, NULL, NULL, NULL, NULL, 1, NULL, NULL, NULL, 1, 1, NULL, NULL, NULL, '0', NULL, NULL, '201510191', '201510191', NULL, NULL, NULL, NULL, NULL, NULL, NULL, NULL, NULL, NULL, NULL, NULL, NULL, NULL, NULL, NULL, NULL, NULL, NULL, NULL, NULL, NULL, NULL, NULL, NULL, NULL, NULL, NULL, NULL, NULL, '2021-01-24 09:37:25', '2021-01-24 09:37:25', NULL, NULL, NULL, NULL, NULL, NULL, NULL, NULL, NULL, NULL, NULL, NULL, NULL, NULL),
(226, 'حسام عبدالصمد منصور رمضان', '201510205', NULL, NULL, NULL, 1, NULL, NULL, NULL, NULL, NULL, 1, NULL, NULL, NULL, 1, 1, NULL, NULL, NULL, '0', NULL, NULL, '201510205', '201510205', NULL, NULL, NULL, NULL, NULL, NULL, NULL, NULL, NULL, NULL, NULL, NULL, NULL, NULL, NULL, NULL, NULL, NULL, NULL, NULL, NULL, NULL, NULL, NULL, NULL, NULL, NULL, NULL, NULL, NULL, '2021-01-24 09:37:25', '2021-01-24 09:37:25', NULL, NULL, NULL, NULL, NULL, NULL, NULL, NULL, NULL, NULL, NULL, NULL, NULL, NULL),
(227, 'حسام محمد جابر احمد', '201510613', NULL, NULL, NULL, 1, NULL, NULL, NULL, NULL, NULL, 1, NULL, NULL, NULL, 1, 1, NULL, NULL, NULL, '0', NULL, NULL, '201510613', '201510613', NULL, NULL, NULL, NULL, NULL, NULL, NULL, NULL, NULL, NULL, NULL, NULL, NULL, NULL, NULL, NULL, NULL, NULL, NULL, NULL, NULL, NULL, NULL, NULL, NULL, NULL, NULL, NULL, NULL, NULL, '2021-01-24 09:37:25', '2021-01-24 09:37:25', NULL, NULL, NULL, NULL, NULL, NULL, NULL, NULL, NULL, NULL, NULL, NULL, NULL, NULL),
(228, 'حسام محمد على السيد', '201510678', NULL, NULL, NULL, 1, NULL, NULL, NULL, NULL, NULL, 1, NULL, NULL, NULL, 1, 1, NULL, NULL, NULL, '0', NULL, NULL, '201510678', '201510678', NULL, NULL, NULL, NULL, NULL, NULL, NULL, NULL, NULL, NULL, NULL, NULL, NULL, NULL, NULL, NULL, NULL, NULL, NULL, NULL, NULL, NULL, NULL, NULL, NULL, NULL, NULL, NULL, NULL, NULL, '2021-01-24 09:37:25', '2021-01-24 09:37:25', NULL, NULL, NULL, NULL, NULL, NULL, NULL, NULL, NULL, NULL, NULL, NULL, NULL, NULL),
(229, 'حسن جميل حسن محمود', '201510389', NULL, NULL, NULL, 1, NULL, NULL, NULL, NULL, NULL, 1, NULL, NULL, NULL, 1, 1, NULL, NULL, NULL, '0', NULL, NULL, '201510389', '201510389', NULL, NULL, NULL, NULL, NULL, NULL, NULL, NULL, NULL, NULL, NULL, NULL, NULL, NULL, NULL, NULL, NULL, NULL, NULL, NULL, NULL, NULL, NULL, NULL, NULL, NULL, NULL, NULL, NULL, NULL, '2021-01-24 09:37:25', '2021-01-24 09:37:25', NULL, NULL, NULL, NULL, NULL, NULL, NULL, NULL, NULL, NULL, NULL, NULL, NULL, NULL),
(230, 'حسن عبدالجواد صلاح عبدالجواد', '201510217', NULL, NULL, NULL, 1, NULL, NULL, NULL, NULL, NULL, 1, NULL, NULL, NULL, 1, 1, NULL, NULL, NULL, '0', NULL, NULL, '201510217', '201510217', NULL, NULL, NULL, NULL, NULL, NULL, NULL, NULL, NULL, NULL, NULL, NULL, NULL, NULL, NULL, NULL, NULL, NULL, NULL, NULL, NULL, NULL, NULL, NULL, NULL, NULL, NULL, NULL, NULL, NULL, '2021-01-24 09:37:25', '2021-01-24 09:37:25', NULL, NULL, NULL, NULL, NULL, NULL, NULL, NULL, NULL, NULL, NULL, NULL, NULL, NULL),
(231, 'حسن ممدوح حسن عويس', '201510302', NULL, NULL, NULL, 1, NULL, NULL, NULL, NULL, NULL, 1, NULL, NULL, NULL, 1, 1, NULL, NULL, NULL, '0', NULL, NULL, '201510302', '201510302', NULL, NULL, NULL, NULL, NULL, NULL, NULL, NULL, NULL, NULL, NULL, NULL, NULL, NULL, NULL, NULL, NULL, NULL, NULL, NULL, NULL, NULL, NULL, NULL, NULL, NULL, NULL, NULL, NULL, NULL, '2021-01-24 09:37:25', '2021-01-24 09:37:25', NULL, NULL, NULL, NULL, NULL, NULL, NULL, NULL, NULL, NULL, NULL, NULL, NULL, NULL),
(232, 'حسناء خاطر خلف عبدالحكم', '201510622', NULL, NULL, NULL, 1, NULL, NULL, NULL, NULL, NULL, 1, NULL, NULL, NULL, 1, 1, NULL, NULL, NULL, '0', NULL, NULL, '201510622', '201510622', NULL, NULL, NULL, NULL, NULL, NULL, NULL, NULL, NULL, NULL, NULL, NULL, NULL, NULL, NULL, NULL, NULL, NULL, NULL, NULL, NULL, NULL, NULL, NULL, NULL, NULL, NULL, NULL, NULL, NULL, '2021-01-24 09:37:25', '2021-01-24 09:37:25', NULL, NULL, NULL, NULL, NULL, NULL, NULL, NULL, NULL, NULL, NULL, NULL, NULL, NULL),
(233, 'حسناء محمد محمود سالم', '201510078', NULL, NULL, NULL, 1, NULL, NULL, NULL, NULL, NULL, 1, NULL, NULL, NULL, 1, 1, NULL, NULL, NULL, '0', NULL, NULL, '201510078', '201510078', NULL, NULL, NULL, NULL, NULL, NULL, NULL, NULL, NULL, NULL, NULL, NULL, NULL, NULL, NULL, NULL, NULL, NULL, NULL, NULL, NULL, NULL, NULL, NULL, NULL, NULL, NULL, NULL, NULL, NULL, '2021-01-24 09:37:25', '2021-01-24 09:37:25', NULL, NULL, NULL, NULL, NULL, NULL, NULL, NULL, NULL, NULL, NULL, NULL, NULL, NULL),
(234, 'حسين ممدوح حسن عويس', '201510300', NULL, NULL, NULL, 1, NULL, NULL, NULL, NULL, NULL, 1, NULL, NULL, NULL, 1, 1, NULL, NULL, NULL, '0', NULL, NULL, '201510300', '201510300', NULL, NULL, NULL, NULL, NULL, NULL, NULL, NULL, NULL, NULL, NULL, NULL, NULL, NULL, NULL, NULL, NULL, NULL, NULL, NULL, NULL, NULL, NULL, NULL, NULL, NULL, NULL, NULL, NULL, NULL, '2021-01-24 09:37:25', '2021-01-24 09:37:25', NULL, NULL, NULL, NULL, NULL, NULL, NULL, NULL, NULL, NULL, NULL, NULL, NULL, NULL),
(235, 'حفصه محمد محمد عبدالله', '201510503', NULL, NULL, NULL, 1, NULL, NULL, NULL, NULL, NULL, 1, NULL, NULL, NULL, 1, 1, NULL, NULL, NULL, '0', NULL, NULL, '201510503', '201510503', NULL, NULL, NULL, NULL, NULL, NULL, NULL, NULL, NULL, NULL, NULL, NULL, NULL, NULL, NULL, NULL, NULL, NULL, NULL, NULL, NULL, NULL, NULL, NULL, NULL, NULL, NULL, NULL, NULL, NULL, '2021-01-24 09:37:25', '2021-01-24 09:37:25', NULL, NULL, NULL, NULL, NULL, NULL, NULL, NULL, NULL, NULL, NULL, NULL, NULL, NULL),
(236, 'حليمه على عبدالجواد عبدالرحمن', '201510553', NULL, NULL, NULL, 1, NULL, NULL, NULL, NULL, NULL, 1, NULL, NULL, NULL, 1, 1, NULL, NULL, NULL, '0', NULL, NULL, '201510553', '201510553', NULL, NULL, NULL, NULL, NULL, NULL, NULL, NULL, NULL, NULL, NULL, NULL, NULL, NULL, NULL, NULL, NULL, NULL, NULL, NULL, NULL, NULL, NULL, NULL, NULL, NULL, NULL, NULL, NULL, NULL, '2021-01-24 09:37:25', '2021-01-24 09:37:25', NULL, NULL, NULL, NULL, NULL, NULL, NULL, NULL, NULL, NULL, NULL, NULL, NULL, NULL),
(237, 'حماده احمد صالح احمد', '201510223', NULL, NULL, NULL, 1, NULL, NULL, NULL, NULL, NULL, 1, NULL, NULL, NULL, 1, 1, NULL, NULL, NULL, '0', NULL, NULL, '201510223', '201510223', NULL, NULL, NULL, NULL, NULL, NULL, NULL, NULL, NULL, NULL, NULL, NULL, NULL, NULL, NULL, NULL, NULL, NULL, NULL, NULL, NULL, NULL, NULL, NULL, NULL, NULL, NULL, NULL, NULL, NULL, '2021-01-24 09:37:25', '2021-01-24 09:37:25', NULL, NULL, NULL, NULL, NULL, NULL, NULL, NULL, NULL, NULL, NULL, NULL, NULL, NULL),
(238, 'حماده حسن فتحى حسن', '201510250', NULL, NULL, NULL, 1, NULL, NULL, NULL, NULL, NULL, 1, NULL, NULL, NULL, 1, 1, NULL, NULL, NULL, '0', NULL, NULL, '201510250', '201510250', NULL, NULL, NULL, NULL, NULL, NULL, NULL, NULL, NULL, NULL, NULL, NULL, NULL, NULL, NULL, NULL, NULL, NULL, NULL, NULL, NULL, NULL, NULL, NULL, NULL, NULL, NULL, NULL, NULL, NULL, '2021-01-24 09:37:25', '2021-01-24 09:37:25', NULL, NULL, NULL, NULL, NULL, NULL, NULL, NULL, NULL, NULL, NULL, NULL, NULL, NULL),
(239, 'حماده شعبان على عبدالمحسن', '201510602', NULL, NULL, NULL, 1, NULL, NULL, NULL, NULL, NULL, 1, NULL, NULL, NULL, 1, 1, NULL, NULL, NULL, '0', NULL, NULL, '201510602', '201510602', NULL, NULL, NULL, NULL, NULL, NULL, NULL, NULL, NULL, NULL, NULL, NULL, NULL, NULL, NULL, NULL, NULL, NULL, NULL, NULL, NULL, NULL, NULL, NULL, NULL, NULL, NULL, NULL, NULL, NULL, '2021-01-24 09:37:25', '2021-01-24 09:37:25', NULL, NULL, NULL, NULL, NULL, NULL, NULL, NULL, NULL, NULL, NULL, NULL, NULL, NULL),
(240, 'حمديه صلاح على خفاجى', '201510705', NULL, NULL, NULL, 1, NULL, NULL, NULL, NULL, NULL, 1, NULL, NULL, NULL, 1, 1, NULL, NULL, NULL, '0', NULL, NULL, '201510705', '201510705', NULL, NULL, NULL, NULL, NULL, NULL, NULL, NULL, NULL, NULL, NULL, NULL, NULL, NULL, NULL, NULL, NULL, NULL, NULL, NULL, NULL, NULL, NULL, NULL, NULL, NULL, NULL, NULL, NULL, NULL, '2021-01-24 09:37:25', '2021-01-24 09:37:25', NULL, NULL, NULL, NULL, NULL, NULL, NULL, NULL, NULL, NULL, NULL, NULL, NULL, NULL),
(241, 'خالد احمد الاشعابى محمد سيد', '201510423', NULL, NULL, NULL, 1, NULL, NULL, NULL, NULL, NULL, 1, NULL, NULL, NULL, 1, 1, NULL, NULL, NULL, '0', NULL, NULL, '201510423', '201510423', NULL, NULL, NULL, NULL, NULL, NULL, NULL, NULL, NULL, NULL, NULL, NULL, NULL, NULL, NULL, NULL, NULL, NULL, NULL, NULL, NULL, NULL, NULL, NULL, NULL, NULL, NULL, NULL, NULL, NULL, '2021-01-24 09:37:25', '2021-01-24 09:37:25', NULL, NULL, NULL, NULL, NULL, NULL, NULL, NULL, NULL, NULL, NULL, NULL, NULL, NULL),
(242, 'خالد احمد صابر عابد', '201510672', NULL, NULL, NULL, 1, NULL, NULL, NULL, NULL, NULL, 1, NULL, NULL, NULL, 1, 1, NULL, NULL, NULL, '0', NULL, NULL, '201510672', '201510672', NULL, NULL, NULL, NULL, NULL, NULL, NULL, NULL, NULL, NULL, NULL, NULL, NULL, NULL, NULL, NULL, NULL, NULL, NULL, NULL, NULL, NULL, NULL, NULL, NULL, NULL, NULL, NULL, NULL, NULL, '2021-01-24 09:37:25', '2021-01-24 09:37:25', NULL, NULL, NULL, NULL, NULL, NULL, NULL, NULL, NULL, NULL, NULL, NULL, NULL, NULL),
(243, 'خالد جمال ابراهيم محمد', '201510419', NULL, NULL, NULL, 1, NULL, NULL, NULL, NULL, NULL, 1, NULL, NULL, NULL, 1, 1, NULL, NULL, NULL, '0', NULL, NULL, '201510419', '201510419', NULL, NULL, NULL, NULL, NULL, NULL, NULL, NULL, NULL, NULL, NULL, NULL, NULL, NULL, NULL, NULL, NULL, NULL, NULL, NULL, NULL, NULL, NULL, NULL, NULL, NULL, NULL, NULL, NULL, NULL, '2021-01-24 09:37:25', '2021-01-24 09:37:25', NULL, NULL, NULL, NULL, NULL, NULL, NULL, NULL, NULL, NULL, NULL, NULL, NULL, NULL),
(244, 'خالد شعبان محمد حسين', '201510010', NULL, NULL, NULL, 1, NULL, NULL, NULL, NULL, NULL, 1, NULL, NULL, NULL, 1, 1, NULL, NULL, NULL, '0', NULL, NULL, '201510010', '201510010', NULL, NULL, NULL, NULL, NULL, NULL, NULL, NULL, NULL, NULL, NULL, NULL, NULL, NULL, NULL, NULL, NULL, NULL, NULL, NULL, NULL, NULL, NULL, NULL, NULL, NULL, NULL, NULL, NULL, NULL, '2021-01-24 09:37:25', '2021-01-24 09:37:25', NULL, NULL, NULL, NULL, NULL, NULL, NULL, NULL, NULL, NULL, NULL, NULL, NULL, NULL),
(245, 'خلود شعبان عبدالعظيم عبدالسلام', '201510526', NULL, NULL, NULL, 1, NULL, NULL, NULL, NULL, NULL, 1, NULL, NULL, NULL, 1, 1, NULL, NULL, NULL, '0', NULL, NULL, '201510526', '201510526', NULL, NULL, NULL, NULL, NULL, NULL, NULL, NULL, NULL, NULL, NULL, NULL, NULL, NULL, NULL, NULL, NULL, NULL, NULL, NULL, NULL, NULL, NULL, NULL, NULL, NULL, NULL, NULL, NULL, NULL, '2021-01-24 09:37:25', '2021-01-24 09:37:25', NULL, NULL, NULL, NULL, NULL, NULL, NULL, NULL, NULL, NULL, NULL, NULL, NULL, NULL),
(246, 'خلود محسن حسن عبدالعزيز', '201510323', NULL, NULL, NULL, 1, NULL, NULL, NULL, NULL, NULL, 1, NULL, NULL, NULL, 1, 1, NULL, NULL, NULL, '0', NULL, NULL, '201510323', '201510323', NULL, NULL, NULL, NULL, NULL, NULL, NULL, NULL, NULL, NULL, NULL, NULL, NULL, NULL, NULL, NULL, NULL, NULL, NULL, NULL, NULL, NULL, NULL, NULL, NULL, NULL, NULL, NULL, NULL, NULL, '2021-01-24 09:37:25', '2021-01-24 09:37:25', NULL, NULL, NULL, NULL, NULL, NULL, NULL, NULL, NULL, NULL, NULL, NULL, NULL, NULL),
(247, 'خليفه عيد خليفه سليمان', '201510307', NULL, NULL, NULL, 1, NULL, NULL, NULL, NULL, NULL, 1, NULL, NULL, NULL, 1, 1, NULL, NULL, NULL, '0', NULL, NULL, '201510307', '201510307', NULL, NULL, NULL, NULL, NULL, NULL, NULL, NULL, NULL, NULL, NULL, NULL, NULL, NULL, NULL, NULL, NULL, NULL, NULL, NULL, NULL, NULL, NULL, NULL, NULL, NULL, NULL, NULL, NULL, NULL, '2021-01-24 09:37:25', '2021-01-24 09:37:25', NULL, NULL, NULL, NULL, NULL, NULL, NULL, NULL, NULL, NULL, NULL, NULL, NULL, NULL),
(248, 'داليا السيد البدوى محمد', '201510322', NULL, NULL, NULL, 1, NULL, NULL, NULL, NULL, NULL, 1, NULL, NULL, NULL, 1, 1, NULL, NULL, NULL, '0', NULL, NULL, '201510322', '201510322', NULL, NULL, NULL, NULL, NULL, NULL, NULL, NULL, NULL, NULL, NULL, NULL, NULL, NULL, NULL, NULL, NULL, NULL, NULL, NULL, NULL, NULL, NULL, NULL, NULL, NULL, NULL, NULL, NULL, NULL, '2021-01-24 09:37:25', '2021-01-24 09:37:25', NULL, NULL, NULL, NULL, NULL, NULL, NULL, NULL, NULL, NULL, NULL, NULL, NULL, NULL),
(249, 'داليا حسن عبدالفضيل تقى', '201510627', NULL, NULL, NULL, 1, NULL, NULL, NULL, NULL, NULL, 1, NULL, NULL, NULL, 1, 1, NULL, NULL, NULL, '0', NULL, NULL, '201510627', '201510627', NULL, NULL, NULL, NULL, NULL, NULL, NULL, NULL, NULL, NULL, NULL, NULL, NULL, NULL, NULL, NULL, NULL, NULL, NULL, NULL, NULL, NULL, NULL, NULL, NULL, NULL, NULL, NULL, NULL, NULL, '2021-01-24 09:37:25', '2021-01-24 09:37:25', NULL, NULL, NULL, NULL, NULL, NULL, NULL, NULL, NULL, NULL, NULL, NULL, NULL, NULL),
(250, 'داليا مصطفى امين احمد', '201510109', NULL, NULL, NULL, 1, NULL, NULL, NULL, NULL, NULL, 1, NULL, NULL, NULL, 1, 1, NULL, NULL, NULL, '0', NULL, NULL, '201510109', '201510109', NULL, NULL, NULL, NULL, NULL, NULL, NULL, NULL, NULL, NULL, NULL, NULL, NULL, NULL, NULL, NULL, NULL, NULL, NULL, NULL, NULL, NULL, NULL, NULL, NULL, NULL, NULL, NULL, NULL, NULL, '2021-01-24 09:37:25', '2021-01-24 09:37:25', NULL, NULL, NULL, NULL, NULL, NULL, NULL, NULL, NULL, NULL, NULL, NULL, NULL, NULL),
(251, 'داليا مهدى محمد صادق', '201510483', NULL, NULL, NULL, 1, NULL, NULL, NULL, NULL, NULL, 1, NULL, NULL, NULL, 1, 1, NULL, NULL, NULL, '0', NULL, NULL, '201510483', '201510483', NULL, NULL, NULL, NULL, NULL, NULL, NULL, NULL, NULL, NULL, NULL, NULL, NULL, NULL, NULL, NULL, NULL, NULL, NULL, NULL, NULL, NULL, NULL, NULL, NULL, NULL, NULL, NULL, NULL, NULL, '2021-01-24 09:37:25', '2021-01-24 09:37:25', NULL, NULL, NULL, NULL, NULL, NULL, NULL, NULL, NULL, NULL, NULL, NULL, NULL, NULL),
(252, 'دعاء ابراهيم كمال احمد', '201510478', NULL, NULL, NULL, 1, NULL, NULL, NULL, NULL, NULL, 1, NULL, NULL, NULL, 1, 1, NULL, NULL, NULL, '0', NULL, NULL, '201510478', '201510478', NULL, NULL, NULL, NULL, NULL, NULL, NULL, NULL, NULL, NULL, NULL, NULL, NULL, NULL, NULL, NULL, NULL, NULL, NULL, NULL, NULL, NULL, NULL, NULL, NULL, NULL, NULL, NULL, NULL, NULL, '2021-01-24 09:37:25', '2021-01-24 09:37:25', NULL, NULL, NULL, NULL, NULL, NULL, NULL, NULL, NULL, NULL, NULL, NULL, NULL, NULL),
(253, 'دعاء خالد سويهى عبدالجواد', '201510624', NULL, NULL, NULL, 1, NULL, NULL, NULL, NULL, NULL, 1, NULL, NULL, NULL, 1, 1, NULL, NULL, NULL, '0', NULL, NULL, '201510624', '201510624', NULL, NULL, NULL, NULL, NULL, NULL, NULL, NULL, NULL, NULL, NULL, NULL, NULL, NULL, NULL, NULL, NULL, NULL, NULL, NULL, NULL, NULL, NULL, NULL, NULL, NULL, NULL, NULL, NULL, NULL, '2021-01-24 09:37:25', '2021-01-24 09:37:25', NULL, NULL, NULL, NULL, NULL, NULL, NULL, NULL, NULL, NULL, NULL, NULL, NULL, NULL),
(254, 'دعاء خالد عبدالجيد حسن', '201510408', NULL, NULL, NULL, 1, NULL, NULL, NULL, NULL, NULL, 1, NULL, NULL, NULL, 1, 1, NULL, NULL, NULL, '0', NULL, NULL, '201510408', '201510408', NULL, NULL, NULL, NULL, NULL, NULL, NULL, NULL, NULL, NULL, NULL, NULL, NULL, NULL, NULL, NULL, NULL, NULL, NULL, NULL, NULL, NULL, NULL, NULL, NULL, NULL, NULL, NULL, NULL, NULL, '2021-01-24 09:37:25', '2021-01-24 09:37:25', NULL, NULL, NULL, NULL, NULL, NULL, NULL, NULL, NULL, NULL, NULL, NULL, NULL, NULL),
(255, 'دعاء على امام محمد', '201510235', NULL, NULL, NULL, 1, NULL, NULL, NULL, NULL, NULL, 1, NULL, NULL, NULL, 1, 1, NULL, NULL, NULL, '0', NULL, NULL, '201510235', '201510235', NULL, NULL, NULL, NULL, NULL, NULL, NULL, NULL, NULL, NULL, NULL, NULL, NULL, NULL, NULL, NULL, NULL, NULL, NULL, NULL, NULL, NULL, NULL, NULL, NULL, NULL, NULL, NULL, NULL, NULL, '2021-01-24 09:37:25', '2021-01-24 09:37:25', NULL, NULL, NULL, NULL, NULL, NULL, NULL, NULL, NULL, NULL, NULL, NULL, NULL, NULL),
(256, 'دعاء على لطفى على', '201510224', NULL, NULL, NULL, 1, NULL, NULL, NULL, NULL, NULL, 1, NULL, NULL, NULL, 1, 1, NULL, NULL, NULL, '0', NULL, NULL, '201510224', '201510224', NULL, NULL, NULL, NULL, NULL, NULL, NULL, NULL, NULL, NULL, NULL, NULL, NULL, NULL, NULL, NULL, NULL, NULL, NULL, NULL, NULL, NULL, NULL, NULL, NULL, NULL, NULL, NULL, NULL, NULL, '2021-01-24 09:37:25', '2021-01-24 09:37:25', NULL, NULL, NULL, NULL, NULL, NULL, NULL, NULL, NULL, NULL, NULL, NULL, NULL, NULL),
(257, 'دعاء محمد السيد على', '201510514', NULL, NULL, NULL, 1, NULL, NULL, NULL, NULL, NULL, 1, NULL, NULL, NULL, 1, 1, NULL, NULL, NULL, '0', NULL, NULL, '201510514', '201510514', NULL, NULL, NULL, NULL, NULL, NULL, NULL, NULL, NULL, NULL, NULL, NULL, NULL, NULL, NULL, NULL, NULL, NULL, NULL, NULL, NULL, NULL, NULL, NULL, NULL, NULL, NULL, NULL, NULL, NULL, '2021-01-24 09:37:25', '2021-01-24 09:37:25', NULL, NULL, NULL, NULL, NULL, NULL, NULL, NULL, NULL, NULL, NULL, NULL, NULL, NULL),
(258, 'دعاء مصطفى حمدى على', '201510515', NULL, NULL, NULL, 1, NULL, NULL, NULL, NULL, NULL, 1, NULL, NULL, NULL, 1, 1, NULL, NULL, NULL, '0', NULL, NULL, '201510515', '201510515', NULL, NULL, NULL, NULL, NULL, NULL, NULL, NULL, NULL, NULL, NULL, NULL, NULL, NULL, NULL, NULL, NULL, NULL, NULL, NULL, NULL, NULL, NULL, NULL, NULL, NULL, NULL, NULL, NULL, NULL, '2021-01-24 09:37:25', '2021-01-24 09:37:25', NULL, NULL, NULL, NULL, NULL, NULL, NULL, NULL, NULL, NULL, NULL, NULL, NULL, NULL),
(259, 'دنيا احمد حسين محمد عطوه', '201510353', NULL, NULL, NULL, 1, NULL, NULL, NULL, NULL, NULL, 1, NULL, NULL, NULL, 1, 1, NULL, NULL, NULL, '0', NULL, NULL, '201510353', '201510353', NULL, NULL, NULL, NULL, NULL, NULL, NULL, NULL, NULL, NULL, NULL, NULL, NULL, NULL, NULL, NULL, NULL, NULL, NULL, NULL, NULL, NULL, NULL, NULL, NULL, NULL, NULL, NULL, NULL, NULL, '2021-01-24 09:37:25', '2021-01-24 09:37:25', NULL, NULL, NULL, NULL, NULL, NULL, NULL, NULL, NULL, NULL, NULL, NULL, NULL, NULL),
(260, 'دينا حماده محمد سيد', '201510050', NULL, NULL, NULL, 1, NULL, NULL, NULL, NULL, NULL, 1, NULL, NULL, NULL, 1, 1, NULL, NULL, NULL, '0', NULL, NULL, '201510050', '201510050', NULL, NULL, NULL, NULL, NULL, NULL, NULL, NULL, NULL, NULL, NULL, NULL, NULL, NULL, NULL, NULL, NULL, NULL, NULL, NULL, NULL, NULL, NULL, NULL, NULL, NULL, NULL, NULL, NULL, NULL, '2021-01-24 09:37:25', '2021-01-24 09:37:25', NULL, NULL, NULL, NULL, NULL, NULL, NULL, NULL, NULL, NULL, NULL, NULL, NULL, NULL),
(261, 'دينا عادل شعبان عبدالله', '201510063', NULL, NULL, NULL, 1, NULL, NULL, NULL, NULL, NULL, 1, NULL, NULL, NULL, 1, 1, NULL, NULL, NULL, '0', NULL, NULL, '201510063', '201510063', NULL, NULL, NULL, NULL, NULL, NULL, NULL, NULL, NULL, NULL, NULL, NULL, NULL, NULL, NULL, NULL, NULL, NULL, NULL, NULL, NULL, NULL, NULL, NULL, NULL, NULL, NULL, NULL, NULL, NULL, '2021-01-24 09:37:25', '2021-01-24 09:37:25', NULL, NULL, NULL, NULL, NULL, NULL, NULL, NULL, NULL, NULL, NULL, NULL, NULL, NULL),
(262, 'دينا محمد ساكر محمود', '201510482', NULL, NULL, NULL, 1, NULL, NULL, NULL, NULL, NULL, 1, NULL, NULL, NULL, 1, 1, NULL, NULL, NULL, '0', NULL, NULL, '201510482', '201510482', NULL, NULL, NULL, NULL, NULL, NULL, NULL, NULL, NULL, NULL, NULL, NULL, NULL, NULL, NULL, NULL, NULL, NULL, NULL, NULL, NULL, NULL, NULL, NULL, NULL, NULL, NULL, NULL, NULL, NULL, '2021-01-24 09:37:25', '2021-01-24 09:37:25', NULL, NULL, NULL, NULL, NULL, NULL, NULL, NULL, NULL, NULL, NULL, NULL, NULL, NULL),
(263, 'رؤى خالد محمد حسنين', '201510367', NULL, NULL, NULL, 1, NULL, NULL, NULL, NULL, NULL, 1, NULL, NULL, NULL, 1, 1, NULL, NULL, NULL, '0', NULL, NULL, '201510367', '201510367', NULL, NULL, NULL, NULL, NULL, NULL, NULL, NULL, NULL, NULL, NULL, NULL, NULL, NULL, NULL, NULL, NULL, NULL, NULL, NULL, NULL, NULL, NULL, NULL, NULL, NULL, NULL, NULL, NULL, NULL, '2021-01-24 09:37:25', '2021-01-24 09:37:25', NULL, NULL, NULL, NULL, NULL, NULL, NULL, NULL, NULL, NULL, NULL, NULL, NULL, NULL),
(264, 'راحيل القس مكسيموس رشدى', '201510608', NULL, NULL, NULL, 1, NULL, NULL, NULL, NULL, NULL, 1, NULL, NULL, NULL, 1, 1, NULL, NULL, NULL, '0', NULL, NULL, '201510608', '201510608', NULL, NULL, NULL, NULL, NULL, NULL, NULL, NULL, NULL, NULL, NULL, NULL, NULL, NULL, NULL, NULL, NULL, NULL, NULL, NULL, NULL, NULL, NULL, NULL, NULL, NULL, NULL, NULL, NULL, NULL, '2021-01-24 09:37:25', '2021-01-24 09:37:25', NULL, NULL, NULL, NULL, NULL, NULL, NULL, NULL, NULL, NULL, NULL, NULL, NULL, NULL),
(265, 'رامى جمال مستقيم غالى', '201510082', NULL, NULL, NULL, 1, NULL, NULL, NULL, NULL, NULL, 1, NULL, NULL, NULL, 1, 1, NULL, NULL, NULL, '0', NULL, NULL, '201510082', '201510082', NULL, NULL, NULL, NULL, NULL, NULL, NULL, NULL, NULL, NULL, NULL, NULL, NULL, NULL, NULL, NULL, NULL, NULL, NULL, NULL, NULL, NULL, NULL, NULL, NULL, NULL, NULL, NULL, NULL, NULL, '2021-01-24 09:37:25', '2021-01-24 09:37:25', NULL, NULL, NULL, NULL, NULL, NULL, NULL, NULL, NULL, NULL, NULL, NULL, NULL, NULL),
(266, 'رانيا جمعه عبدالغنى عمر', '201510555', NULL, NULL, NULL, 1, NULL, NULL, NULL, NULL, NULL, 1, NULL, NULL, NULL, 1, 1, NULL, NULL, NULL, '0', NULL, NULL, '201510555', '201510555', NULL, NULL, NULL, NULL, NULL, NULL, NULL, NULL, NULL, NULL, NULL, NULL, NULL, NULL, NULL, NULL, NULL, NULL, NULL, NULL, NULL, NULL, NULL, NULL, NULL, NULL, NULL, NULL, NULL, NULL, '2021-01-24 09:37:25', '2021-01-24 09:37:25', NULL, NULL, NULL, NULL, NULL, NULL, NULL, NULL, NULL, NULL, NULL, NULL, NULL, NULL),
(267, 'رانيا عاشور سعودى عبدالسلام', '201510513', NULL, NULL, NULL, 1, NULL, NULL, NULL, NULL, NULL, 1, NULL, NULL, NULL, 1, 1, NULL, NULL, NULL, '0', NULL, NULL, '201510513', '201510513', NULL, NULL, NULL, NULL, NULL, NULL, NULL, NULL, NULL, NULL, NULL, NULL, NULL, NULL, NULL, NULL, NULL, NULL, NULL, NULL, NULL, NULL, NULL, NULL, NULL, NULL, NULL, NULL, NULL, NULL, '2021-01-24 09:37:25', '2021-01-24 09:37:25', NULL, NULL, NULL, NULL, NULL, NULL, NULL, NULL, NULL, NULL, NULL, NULL, NULL, NULL),
(268, 'رانيا على حمدى امين', '201510619', NULL, NULL, NULL, 1, NULL, NULL, NULL, NULL, NULL, 1, NULL, NULL, NULL, 1, 1, NULL, NULL, NULL, '0', NULL, NULL, '201510619', '201510619', NULL, NULL, NULL, NULL, NULL, NULL, NULL, NULL, NULL, NULL, NULL, NULL, NULL, NULL, NULL, NULL, NULL, NULL, NULL, NULL, NULL, NULL, NULL, NULL, NULL, NULL, NULL, NULL, NULL, NULL, '2021-01-24 09:37:25', '2021-01-24 09:37:25', NULL, NULL, NULL, NULL, NULL, NULL, NULL, NULL, NULL, NULL, NULL, NULL, NULL, NULL),
(269, 'رانيا هلال راغب متى', '201510529', NULL, NULL, NULL, 1, NULL, NULL, NULL, NULL, NULL, 1, NULL, NULL, NULL, 1, 1, NULL, NULL, NULL, '0', NULL, NULL, '201510529', '201510529', NULL, NULL, NULL, NULL, NULL, NULL, NULL, NULL, NULL, NULL, NULL, NULL, NULL, NULL, NULL, NULL, NULL, NULL, NULL, NULL, NULL, NULL, NULL, NULL, NULL, NULL, NULL, NULL, NULL, NULL, '2021-01-24 09:37:25', '2021-01-24 09:37:25', NULL, NULL, NULL, NULL, NULL, NULL, NULL, NULL, NULL, NULL, NULL, NULL, NULL, NULL),
(270, 'رجب عزت عويس توفيق', '201510036', NULL, NULL, NULL, 1, NULL, NULL, NULL, NULL, NULL, 1, NULL, NULL, NULL, 1, 1, NULL, NULL, NULL, '0', NULL, NULL, '201510036', '201510036', NULL, NULL, NULL, NULL, NULL, NULL, NULL, NULL, NULL, NULL, NULL, NULL, NULL, NULL, NULL, NULL, NULL, NULL, NULL, NULL, NULL, NULL, NULL, NULL, NULL, NULL, NULL, NULL, NULL, NULL, '2021-01-24 09:37:25', '2021-01-24 09:37:25', NULL, NULL, NULL, NULL, NULL, NULL, NULL, NULL, NULL, NULL, NULL, NULL, NULL, NULL),
(271, 'رجب نبيل دعبس عبدالنبى', '201510269', NULL, NULL, NULL, 1, NULL, NULL, NULL, NULL, NULL, 1, NULL, NULL, NULL, 1, 1, NULL, NULL, NULL, '0', NULL, NULL, '201510269', '201510269', NULL, NULL, NULL, NULL, NULL, NULL, NULL, NULL, NULL, NULL, NULL, NULL, NULL, NULL, NULL, NULL, NULL, NULL, NULL, NULL, NULL, NULL, NULL, NULL, NULL, NULL, NULL, NULL, NULL, NULL, '2021-01-24 09:37:26', '2021-01-24 09:37:26', NULL, NULL, NULL, NULL, NULL, NULL, NULL, NULL, NULL, NULL, NULL, NULL, NULL, NULL),
(272, 'رحاب حسن متولى محمد', '201510606', NULL, NULL, NULL, 1, NULL, NULL, NULL, NULL, NULL, 1, NULL, NULL, NULL, 1, 1, NULL, NULL, NULL, '0', NULL, NULL, '201510606', '201510606', NULL, NULL, NULL, NULL, NULL, NULL, NULL, NULL, NULL, NULL, NULL, NULL, NULL, NULL, NULL, NULL, NULL, NULL, NULL, NULL, NULL, NULL, NULL, NULL, NULL, NULL, NULL, NULL, NULL, NULL, '2021-01-24 09:37:26', '2021-01-24 09:37:26', NULL, NULL, NULL, NULL, NULL, NULL, NULL, NULL, NULL, NULL, NULL, NULL, NULL, NULL),
(273, 'رحاب محمد احمد هاشم', '201510552', NULL, NULL, NULL, 1, NULL, NULL, NULL, NULL, NULL, 1, NULL, NULL, NULL, 1, 1, NULL, NULL, NULL, '0', NULL, NULL, '201510552', '201510552', NULL, NULL, NULL, NULL, NULL, NULL, NULL, NULL, NULL, NULL, NULL, NULL, NULL, NULL, NULL, NULL, NULL, NULL, NULL, NULL, NULL, NULL, NULL, NULL, NULL, NULL, NULL, NULL, NULL, NULL, '2021-01-24 09:37:26', '2021-01-24 09:37:26', NULL, NULL, NULL, NULL, NULL, NULL, NULL, NULL, NULL, NULL, NULL, NULL, NULL, NULL),
(274, 'رحاب محمد جابر شعبان', '201510446', NULL, NULL, NULL, 1, NULL, NULL, NULL, NULL, NULL, 1, NULL, NULL, NULL, 1, 1, NULL, NULL, NULL, '0', NULL, NULL, '201510446', '201510446', NULL, NULL, NULL, NULL, NULL, NULL, NULL, NULL, NULL, NULL, NULL, NULL, NULL, NULL, NULL, NULL, NULL, NULL, NULL, NULL, NULL, NULL, NULL, NULL, NULL, NULL, NULL, NULL, NULL, NULL, '2021-01-24 09:37:26', '2021-01-24 09:37:26', NULL, NULL, NULL, NULL, NULL, NULL, NULL, NULL, NULL, NULL, NULL, NULL, NULL, NULL),
(275, 'رحمه علاء الدين عبدالتواب حسين', '201510439', NULL, NULL, NULL, 1, NULL, NULL, NULL, NULL, NULL, 1, NULL, NULL, NULL, 1, 1, NULL, NULL, NULL, '0', NULL, NULL, '201510439', '201510439', NULL, NULL, NULL, NULL, NULL, NULL, NULL, NULL, NULL, NULL, NULL, NULL, NULL, NULL, NULL, NULL, NULL, NULL, NULL, NULL, NULL, NULL, NULL, NULL, NULL, NULL, NULL, NULL, NULL, NULL, '2021-01-24 09:37:26', '2021-01-24 09:37:26', NULL, NULL, NULL, NULL, NULL, NULL, NULL, NULL, NULL, NULL, NULL, NULL, NULL, NULL),
(276, 'رحمه محمد احمد فتح الباب', '201510594', NULL, NULL, NULL, 1, NULL, NULL, NULL, NULL, NULL, 1, NULL, NULL, NULL, 1, 1, NULL, NULL, NULL, '0', NULL, NULL, '201510594', '201510594', NULL, NULL, NULL, NULL, NULL, NULL, NULL, NULL, NULL, NULL, NULL, NULL, NULL, NULL, NULL, NULL, NULL, NULL, NULL, NULL, NULL, NULL, NULL, NULL, NULL, NULL, NULL, NULL, NULL, NULL, '2021-01-24 09:37:26', '2021-01-24 09:37:26', NULL, NULL, NULL, NULL, NULL, NULL, NULL, NULL, NULL, NULL, NULL, NULL, NULL, NULL),
(277, 'رحمه محمد كامل محمد', '201510115', NULL, NULL, NULL, 1, NULL, NULL, NULL, NULL, NULL, 1, NULL, NULL, NULL, 1, 1, NULL, NULL, NULL, '0', NULL, NULL, '201510115', '201510115', NULL, NULL, NULL, NULL, NULL, NULL, NULL, NULL, NULL, NULL, NULL, NULL, NULL, NULL, NULL, NULL, NULL, NULL, NULL, NULL, NULL, NULL, NULL, NULL, NULL, NULL, NULL, NULL, NULL, NULL, '2021-01-24 09:37:26', '2021-01-24 09:37:26', NULL, NULL, NULL, NULL, NULL, NULL, NULL, NULL, NULL, NULL, NULL, NULL, NULL, NULL),
(278, 'رشا مصطفى احمد على', '201510493', NULL, NULL, NULL, 1, NULL, NULL, NULL, NULL, NULL, 1, NULL, NULL, NULL, 1, 1, NULL, NULL, NULL, '0', NULL, NULL, '201510493', '201510493', NULL, NULL, NULL, NULL, NULL, NULL, NULL, NULL, NULL, NULL, NULL, NULL, NULL, NULL, NULL, NULL, NULL, NULL, NULL, NULL, NULL, NULL, NULL, NULL, NULL, NULL, NULL, NULL, NULL, NULL, '2021-01-24 09:37:26', '2021-01-24 09:37:26', NULL, NULL, NULL, NULL, NULL, NULL, NULL, NULL, NULL, NULL, NULL, NULL, NULL, NULL),
(279, 'رضوى شعبان عبدالمحسن احمد', '201510232', NULL, NULL, NULL, 1, NULL, NULL, NULL, NULL, NULL, 1, NULL, NULL, NULL, 1, 1, NULL, NULL, NULL, '0', NULL, NULL, '201510232', '201510232', NULL, NULL, NULL, NULL, NULL, NULL, NULL, NULL, NULL, NULL, NULL, NULL, NULL, NULL, NULL, NULL, NULL, NULL, NULL, NULL, NULL, NULL, NULL, NULL, NULL, NULL, NULL, NULL, NULL, NULL, '2021-01-24 09:37:26', '2021-01-24 09:37:26', NULL, NULL, NULL, NULL, NULL, NULL, NULL, NULL, NULL, NULL, NULL, NULL, NULL, NULL),
(280, 'رضوى مجدى محمد عمر', '201510692', NULL, NULL, NULL, 1, NULL, NULL, NULL, NULL, NULL, 1, NULL, NULL, NULL, 1, 1, NULL, NULL, NULL, '0', NULL, NULL, '201510692', '201510692', NULL, NULL, NULL, NULL, NULL, NULL, NULL, NULL, NULL, NULL, NULL, NULL, NULL, NULL, NULL, NULL, NULL, NULL, NULL, NULL, NULL, NULL, NULL, NULL, NULL, NULL, NULL, NULL, NULL, NULL, '2021-01-24 09:37:26', '2021-01-24 09:37:26', NULL, NULL, NULL, NULL, NULL, NULL, NULL, NULL, NULL, NULL, NULL, NULL, NULL, NULL),
(281, 'رضوى مختار محمود محمد', '201510603', NULL, NULL, NULL, 1, NULL, NULL, NULL, NULL, NULL, 1, NULL, NULL, NULL, 1, 1, NULL, NULL, NULL, '0', NULL, NULL, '201510603', '201510603', NULL, NULL, NULL, NULL, NULL, NULL, NULL, NULL, NULL, NULL, NULL, NULL, NULL, NULL, NULL, NULL, NULL, NULL, NULL, NULL, NULL, NULL, NULL, NULL, NULL, NULL, NULL, NULL, NULL, NULL, '2021-01-24 09:37:26', '2021-01-24 09:37:26', NULL, NULL, NULL, NULL, NULL, NULL, NULL, NULL, NULL, NULL, NULL, NULL, NULL, NULL),
(282, 'رمضان محمد امام محمد', '201510704', NULL, NULL, NULL, 1, NULL, NULL, NULL, NULL, NULL, 1, NULL, NULL, NULL, 1, 1, NULL, NULL, NULL, '0', NULL, NULL, '201510704', '201510704', NULL, NULL, NULL, NULL, NULL, NULL, NULL, NULL, NULL, NULL, NULL, NULL, NULL, NULL, NULL, NULL, NULL, NULL, NULL, NULL, NULL, NULL, NULL, NULL, NULL, NULL, NULL, NULL, NULL, NULL, '2021-01-24 09:37:26', '2021-01-24 09:37:26', NULL, NULL, NULL, NULL, NULL, NULL, NULL, NULL, NULL, NULL, NULL, NULL, NULL, NULL),
(283, 'رنا احمد بخيت محمد', '201510713', NULL, NULL, NULL, 1, NULL, NULL, NULL, NULL, NULL, 1, NULL, NULL, NULL, 1, 1, NULL, NULL, NULL, '0', NULL, NULL, '201510713', '201510713', NULL, NULL, NULL, NULL, NULL, NULL, NULL, NULL, NULL, NULL, NULL, NULL, NULL, NULL, NULL, NULL, NULL, NULL, NULL, NULL, NULL, NULL, NULL, NULL, NULL, NULL, NULL, NULL, NULL, NULL, '2021-01-24 09:37:26', '2021-01-24 09:37:26', NULL, NULL, NULL, NULL, NULL, NULL, NULL, NULL, NULL, NULL, NULL, NULL, NULL, NULL),
(284, 'روان معتز زين العابدين محمد', '201510094', NULL, NULL, NULL, 1, NULL, NULL, NULL, NULL, NULL, 1, NULL, NULL, NULL, 1, 1, NULL, NULL, NULL, '0', NULL, NULL, '201510094', '201510094', NULL, NULL, NULL, NULL, NULL, NULL, NULL, NULL, NULL, NULL, NULL, NULL, NULL, NULL, NULL, NULL, NULL, NULL, NULL, NULL, NULL, NULL, NULL, NULL, NULL, NULL, NULL, NULL, NULL, NULL, '2021-01-24 09:37:26', '2021-01-24 09:37:26', NULL, NULL, NULL, NULL, NULL, NULL, NULL, NULL, NULL, NULL, NULL, NULL, NULL, NULL),
(285, 'ريهام امره ابوسريع احمد', '201510226', NULL, NULL, NULL, 1, NULL, NULL, NULL, NULL, NULL, 1, NULL, NULL, NULL, 1, 1, NULL, NULL, NULL, '0', NULL, NULL, '201510226', '201510226', NULL, NULL, NULL, NULL, NULL, NULL, NULL, NULL, NULL, NULL, NULL, NULL, NULL, NULL, NULL, NULL, NULL, NULL, NULL, NULL, NULL, NULL, NULL, NULL, NULL, NULL, NULL, NULL, NULL, NULL, '2021-01-24 09:37:26', '2021-01-24 09:37:26', NULL, NULL, NULL, NULL, NULL, NULL, NULL, NULL, NULL, NULL, NULL, NULL, NULL, NULL),
(286, 'ريهام عماد احمد على', '201510317', NULL, NULL, NULL, 1, NULL, NULL, NULL, NULL, NULL, 1, NULL, NULL, NULL, 1, 1, NULL, NULL, NULL, '0', NULL, NULL, '201510317', '201510317', NULL, NULL, NULL, NULL, NULL, NULL, NULL, NULL, NULL, NULL, NULL, NULL, NULL, NULL, NULL, NULL, NULL, NULL, NULL, NULL, NULL, NULL, NULL, NULL, NULL, NULL, NULL, NULL, NULL, NULL, '2021-01-24 09:37:26', '2021-01-24 09:37:26', NULL, NULL, NULL, NULL, NULL, NULL, NULL, NULL, NULL, NULL, NULL, NULL, NULL, NULL),
(287, 'ريهام محمود محمد على', '201510531', NULL, NULL, NULL, 1, NULL, NULL, NULL, NULL, NULL, 1, NULL, NULL, NULL, 1, 1, NULL, NULL, NULL, '0', NULL, NULL, '201510531', '201510531', NULL, NULL, NULL, NULL, NULL, NULL, NULL, NULL, NULL, NULL, NULL, NULL, NULL, NULL, NULL, NULL, NULL, NULL, NULL, NULL, NULL, NULL, NULL, NULL, NULL, NULL, NULL, NULL, NULL, NULL, '2021-01-24 09:37:26', '2021-01-24 09:37:26', NULL, NULL, NULL, NULL, NULL, NULL, NULL, NULL, NULL, NULL, NULL, NULL, NULL, NULL),
(288, 'زياد عبدالتواب على محمد', '201510305', NULL, NULL, NULL, 1, NULL, NULL, NULL, NULL, NULL, 1, NULL, NULL, NULL, 1, 1, NULL, NULL, NULL, '0', NULL, NULL, '201510305', '201510305', NULL, NULL, NULL, NULL, NULL, NULL, NULL, NULL, NULL, NULL, NULL, NULL, NULL, NULL, NULL, NULL, NULL, NULL, NULL, NULL, NULL, NULL, NULL, NULL, NULL, NULL, NULL, NULL, NULL, NULL, '2021-01-24 09:37:26', '2021-01-24 09:37:26', NULL, NULL, NULL, NULL, NULL, NULL, NULL, NULL, NULL, NULL, NULL, NULL, NULL, NULL),
(289, 'زينب رضا على على', '201510113', NULL, NULL, NULL, 1, NULL, NULL, NULL, NULL, NULL, 1, NULL, NULL, NULL, 1, 1, NULL, NULL, NULL, '0', NULL, NULL, '201510113', '201510113', NULL, NULL, NULL, NULL, NULL, NULL, NULL, NULL, NULL, NULL, NULL, NULL, NULL, NULL, NULL, NULL, NULL, NULL, NULL, NULL, NULL, NULL, NULL, NULL, NULL, NULL, NULL, NULL, NULL, NULL, '2021-01-24 09:37:26', '2021-01-24 09:37:26', NULL, NULL, NULL, NULL, NULL, NULL, NULL, NULL, NULL, NULL, NULL, NULL, NULL, NULL),
(290, 'ساره ابوالدهب ابوالدهب عارف', '201510147', NULL, NULL, NULL, 1, NULL, NULL, NULL, NULL, NULL, 1, NULL, NULL, NULL, 1, 1, NULL, NULL, NULL, '0', NULL, NULL, '201510147', '201510147', NULL, NULL, NULL, NULL, NULL, NULL, NULL, NULL, NULL, NULL, NULL, NULL, NULL, NULL, NULL, NULL, NULL, NULL, NULL, NULL, NULL, NULL, NULL, NULL, NULL, NULL, NULL, NULL, NULL, NULL, '2021-01-24 09:37:26', '2021-01-24 09:37:26', NULL, NULL, NULL, NULL, NULL, NULL, NULL, NULL, NULL, NULL, NULL, NULL, NULL, NULL),
(291, 'ساره احمد محمد عبدالصمد', '201510443', NULL, NULL, NULL, 1, NULL, NULL, NULL, NULL, NULL, 1, NULL, NULL, NULL, 1, 1, NULL, NULL, NULL, '0', NULL, NULL, '201510443', '201510443', NULL, NULL, NULL, NULL, NULL, NULL, NULL, NULL, NULL, NULL, NULL, NULL, NULL, NULL, NULL, NULL, NULL, NULL, NULL, NULL, NULL, NULL, NULL, NULL, NULL, NULL, NULL, NULL, NULL, NULL, '2021-01-24 09:37:26', '2021-01-24 09:37:26', NULL, NULL, NULL, NULL, NULL, NULL, NULL, NULL, NULL, NULL, NULL, NULL, NULL, NULL),
(292, 'ساره خالد محمد هاشم', '201510284', NULL, NULL, NULL, 1, NULL, NULL, NULL, NULL, NULL, 1, NULL, NULL, NULL, 1, 1, NULL, NULL, NULL, '0', NULL, NULL, '201510284', '201510284', NULL, NULL, NULL, NULL, NULL, NULL, NULL, NULL, NULL, NULL, NULL, NULL, NULL, NULL, NULL, NULL, NULL, NULL, NULL, NULL, NULL, NULL, NULL, NULL, NULL, NULL, NULL, NULL, NULL, NULL, '2021-01-24 09:37:26', '2021-01-24 09:37:26', NULL, NULL, NULL, NULL, NULL, NULL, NULL, NULL, NULL, NULL, NULL, NULL, NULL, NULL),
(293, 'ساره سعيد محمود حسن', '201510319', NULL, NULL, NULL, 1, NULL, NULL, NULL, NULL, NULL, 1, NULL, NULL, NULL, 1, 1, NULL, NULL, NULL, '0', NULL, NULL, '201510319', '201510319', NULL, NULL, NULL, NULL, NULL, NULL, NULL, NULL, NULL, NULL, NULL, NULL, NULL, NULL, NULL, NULL, NULL, NULL, NULL, NULL, NULL, NULL, NULL, NULL, NULL, NULL, NULL, NULL, NULL, NULL, '2021-01-24 09:37:26', '2021-01-24 09:37:26', NULL, NULL, NULL, NULL, NULL, NULL, NULL, NULL, NULL, NULL, NULL, NULL, NULL, NULL);
INSERT INTO `students` (`id`, `name`, `code`, `nationality_id`, `set_number`, `gender`, `academic_years_id`, `registeration_date`, `qualification_types_id`, `qualification_date`, `qualification_id`, `qualification_set_number`, `division_id`, `language_1_id`, `language_2_id`, `city_id`, `level_id`, `department_id`, `government_id`, `country_id`, `religion`, `military_course_status`, `military_status_id`, `military_area_id`, `national_id`, `password`, `grade`, `triple_number`, `address`, `birth_address`, `phone_1`, `registration_status_id`, `registration_method_id`, `national_id_date`, `national_id_place`, `parent_name`, `parent_national_id`, `parent_job_id`, `parent_address`, `parent_phone`, `recommendation_card`, `qualification_certificate`, `birth_certificate`, `personal_identification_photo`, `personal_photo`, `model_2_jund`, `model_6_jund`, `receipt_letter`, `estimates_statement`, `case_status`, `degree_status`, `egyptians_lab_speechs`, `system_academic_year_id`, `azhar_grade`, `constraint_status_id`, `case_constraint_id`, `created_at`, `updated_at`, `notes`, `application_id`, `email`, `relative_relation_id`, `acceptance_code`, `acceptance_date`, `is_application`, `application_code`, `writen_by`, `is_refund`, `api_token`, `phone`, `username`, `password_`) VALUES
(294, 'ساره عزت جابر عبدالعال', '201510348', NULL, NULL, NULL, 1, NULL, NULL, NULL, NULL, NULL, 1, NULL, NULL, NULL, 1, 1, NULL, NULL, NULL, '0', NULL, NULL, '201510348', '201510348', NULL, NULL, NULL, NULL, NULL, NULL, NULL, NULL, NULL, NULL, NULL, NULL, NULL, NULL, NULL, NULL, NULL, NULL, NULL, NULL, NULL, NULL, NULL, NULL, NULL, NULL, NULL, NULL, NULL, NULL, '2021-01-24 09:37:26', '2021-01-24 09:37:26', NULL, NULL, NULL, NULL, NULL, NULL, NULL, NULL, NULL, NULL, NULL, NULL, NULL, NULL),
(295, 'ساره محمد مصطفى محمد', '201510253', NULL, NULL, NULL, 1, NULL, NULL, NULL, NULL, NULL, 1, NULL, NULL, NULL, 1, 1, NULL, NULL, NULL, '0', NULL, NULL, '201510253', '201510253', NULL, NULL, NULL, NULL, NULL, NULL, NULL, NULL, NULL, NULL, NULL, NULL, NULL, NULL, NULL, NULL, NULL, NULL, NULL, NULL, NULL, NULL, NULL, NULL, NULL, NULL, NULL, NULL, NULL, NULL, '2021-01-24 09:37:26', '2021-01-24 09:37:26', NULL, NULL, NULL, NULL, NULL, NULL, NULL, NULL, NULL, NULL, NULL, NULL, NULL, NULL),
(296, 'ساره وجيه صالح عبدالسيد', '201510073', NULL, NULL, NULL, 1, NULL, NULL, NULL, NULL, NULL, 1, NULL, NULL, NULL, 1, 1, NULL, NULL, NULL, '0', NULL, NULL, '201510073', '201510073', NULL, NULL, NULL, NULL, NULL, NULL, NULL, NULL, NULL, NULL, NULL, NULL, NULL, NULL, NULL, NULL, NULL, NULL, NULL, NULL, NULL, NULL, NULL, NULL, NULL, NULL, NULL, NULL, NULL, NULL, '2021-01-24 09:37:26', '2021-01-24 09:37:26', NULL, NULL, NULL, NULL, NULL, NULL, NULL, NULL, NULL, NULL, NULL, NULL, NULL, NULL),
(297, 'ساندى جمال فوزى ميخائيل', '201510213', NULL, NULL, NULL, 1, NULL, NULL, NULL, NULL, NULL, 1, NULL, NULL, NULL, 1, 1, NULL, NULL, NULL, '0', NULL, NULL, '201510213', '201510213', NULL, NULL, NULL, NULL, NULL, NULL, NULL, NULL, NULL, NULL, NULL, NULL, NULL, NULL, NULL, NULL, NULL, NULL, NULL, NULL, NULL, NULL, NULL, NULL, NULL, NULL, NULL, NULL, NULL, NULL, '2021-01-24 09:37:26', '2021-01-24 09:37:26', NULL, NULL, NULL, NULL, NULL, NULL, NULL, NULL, NULL, NULL, NULL, NULL, NULL, NULL),
(298, 'سعديه رمضان خميس رزق', '201510623', NULL, NULL, NULL, 1, NULL, NULL, NULL, NULL, NULL, 1, NULL, NULL, NULL, 1, 1, NULL, NULL, NULL, '0', NULL, NULL, '201510623', '201510623', NULL, NULL, NULL, NULL, NULL, NULL, NULL, NULL, NULL, NULL, NULL, NULL, NULL, NULL, NULL, NULL, NULL, NULL, NULL, NULL, NULL, NULL, NULL, NULL, NULL, NULL, NULL, NULL, NULL, NULL, '2021-01-24 09:37:26', '2021-01-24 09:37:26', NULL, NULL, NULL, NULL, NULL, NULL, NULL, NULL, NULL, NULL, NULL, NULL, NULL, NULL),
(299, 'سلسبيل احمد السيد على', '201510500', NULL, NULL, NULL, 1, NULL, NULL, NULL, NULL, NULL, 1, NULL, NULL, NULL, 1, 1, NULL, NULL, NULL, '0', NULL, NULL, '201510500', '201510500', NULL, NULL, NULL, NULL, NULL, NULL, NULL, NULL, NULL, NULL, NULL, NULL, NULL, NULL, NULL, NULL, NULL, NULL, NULL, NULL, NULL, NULL, NULL, NULL, NULL, NULL, NULL, NULL, NULL, NULL, '2021-01-24 09:37:26', '2021-01-24 09:37:26', NULL, NULL, NULL, NULL, NULL, NULL, NULL, NULL, NULL, NULL, NULL, NULL, NULL, NULL),
(300, 'سلسبيل عبدالعظيم عبدالموجود عبدالحميد', '201510211', NULL, NULL, NULL, 1, NULL, NULL, NULL, NULL, NULL, 1, NULL, NULL, NULL, 1, 1, NULL, NULL, NULL, '0', NULL, NULL, '201510211', '201510211', NULL, NULL, NULL, NULL, NULL, NULL, NULL, NULL, NULL, NULL, NULL, NULL, NULL, NULL, NULL, NULL, NULL, NULL, NULL, NULL, NULL, NULL, NULL, NULL, NULL, NULL, NULL, NULL, NULL, NULL, '2021-01-24 09:37:26', '2021-01-24 09:37:26', NULL, NULL, NULL, NULL, NULL, NULL, NULL, NULL, NULL, NULL, NULL, NULL, NULL, NULL),
(301, 'سلمى احمد فرج على', '201510056', NULL, NULL, NULL, 1, NULL, NULL, NULL, NULL, NULL, 1, NULL, NULL, NULL, 1, 1, NULL, NULL, NULL, '0', NULL, NULL, '201510056', '201510056', NULL, NULL, NULL, NULL, NULL, NULL, NULL, NULL, NULL, NULL, NULL, NULL, NULL, NULL, NULL, NULL, NULL, NULL, NULL, NULL, NULL, NULL, NULL, NULL, NULL, NULL, NULL, NULL, NULL, NULL, '2021-01-24 09:37:26', '2021-01-24 09:37:26', NULL, NULL, NULL, NULL, NULL, NULL, NULL, NULL, NULL, NULL, NULL, NULL, NULL, NULL),
(302, 'سلمى كمال حسنى محمود', '201510012', NULL, NULL, NULL, 1, NULL, NULL, NULL, NULL, NULL, 1, NULL, NULL, NULL, 1, 1, NULL, NULL, NULL, '0', NULL, NULL, '201510012', '201510012', NULL, NULL, NULL, NULL, NULL, NULL, NULL, NULL, NULL, NULL, NULL, NULL, NULL, NULL, NULL, NULL, NULL, NULL, NULL, NULL, NULL, NULL, NULL, NULL, NULL, NULL, NULL, NULL, NULL, NULL, '2021-01-24 09:37:26', '2021-01-24 09:37:26', NULL, NULL, NULL, NULL, NULL, NULL, NULL, NULL, NULL, NULL, NULL, NULL, NULL, NULL),
(303, 'سلوى طلعت عبدالشهيد بطرس', '201510044', NULL, NULL, NULL, 1, NULL, NULL, NULL, NULL, NULL, 1, NULL, NULL, NULL, 1, 1, NULL, NULL, NULL, '0', NULL, NULL, '201510044', '201510044', NULL, NULL, NULL, NULL, NULL, NULL, NULL, NULL, NULL, NULL, NULL, NULL, NULL, NULL, NULL, NULL, NULL, NULL, NULL, NULL, NULL, NULL, NULL, NULL, NULL, NULL, NULL, NULL, NULL, NULL, '2021-01-24 09:37:26', '2021-01-24 09:37:26', NULL, NULL, NULL, NULL, NULL, NULL, NULL, NULL, NULL, NULL, NULL, NULL, NULL, NULL),
(304, 'سليمان طارق عبدالتواب سليمان', '201510635', NULL, NULL, NULL, 1, NULL, NULL, NULL, NULL, NULL, 1, NULL, NULL, NULL, 1, 1, NULL, NULL, NULL, '0', NULL, NULL, '201510635', '201510635', NULL, NULL, NULL, NULL, NULL, NULL, NULL, NULL, NULL, NULL, NULL, NULL, NULL, NULL, NULL, NULL, NULL, NULL, NULL, NULL, NULL, NULL, NULL, NULL, NULL, NULL, NULL, NULL, NULL, NULL, '2021-01-24 09:37:26', '2021-01-24 09:37:26', NULL, NULL, NULL, NULL, NULL, NULL, NULL, NULL, NULL, NULL, NULL, NULL, NULL, NULL),
(305, 'سماح سيد عبود سيد', '201510402', NULL, NULL, NULL, 1, NULL, NULL, NULL, NULL, NULL, 1, NULL, NULL, NULL, 1, 1, NULL, NULL, NULL, '0', NULL, NULL, '201510402', '201510402', NULL, NULL, NULL, NULL, NULL, NULL, NULL, NULL, NULL, NULL, NULL, NULL, NULL, NULL, NULL, NULL, NULL, NULL, NULL, NULL, NULL, NULL, NULL, NULL, NULL, NULL, NULL, NULL, NULL, NULL, '2021-01-24 09:37:26', '2021-01-24 09:37:26', NULL, NULL, NULL, NULL, NULL, NULL, NULL, NULL, NULL, NULL, NULL, NULL, NULL, NULL),
(306, 'سمر اسامه احمد محمد', '201510110', NULL, NULL, NULL, 1, NULL, NULL, NULL, NULL, NULL, 1, NULL, NULL, NULL, 1, 1, NULL, NULL, NULL, '0', NULL, NULL, '201510110', '201510110', NULL, NULL, NULL, NULL, NULL, NULL, NULL, NULL, NULL, NULL, NULL, NULL, NULL, NULL, NULL, NULL, NULL, NULL, NULL, NULL, NULL, NULL, NULL, NULL, NULL, NULL, NULL, NULL, NULL, NULL, '2021-01-24 09:37:26', '2021-01-24 09:37:26', NULL, NULL, NULL, NULL, NULL, NULL, NULL, NULL, NULL, NULL, NULL, NULL, NULL, NULL),
(307, 'سمر ربيع صلاح عبدالغنى', '201510257', NULL, NULL, NULL, 1, NULL, NULL, NULL, NULL, NULL, 1, NULL, NULL, NULL, 1, 1, NULL, NULL, NULL, '0', NULL, NULL, '201510257', '201510257', NULL, NULL, NULL, NULL, NULL, NULL, NULL, NULL, NULL, NULL, NULL, NULL, NULL, NULL, NULL, NULL, NULL, NULL, NULL, NULL, NULL, NULL, NULL, NULL, NULL, NULL, NULL, NULL, NULL, NULL, '2021-01-24 09:37:26', '2021-01-24 09:37:26', NULL, NULL, NULL, NULL, NULL, NULL, NULL, NULL, NULL, NULL, NULL, NULL, NULL, NULL),
(308, 'سمر سامى كامل ملوكه', '201510643', NULL, NULL, NULL, 1, NULL, NULL, NULL, NULL, NULL, 1, NULL, NULL, NULL, 1, 1, NULL, NULL, NULL, '0', NULL, NULL, '201510643', '201510643', NULL, NULL, NULL, NULL, NULL, NULL, NULL, NULL, NULL, NULL, NULL, NULL, NULL, NULL, NULL, NULL, NULL, NULL, NULL, NULL, NULL, NULL, NULL, NULL, NULL, NULL, NULL, NULL, NULL, NULL, '2021-01-24 09:37:26', '2021-01-24 09:37:26', NULL, NULL, NULL, NULL, NULL, NULL, NULL, NULL, NULL, NULL, NULL, NULL, NULL, NULL),
(309, 'سمر محمد عاشور محمد', '201510074', NULL, NULL, NULL, 1, NULL, NULL, NULL, NULL, NULL, 1, NULL, NULL, NULL, 1, 1, NULL, NULL, NULL, '0', NULL, NULL, '201510074', '201510074', NULL, NULL, NULL, NULL, NULL, NULL, NULL, NULL, NULL, NULL, NULL, NULL, NULL, NULL, NULL, NULL, NULL, NULL, NULL, NULL, NULL, NULL, NULL, NULL, NULL, NULL, NULL, NULL, NULL, NULL, '2021-01-24 09:37:26', '2021-01-24 09:37:26', NULL, NULL, NULL, NULL, NULL, NULL, NULL, NULL, NULL, NULL, NULL, NULL, NULL, NULL),
(310, 'سمر ممدوح زكى حسب', '201510122', NULL, NULL, NULL, 1, NULL, NULL, NULL, NULL, NULL, 1, NULL, NULL, NULL, 1, 1, NULL, NULL, NULL, '0', NULL, NULL, '201510122', '201510122', NULL, NULL, NULL, NULL, NULL, NULL, NULL, NULL, NULL, NULL, NULL, NULL, NULL, NULL, NULL, NULL, NULL, NULL, NULL, NULL, NULL, NULL, NULL, NULL, NULL, NULL, NULL, NULL, NULL, NULL, '2021-01-24 09:37:26', '2021-01-24 09:37:26', NULL, NULL, NULL, NULL, NULL, NULL, NULL, NULL, NULL, NULL, NULL, NULL, NULL, NULL),
(311, 'سميره سعيد عبدالنعيم السيد', '201510242', NULL, NULL, NULL, 1, NULL, NULL, NULL, NULL, NULL, 1, NULL, NULL, NULL, 1, 1, NULL, NULL, NULL, '0', NULL, NULL, '201510242', '201510242', NULL, NULL, NULL, NULL, NULL, NULL, NULL, NULL, NULL, NULL, NULL, NULL, NULL, NULL, NULL, NULL, NULL, NULL, NULL, NULL, NULL, NULL, NULL, NULL, NULL, NULL, NULL, NULL, NULL, NULL, '2021-01-24 09:37:26', '2021-01-24 09:37:26', NULL, NULL, NULL, NULL, NULL, NULL, NULL, NULL, NULL, NULL, NULL, NULL, NULL, NULL),
(312, 'سميره سعيد محمد دكرورى', '201510394', NULL, NULL, NULL, 1, NULL, NULL, NULL, NULL, NULL, 1, NULL, NULL, NULL, 1, 1, NULL, NULL, NULL, '0', NULL, NULL, '201510394', '201510394', NULL, NULL, NULL, NULL, NULL, NULL, NULL, NULL, NULL, NULL, NULL, NULL, NULL, NULL, NULL, NULL, NULL, NULL, NULL, NULL, NULL, NULL, NULL, NULL, NULL, NULL, NULL, NULL, NULL, NULL, '2021-01-24 09:37:26', '2021-01-24 09:37:26', NULL, NULL, NULL, NULL, NULL, NULL, NULL, NULL, NULL, NULL, NULL, NULL, NULL, NULL),
(313, 'سميه صادق سيد صادق', '201510536', NULL, NULL, NULL, 1, NULL, NULL, NULL, NULL, NULL, 1, NULL, NULL, NULL, 1, 1, NULL, NULL, NULL, '0', NULL, NULL, '201510536', '201510536', NULL, NULL, NULL, NULL, NULL, NULL, NULL, NULL, NULL, NULL, NULL, NULL, NULL, NULL, NULL, NULL, NULL, NULL, NULL, NULL, NULL, NULL, NULL, NULL, NULL, NULL, NULL, NULL, NULL, NULL, '2021-01-24 09:37:26', '2021-01-24 09:37:26', NULL, NULL, NULL, NULL, NULL, NULL, NULL, NULL, NULL, NULL, NULL, NULL, NULL, NULL),
(314, 'سناء محمد حسن صالح', '201510454', NULL, NULL, NULL, 1, NULL, NULL, NULL, NULL, NULL, 1, NULL, NULL, NULL, 1, 1, NULL, NULL, NULL, '0', NULL, NULL, '201510454', '201510454', NULL, NULL, NULL, NULL, NULL, NULL, NULL, NULL, NULL, NULL, NULL, NULL, NULL, NULL, NULL, NULL, NULL, NULL, NULL, NULL, NULL, NULL, NULL, NULL, NULL, NULL, NULL, NULL, NULL, NULL, '2021-01-24 09:37:26', '2021-01-24 09:37:26', NULL, NULL, NULL, NULL, NULL, NULL, NULL, NULL, NULL, NULL, NULL, NULL, NULL, NULL),
(315, 'سندس محمد سعد موسى', '201510661', NULL, NULL, NULL, 1, NULL, NULL, NULL, NULL, NULL, 1, NULL, NULL, NULL, 1, 1, NULL, NULL, NULL, '0', NULL, NULL, '201510661', '201510661', NULL, NULL, NULL, NULL, NULL, NULL, NULL, NULL, NULL, NULL, NULL, NULL, NULL, NULL, NULL, NULL, NULL, NULL, NULL, NULL, NULL, NULL, NULL, NULL, NULL, NULL, NULL, NULL, NULL, NULL, '2021-01-24 09:37:27', '2021-01-24 09:37:27', NULL, NULL, NULL, NULL, NULL, NULL, NULL, NULL, NULL, NULL, NULL, NULL, NULL, NULL),
(316, 'سها عصام ابوبكر قرنى', '201510086', NULL, NULL, NULL, 1, NULL, NULL, NULL, NULL, NULL, 1, NULL, NULL, NULL, 1, 1, NULL, NULL, NULL, '0', NULL, NULL, '201510086', '201510086', NULL, NULL, NULL, NULL, NULL, NULL, NULL, NULL, NULL, NULL, NULL, NULL, NULL, NULL, NULL, NULL, NULL, NULL, NULL, NULL, NULL, NULL, NULL, NULL, NULL, NULL, NULL, NULL, NULL, NULL, '2021-01-24 09:37:27', '2021-01-24 09:37:27', NULL, NULL, NULL, NULL, NULL, NULL, NULL, NULL, NULL, NULL, NULL, NULL, NULL, NULL),
(317, 'سهيله عبدالناصر محمد محمود', '201510351', NULL, NULL, NULL, 1, NULL, NULL, NULL, NULL, NULL, 1, NULL, NULL, NULL, 1, 1, NULL, NULL, NULL, '0', NULL, NULL, '201510351', '201510351', NULL, NULL, NULL, NULL, NULL, NULL, NULL, NULL, NULL, NULL, NULL, NULL, NULL, NULL, NULL, NULL, NULL, NULL, NULL, NULL, NULL, NULL, NULL, NULL, NULL, NULL, NULL, NULL, NULL, NULL, '2021-01-24 09:37:27', '2021-01-24 09:37:27', NULL, NULL, NULL, NULL, NULL, NULL, NULL, NULL, NULL, NULL, NULL, NULL, NULL, NULL),
(318, 'شادى جمال عبدالستار شلقامى', '201410408', NULL, NULL, NULL, 1, NULL, NULL, NULL, NULL, NULL, 1, NULL, NULL, NULL, 1, 1, NULL, NULL, NULL, '0', NULL, NULL, '201410408', '201410408', NULL, NULL, NULL, NULL, NULL, NULL, NULL, NULL, NULL, NULL, NULL, NULL, NULL, NULL, NULL, NULL, NULL, NULL, NULL, NULL, NULL, NULL, NULL, NULL, NULL, NULL, NULL, NULL, NULL, NULL, '2021-01-24 09:37:27', '2021-01-24 09:37:27', NULL, NULL, NULL, NULL, NULL, NULL, NULL, NULL, NULL, NULL, NULL, NULL, NULL, NULL),
(319, 'شاهندا محمد رضى عزيز', '201510045', NULL, NULL, NULL, 1, NULL, NULL, NULL, NULL, NULL, 1, NULL, NULL, NULL, 1, 1, NULL, NULL, NULL, '0', NULL, NULL, '201510045', '201510045', NULL, NULL, NULL, NULL, NULL, NULL, NULL, NULL, NULL, NULL, NULL, NULL, NULL, NULL, NULL, NULL, NULL, NULL, NULL, NULL, NULL, NULL, NULL, NULL, NULL, NULL, NULL, NULL, NULL, NULL, '2021-01-24 09:37:27', '2021-01-24 09:37:27', NULL, NULL, NULL, NULL, NULL, NULL, NULL, NULL, NULL, NULL, NULL, NULL, NULL, NULL),
(320, 'شروق حماده عبدالقادر لطيف', '201510505', NULL, NULL, NULL, 1, NULL, NULL, NULL, NULL, NULL, 1, NULL, NULL, NULL, 1, 1, NULL, NULL, NULL, '0', NULL, NULL, '201510505', '201510505', NULL, NULL, NULL, NULL, NULL, NULL, NULL, NULL, NULL, NULL, NULL, NULL, NULL, NULL, NULL, NULL, NULL, NULL, NULL, NULL, NULL, NULL, NULL, NULL, NULL, NULL, NULL, NULL, NULL, NULL, '2021-01-24 09:37:27', '2021-01-24 09:37:27', NULL, NULL, NULL, NULL, NULL, NULL, NULL, NULL, NULL, NULL, NULL, NULL, NULL, NULL),
(321, 'شريف حسين محمد حسين', '201510202', NULL, NULL, NULL, 1, NULL, NULL, NULL, NULL, NULL, 1, NULL, NULL, NULL, 1, 1, NULL, NULL, NULL, '0', NULL, NULL, '201510202', '201510202', NULL, NULL, NULL, NULL, NULL, NULL, NULL, NULL, NULL, NULL, NULL, NULL, NULL, NULL, NULL, NULL, NULL, NULL, NULL, NULL, NULL, NULL, NULL, NULL, NULL, NULL, NULL, NULL, NULL, NULL, '2021-01-24 09:37:27', '2021-01-24 09:37:27', NULL, NULL, NULL, NULL, NULL, NULL, NULL, NULL, NULL, NULL, NULL, NULL, NULL, NULL),
(322, 'شريف خالد عبدالعزيز احمد', '201510145', NULL, NULL, NULL, 1, NULL, NULL, NULL, NULL, NULL, 1, NULL, NULL, NULL, 1, 1, NULL, NULL, NULL, '0', NULL, NULL, '201510145', '201510145', NULL, NULL, NULL, NULL, NULL, NULL, NULL, NULL, NULL, NULL, NULL, NULL, NULL, NULL, NULL, NULL, NULL, NULL, NULL, NULL, NULL, NULL, NULL, NULL, NULL, NULL, NULL, NULL, NULL, NULL, '2021-01-24 09:37:27', '2021-01-24 09:37:27', NULL, NULL, NULL, NULL, NULL, NULL, NULL, NULL, NULL, NULL, NULL, NULL, NULL, NULL),
(323, 'شريف محمد على محمد فارس', '201510181', NULL, NULL, NULL, 1, NULL, NULL, NULL, NULL, NULL, 1, NULL, NULL, NULL, 1, 1, NULL, NULL, NULL, '0', NULL, NULL, '201510181', '201510181', NULL, NULL, NULL, NULL, NULL, NULL, NULL, NULL, NULL, NULL, NULL, NULL, NULL, NULL, NULL, NULL, NULL, NULL, NULL, NULL, NULL, NULL, NULL, NULL, NULL, NULL, NULL, NULL, NULL, NULL, '2021-01-24 09:37:27', '2021-01-24 09:37:27', NULL, NULL, NULL, NULL, NULL, NULL, NULL, NULL, NULL, NULL, NULL, NULL, NULL, NULL),
(324, 'شريفه احمد طنطاوى محمد', '201510647', NULL, NULL, NULL, 1, NULL, NULL, NULL, NULL, NULL, 1, NULL, NULL, NULL, 1, 1, NULL, NULL, NULL, '0', NULL, NULL, '201510647', '201510647', NULL, NULL, NULL, NULL, NULL, NULL, NULL, NULL, NULL, NULL, NULL, NULL, NULL, NULL, NULL, NULL, NULL, NULL, NULL, NULL, NULL, NULL, NULL, NULL, NULL, NULL, NULL, NULL, NULL, NULL, '2021-01-24 09:37:27', '2021-01-24 09:37:27', NULL, NULL, NULL, NULL, NULL, NULL, NULL, NULL, NULL, NULL, NULL, NULL, NULL, NULL),
(325, 'شريهان عثمان عباس عبدالحميد', '201510508', NULL, NULL, NULL, 1, NULL, NULL, NULL, NULL, NULL, 1, NULL, NULL, NULL, 1, 1, NULL, NULL, NULL, '0', NULL, NULL, '201510508', '201510508', NULL, NULL, NULL, NULL, NULL, NULL, NULL, NULL, NULL, NULL, NULL, NULL, NULL, NULL, NULL, NULL, NULL, NULL, NULL, NULL, NULL, NULL, NULL, NULL, NULL, NULL, NULL, NULL, NULL, NULL, '2021-01-24 09:37:27', '2021-01-24 09:37:27', NULL, NULL, NULL, NULL, NULL, NULL, NULL, NULL, NULL, NULL, NULL, NULL, NULL, NULL),
(326, 'شعبان على شعبان طه', '201510587', NULL, NULL, NULL, 1, NULL, NULL, NULL, NULL, NULL, 1, NULL, NULL, NULL, 1, 1, NULL, NULL, NULL, '0', NULL, NULL, '201510587', '201510587', NULL, NULL, NULL, NULL, NULL, NULL, NULL, NULL, NULL, NULL, NULL, NULL, NULL, NULL, NULL, NULL, NULL, NULL, NULL, NULL, NULL, NULL, NULL, NULL, NULL, NULL, NULL, NULL, NULL, NULL, '2021-01-24 09:37:27', '2021-01-24 09:37:27', NULL, NULL, NULL, NULL, NULL, NULL, NULL, NULL, NULL, NULL, NULL, NULL, NULL, NULL),
(327, 'شهاب هشام محمود عبدالجليل', '201510395', NULL, NULL, NULL, 1, NULL, NULL, NULL, NULL, NULL, 1, NULL, NULL, NULL, 1, 1, NULL, NULL, NULL, '0', NULL, NULL, '201510395', '201510395', NULL, NULL, NULL, NULL, NULL, NULL, NULL, NULL, NULL, NULL, NULL, NULL, NULL, NULL, NULL, NULL, NULL, NULL, NULL, NULL, NULL, NULL, NULL, NULL, NULL, NULL, NULL, NULL, NULL, NULL, '2021-01-24 09:37:27', '2021-01-24 09:37:27', NULL, NULL, NULL, NULL, NULL, NULL, NULL, NULL, NULL, NULL, NULL, NULL, NULL, NULL),
(328, 'شهد احمد سعد محمد', '201510717', NULL, NULL, NULL, 1, NULL, NULL, NULL, NULL, NULL, 1, NULL, NULL, NULL, 1, 1, NULL, NULL, NULL, '0', NULL, NULL, '201510717', '201510717', NULL, NULL, NULL, NULL, NULL, NULL, NULL, NULL, NULL, NULL, NULL, NULL, NULL, NULL, NULL, NULL, NULL, NULL, NULL, NULL, NULL, NULL, NULL, NULL, NULL, NULL, NULL, NULL, NULL, NULL, '2021-01-24 09:37:27', '2021-01-24 09:37:27', NULL, NULL, NULL, NULL, NULL, NULL, NULL, NULL, NULL, NULL, NULL, NULL, NULL, NULL),
(329, 'شهيره عمر قرنى احمد', '201510079', NULL, NULL, NULL, 1, NULL, NULL, NULL, NULL, NULL, 1, NULL, NULL, NULL, 1, 1, NULL, NULL, NULL, '0', NULL, NULL, '201510079', '201510079', NULL, NULL, NULL, NULL, NULL, NULL, NULL, NULL, NULL, NULL, NULL, NULL, NULL, NULL, NULL, NULL, NULL, NULL, NULL, NULL, NULL, NULL, NULL, NULL, NULL, NULL, NULL, NULL, NULL, NULL, '2021-01-24 09:37:27', '2021-01-24 09:37:27', NULL, NULL, NULL, NULL, NULL, NULL, NULL, NULL, NULL, NULL, NULL, NULL, NULL, NULL),
(330, 'شيرين محمد عبدالعزيز احمد', '201510352', NULL, NULL, NULL, 1, NULL, NULL, NULL, NULL, NULL, 1, NULL, NULL, NULL, 1, 1, NULL, NULL, NULL, '0', NULL, NULL, '201510352', '201510352', NULL, NULL, NULL, NULL, NULL, NULL, NULL, NULL, NULL, NULL, NULL, NULL, NULL, NULL, NULL, NULL, NULL, NULL, NULL, NULL, NULL, NULL, NULL, NULL, NULL, NULL, NULL, NULL, NULL, NULL, '2021-01-24 09:37:27', '2021-01-24 09:37:27', NULL, NULL, NULL, NULL, NULL, NULL, NULL, NULL, NULL, NULL, NULL, NULL, NULL, NULL),
(331, 'شيرين ناجى نجيب على', '201510049', NULL, NULL, NULL, 1, NULL, NULL, NULL, NULL, NULL, 1, NULL, NULL, NULL, 1, 1, NULL, NULL, NULL, '0', NULL, NULL, '201510049', '201510049', NULL, NULL, NULL, NULL, NULL, NULL, NULL, NULL, NULL, NULL, NULL, NULL, NULL, NULL, NULL, NULL, NULL, NULL, NULL, NULL, NULL, NULL, NULL, NULL, NULL, NULL, NULL, NULL, NULL, NULL, '2021-01-24 09:37:27', '2021-01-24 09:37:27', NULL, NULL, NULL, NULL, NULL, NULL, NULL, NULL, NULL, NULL, NULL, NULL, NULL, NULL),
(332, 'شيماء ابوسريع عبدالمحسن ابوسريع', '201510614', NULL, NULL, NULL, 1, NULL, NULL, NULL, NULL, NULL, 1, NULL, NULL, NULL, 1, 1, NULL, NULL, NULL, '0', NULL, NULL, '201510614', '201510614', NULL, NULL, NULL, NULL, NULL, NULL, NULL, NULL, NULL, NULL, NULL, NULL, NULL, NULL, NULL, NULL, NULL, NULL, NULL, NULL, NULL, NULL, NULL, NULL, NULL, NULL, NULL, NULL, NULL, NULL, '2021-01-24 09:37:27', '2021-01-24 09:37:27', NULL, NULL, NULL, NULL, NULL, NULL, NULL, NULL, NULL, NULL, NULL, NULL, NULL, NULL),
(333, 'شيماء رضا ابراهيم عبدالمنعم', '201510522', NULL, NULL, NULL, 1, NULL, NULL, NULL, NULL, NULL, 1, NULL, NULL, NULL, 1, 1, NULL, NULL, NULL, '0', NULL, NULL, '201510522', '201510522', NULL, NULL, NULL, NULL, NULL, NULL, NULL, NULL, NULL, NULL, NULL, NULL, NULL, NULL, NULL, NULL, NULL, NULL, NULL, NULL, NULL, NULL, NULL, NULL, NULL, NULL, NULL, NULL, NULL, NULL, '2021-01-24 09:37:27', '2021-01-24 09:37:27', NULL, NULL, NULL, NULL, NULL, NULL, NULL, NULL, NULL, NULL, NULL, NULL, NULL, NULL),
(334, 'شيماء رفعت شعبان اسماعيل', '201510290', NULL, NULL, NULL, 1, NULL, NULL, NULL, NULL, NULL, 1, NULL, NULL, NULL, 1, 1, NULL, NULL, NULL, '0', NULL, NULL, '201510290', '201510290', NULL, NULL, NULL, NULL, NULL, NULL, NULL, NULL, NULL, NULL, NULL, NULL, NULL, NULL, NULL, NULL, NULL, NULL, NULL, NULL, NULL, NULL, NULL, NULL, NULL, NULL, NULL, NULL, NULL, NULL, '2021-01-24 09:37:27', '2021-01-24 09:37:27', NULL, NULL, NULL, NULL, NULL, NULL, NULL, NULL, NULL, NULL, NULL, NULL, NULL, NULL),
(335, 'شيماء سعيد محمد اسماعيل', '201510386', NULL, NULL, NULL, 1, NULL, NULL, NULL, NULL, NULL, 1, NULL, NULL, NULL, 1, 1, NULL, NULL, NULL, '0', NULL, NULL, '201510386', '201510386', NULL, NULL, NULL, NULL, NULL, NULL, NULL, NULL, NULL, NULL, NULL, NULL, NULL, NULL, NULL, NULL, NULL, NULL, NULL, NULL, NULL, NULL, NULL, NULL, NULL, NULL, NULL, NULL, NULL, NULL, '2021-01-24 09:37:27', '2021-01-24 09:37:27', NULL, NULL, NULL, NULL, NULL, NULL, NULL, NULL, NULL, NULL, NULL, NULL, NULL, NULL),
(336, 'شيماء عاطف حسن محمدابوشهدة', '201510571', NULL, NULL, NULL, 1, NULL, NULL, NULL, NULL, NULL, 1, NULL, NULL, NULL, 1, 1, NULL, NULL, NULL, '0', NULL, NULL, '201510571', '201510571', NULL, NULL, NULL, NULL, NULL, NULL, NULL, NULL, NULL, NULL, NULL, NULL, NULL, NULL, NULL, NULL, NULL, NULL, NULL, NULL, NULL, NULL, NULL, NULL, NULL, NULL, NULL, NULL, NULL, NULL, '2021-01-24 09:37:27', '2021-01-24 09:37:27', NULL, NULL, NULL, NULL, NULL, NULL, NULL, NULL, NULL, NULL, NULL, NULL, NULL, NULL),
(337, 'شيماء عبدالمنعم عبدالعظيم عبدالله', '201510220', NULL, NULL, NULL, 1, NULL, NULL, NULL, NULL, NULL, 1, NULL, NULL, NULL, 1, 1, NULL, NULL, NULL, '0', NULL, NULL, '201510220', '201510220', NULL, NULL, NULL, NULL, NULL, NULL, NULL, NULL, NULL, NULL, NULL, NULL, NULL, NULL, NULL, NULL, NULL, NULL, NULL, NULL, NULL, NULL, NULL, NULL, NULL, NULL, NULL, NULL, NULL, NULL, '2021-01-24 09:37:27', '2021-01-24 09:37:27', NULL, NULL, NULL, NULL, NULL, NULL, NULL, NULL, NULL, NULL, NULL, NULL, NULL, NULL),
(338, 'شيماء محمد عبدالغنى حسين', '201510124', NULL, NULL, NULL, 1, NULL, NULL, NULL, NULL, NULL, 1, NULL, NULL, NULL, 1, 1, NULL, NULL, NULL, '0', NULL, NULL, '201510124', '201510124', NULL, NULL, NULL, NULL, NULL, NULL, NULL, NULL, NULL, NULL, NULL, NULL, NULL, NULL, NULL, NULL, NULL, NULL, NULL, NULL, NULL, NULL, NULL, NULL, NULL, NULL, NULL, NULL, NULL, NULL, '2021-01-24 09:37:27', '2021-01-24 09:37:27', NULL, NULL, NULL, NULL, NULL, NULL, NULL, NULL, NULL, NULL, NULL, NULL, NULL, NULL),
(339, 'شيماء محمد عبداللطيف عبدالحكيم', '201510320', NULL, NULL, NULL, 1, NULL, NULL, NULL, NULL, NULL, 1, NULL, NULL, NULL, 1, 1, NULL, NULL, NULL, '0', NULL, NULL, '201510320', '201510320', NULL, NULL, NULL, NULL, NULL, NULL, NULL, NULL, NULL, NULL, NULL, NULL, NULL, NULL, NULL, NULL, NULL, NULL, NULL, NULL, NULL, NULL, NULL, NULL, NULL, NULL, NULL, NULL, NULL, NULL, '2021-01-24 09:37:27', '2021-01-24 09:37:27', NULL, NULL, NULL, NULL, NULL, NULL, NULL, NULL, NULL, NULL, NULL, NULL, NULL, NULL),
(340, 'صالحه محمود عبدالستار جوده', '201510266', NULL, NULL, NULL, 1, NULL, NULL, NULL, NULL, NULL, 1, NULL, NULL, NULL, 1, 1, NULL, NULL, NULL, '0', NULL, NULL, '201510266', '201510266', NULL, NULL, NULL, NULL, NULL, NULL, NULL, NULL, NULL, NULL, NULL, NULL, NULL, NULL, NULL, NULL, NULL, NULL, NULL, NULL, NULL, NULL, NULL, NULL, NULL, NULL, NULL, NULL, NULL, NULL, '2021-01-24 09:37:27', '2021-01-24 09:37:27', NULL, NULL, NULL, NULL, NULL, NULL, NULL, NULL, NULL, NULL, NULL, NULL, NULL, NULL),
(341, 'صفاء اشرف احمد محمد', '201510655', NULL, NULL, NULL, 1, NULL, NULL, NULL, NULL, NULL, 1, NULL, NULL, NULL, 1, 1, NULL, NULL, NULL, '0', NULL, NULL, '201510655', '201510655', NULL, NULL, NULL, NULL, NULL, NULL, NULL, NULL, NULL, NULL, NULL, NULL, NULL, NULL, NULL, NULL, NULL, NULL, NULL, NULL, NULL, NULL, NULL, NULL, NULL, NULL, NULL, NULL, NULL, NULL, '2021-01-24 09:37:27', '2021-01-24 09:37:27', NULL, NULL, NULL, NULL, NULL, NULL, NULL, NULL, NULL, NULL, NULL, NULL, NULL, NULL),
(342, 'ضحى اشرف فضل على', '201510201', NULL, NULL, NULL, 1, NULL, NULL, NULL, NULL, NULL, 1, NULL, NULL, NULL, 1, 1, NULL, NULL, NULL, '0', NULL, NULL, '201510201', '201510201', NULL, NULL, NULL, NULL, NULL, NULL, NULL, NULL, NULL, NULL, NULL, NULL, NULL, NULL, NULL, NULL, NULL, NULL, NULL, NULL, NULL, NULL, NULL, NULL, NULL, NULL, NULL, NULL, NULL, NULL, '2021-01-24 09:37:27', '2021-01-24 09:37:27', NULL, NULL, NULL, NULL, NULL, NULL, NULL, NULL, NULL, NULL, NULL, NULL, NULL, NULL),
(343, 'ضحى صلاح جوده عبدالله', '201510350', NULL, NULL, NULL, 1, NULL, NULL, NULL, NULL, NULL, 1, NULL, NULL, NULL, 1, 1, NULL, NULL, NULL, '0', NULL, NULL, '201510350', '201510350', NULL, NULL, NULL, NULL, NULL, NULL, NULL, NULL, NULL, NULL, NULL, NULL, NULL, NULL, NULL, NULL, NULL, NULL, NULL, NULL, NULL, NULL, NULL, NULL, NULL, NULL, NULL, NULL, NULL, NULL, '2021-01-24 09:37:27', '2021-01-24 09:37:27', NULL, NULL, NULL, NULL, NULL, NULL, NULL, NULL, NULL, NULL, NULL, NULL, NULL, NULL),
(344, 'ضياء عبدالعزيز عبدالسلام زكريا', '201510114', NULL, NULL, NULL, 1, NULL, NULL, NULL, NULL, NULL, 1, NULL, NULL, NULL, 1, 1, NULL, NULL, NULL, '0', NULL, NULL, '201510114', '201510114', NULL, NULL, NULL, NULL, NULL, NULL, NULL, NULL, NULL, NULL, NULL, NULL, NULL, NULL, NULL, NULL, NULL, NULL, NULL, NULL, NULL, NULL, NULL, NULL, NULL, NULL, NULL, NULL, NULL, NULL, '2021-01-24 09:37:27', '2021-01-24 09:37:27', NULL, NULL, NULL, NULL, NULL, NULL, NULL, NULL, NULL, NULL, NULL, NULL, NULL, NULL),
(345, 'طارق جمال محمد عبدالمحسن', '201510186', NULL, NULL, NULL, 1, NULL, NULL, NULL, NULL, NULL, 1, NULL, NULL, NULL, 1, 1, NULL, NULL, NULL, '0', NULL, NULL, '201510186', '201510186', NULL, NULL, NULL, NULL, NULL, NULL, NULL, NULL, NULL, NULL, NULL, NULL, NULL, NULL, NULL, NULL, NULL, NULL, NULL, NULL, NULL, NULL, NULL, NULL, NULL, NULL, NULL, NULL, NULL, NULL, '2021-01-24 09:37:27', '2021-01-24 09:37:27', NULL, NULL, NULL, NULL, NULL, NULL, NULL, NULL, NULL, NULL, NULL, NULL, NULL, NULL),
(346, 'طه خالد طه فتح الله', '201510043', NULL, NULL, NULL, 1, NULL, NULL, NULL, NULL, NULL, 1, NULL, NULL, NULL, 1, 1, NULL, NULL, NULL, '0', NULL, NULL, '201510043', '201510043', NULL, NULL, NULL, NULL, NULL, NULL, NULL, NULL, NULL, NULL, NULL, NULL, NULL, NULL, NULL, NULL, NULL, NULL, NULL, NULL, NULL, NULL, NULL, NULL, NULL, NULL, NULL, NULL, NULL, NULL, '2021-01-24 09:37:27', '2021-01-24 09:37:27', NULL, NULL, NULL, NULL, NULL, NULL, NULL, NULL, NULL, NULL, NULL, NULL, NULL, NULL),
(347, 'طه رفعت محمد محمود', '201510357', NULL, NULL, NULL, 1, NULL, NULL, NULL, NULL, NULL, 1, NULL, NULL, NULL, 1, 1, NULL, NULL, NULL, '0', NULL, NULL, '201510357', '201510357', NULL, NULL, NULL, NULL, NULL, NULL, NULL, NULL, NULL, NULL, NULL, NULL, NULL, NULL, NULL, NULL, NULL, NULL, NULL, NULL, NULL, NULL, NULL, NULL, NULL, NULL, NULL, NULL, NULL, NULL, '2021-01-24 09:37:27', '2021-01-24 09:37:27', NULL, NULL, NULL, NULL, NULL, NULL, NULL, NULL, NULL, NULL, NULL, NULL, NULL, NULL),
(348, 'طه مصطفى طه محمد', '201510207', NULL, NULL, NULL, 1, NULL, NULL, NULL, NULL, NULL, 1, NULL, NULL, NULL, 1, 1, NULL, NULL, NULL, '0', NULL, NULL, '201510207', '201510207', NULL, NULL, NULL, NULL, NULL, NULL, NULL, NULL, NULL, NULL, NULL, NULL, NULL, NULL, NULL, NULL, NULL, NULL, NULL, NULL, NULL, NULL, NULL, NULL, NULL, NULL, NULL, NULL, NULL, NULL, '2021-01-24 09:37:27', '2021-01-24 09:37:27', NULL, NULL, NULL, NULL, NULL, NULL, NULL, NULL, NULL, NULL, NULL, NULL, NULL, NULL),
(349, 'عائشه سمير خضرى احمد', '201510445', NULL, NULL, NULL, 1, NULL, NULL, NULL, NULL, NULL, 1, NULL, NULL, NULL, 1, 1, NULL, NULL, NULL, '0', NULL, NULL, '201510445', '201510445', NULL, NULL, NULL, NULL, NULL, NULL, NULL, NULL, NULL, NULL, NULL, NULL, NULL, NULL, NULL, NULL, NULL, NULL, NULL, NULL, NULL, NULL, NULL, NULL, NULL, NULL, NULL, NULL, NULL, NULL, '2021-01-24 09:37:27', '2021-01-24 09:37:27', NULL, NULL, NULL, NULL, NULL, NULL, NULL, NULL, NULL, NULL, NULL, NULL, NULL, NULL),
(350, 'عادل بدر حسن محمود', '201510294', NULL, NULL, NULL, 1, NULL, NULL, NULL, NULL, NULL, 1, NULL, NULL, NULL, 1, 1, NULL, NULL, NULL, '0', NULL, NULL, '201510294', '201510294', NULL, NULL, NULL, NULL, NULL, NULL, NULL, NULL, NULL, NULL, NULL, NULL, NULL, NULL, NULL, NULL, NULL, NULL, NULL, NULL, NULL, NULL, NULL, NULL, NULL, NULL, NULL, NULL, NULL, NULL, '2021-01-24 09:37:27', '2021-01-24 09:37:27', NULL, NULL, NULL, NULL, NULL, NULL, NULL, NULL, NULL, NULL, NULL, NULL, NULL, NULL),
(351, 'عادل عصام صابر عباس', '201510321', NULL, NULL, NULL, 1, NULL, NULL, NULL, NULL, NULL, 1, NULL, NULL, NULL, 1, 1, NULL, NULL, NULL, '0', NULL, NULL, '201510321', '201510321', NULL, NULL, NULL, NULL, NULL, NULL, NULL, NULL, NULL, NULL, NULL, NULL, NULL, NULL, NULL, NULL, NULL, NULL, NULL, NULL, NULL, NULL, NULL, NULL, NULL, NULL, NULL, NULL, NULL, NULL, '2021-01-24 09:37:27', '2021-01-24 09:37:27', NULL, NULL, NULL, NULL, NULL, NULL, NULL, NULL, NULL, NULL, NULL, NULL, NULL, NULL),
(352, 'عادل على حامد محمد', '201510557', NULL, NULL, NULL, 1, NULL, NULL, NULL, NULL, NULL, 1, NULL, NULL, NULL, 1, 1, NULL, NULL, NULL, '0', NULL, NULL, '201510557', '201510557', NULL, NULL, NULL, NULL, NULL, NULL, NULL, NULL, NULL, NULL, NULL, NULL, NULL, NULL, NULL, NULL, NULL, NULL, NULL, NULL, NULL, NULL, NULL, NULL, NULL, NULL, NULL, NULL, NULL, NULL, '2021-01-24 09:37:27', '2021-01-24 09:37:27', NULL, NULL, NULL, NULL, NULL, NULL, NULL, NULL, NULL, NULL, NULL, NULL, NULL, NULL),
(353, 'عادل عمر فاروق عويس', '201510396', NULL, NULL, NULL, 1, NULL, NULL, NULL, NULL, NULL, 1, NULL, NULL, NULL, 1, 1, NULL, NULL, NULL, '0', NULL, NULL, '201510396', '201510396', NULL, NULL, NULL, NULL, NULL, NULL, NULL, NULL, NULL, NULL, NULL, NULL, NULL, NULL, NULL, NULL, NULL, NULL, NULL, NULL, NULL, NULL, NULL, NULL, NULL, NULL, NULL, NULL, NULL, NULL, '2021-01-24 09:37:27', '2021-01-24 09:37:27', NULL, NULL, NULL, NULL, NULL, NULL, NULL, NULL, NULL, NULL, NULL, NULL, NULL, NULL),
(354, 'عاصم كمال مصطفى احمد', '201510407', NULL, NULL, NULL, 1, NULL, NULL, NULL, NULL, NULL, 1, NULL, NULL, NULL, 1, 1, NULL, NULL, NULL, '0', NULL, NULL, '201510407', '201510407', NULL, NULL, NULL, NULL, NULL, NULL, NULL, NULL, NULL, NULL, NULL, NULL, NULL, NULL, NULL, NULL, NULL, NULL, NULL, NULL, NULL, NULL, NULL, NULL, NULL, NULL, NULL, NULL, NULL, NULL, '2021-01-24 09:37:27', '2021-01-24 09:37:27', NULL, NULL, NULL, NULL, NULL, NULL, NULL, NULL, NULL, NULL, NULL, NULL, NULL, NULL),
(355, 'عاطف عبدالحكيم جبر جبر', '201510421', NULL, NULL, NULL, 1, NULL, NULL, NULL, NULL, NULL, 1, NULL, NULL, NULL, 1, 1, NULL, NULL, NULL, '0', NULL, NULL, '201510421', '201510421', NULL, NULL, NULL, NULL, NULL, NULL, NULL, NULL, NULL, NULL, NULL, NULL, NULL, NULL, NULL, NULL, NULL, NULL, NULL, NULL, NULL, NULL, NULL, NULL, NULL, NULL, NULL, NULL, NULL, NULL, '2021-01-24 09:37:27', '2021-01-24 09:37:27', NULL, NULL, NULL, NULL, NULL, NULL, NULL, NULL, NULL, NULL, NULL, NULL, NULL, NULL),
(356, 'عباس محمد عباس عبدالعال', '201510549', NULL, NULL, NULL, 1, NULL, NULL, NULL, NULL, NULL, 1, NULL, NULL, NULL, 1, 1, NULL, NULL, NULL, '0', NULL, NULL, '201510549', '201510549', NULL, NULL, NULL, NULL, NULL, NULL, NULL, NULL, NULL, NULL, NULL, NULL, NULL, NULL, NULL, NULL, NULL, NULL, NULL, NULL, NULL, NULL, NULL, NULL, NULL, NULL, NULL, NULL, NULL, NULL, '2021-01-24 09:37:27', '2021-01-24 09:37:27', NULL, NULL, NULL, NULL, NULL, NULL, NULL, NULL, NULL, NULL, NULL, NULL, NULL, NULL),
(357, 'عبدالحميد احمد عبدالحميد حسن', '201510377', NULL, NULL, NULL, 1, NULL, NULL, NULL, NULL, NULL, 1, NULL, NULL, NULL, 1, 1, NULL, NULL, NULL, '0', NULL, NULL, '201510377', '201510377', NULL, NULL, NULL, NULL, NULL, NULL, NULL, NULL, NULL, NULL, NULL, NULL, NULL, NULL, NULL, NULL, NULL, NULL, NULL, NULL, NULL, NULL, NULL, NULL, NULL, NULL, NULL, NULL, NULL, NULL, '2021-01-24 09:37:27', '2021-01-24 09:37:27', NULL, NULL, NULL, NULL, NULL, NULL, NULL, NULL, NULL, NULL, NULL, NULL, NULL, NULL),
(358, 'عبدالرحمن ابراهيم احمد عثمان', '201510459', NULL, NULL, NULL, 1, NULL, NULL, NULL, NULL, NULL, 1, NULL, NULL, NULL, 1, 1, NULL, NULL, NULL, '0', NULL, NULL, '201510459', '201510459', NULL, NULL, NULL, NULL, NULL, NULL, NULL, NULL, NULL, NULL, NULL, NULL, NULL, NULL, NULL, NULL, NULL, NULL, NULL, NULL, NULL, NULL, NULL, NULL, NULL, NULL, NULL, NULL, NULL, NULL, '2021-01-24 09:37:27', '2021-01-24 09:37:27', NULL, NULL, NULL, NULL, NULL, NULL, NULL, NULL, NULL, NULL, NULL, NULL, NULL, NULL),
(359, 'عبدالرحمن ابراهيم زكى عبدالرحمن', '201510117', NULL, NULL, NULL, 1, NULL, NULL, NULL, NULL, NULL, 1, NULL, NULL, NULL, 1, 1, NULL, NULL, NULL, '0', NULL, NULL, '201510117', '201510117', NULL, NULL, NULL, NULL, NULL, NULL, NULL, NULL, NULL, NULL, NULL, NULL, NULL, NULL, NULL, NULL, NULL, NULL, NULL, NULL, NULL, NULL, NULL, NULL, NULL, NULL, NULL, NULL, NULL, NULL, '2021-01-24 09:37:27', '2021-01-24 09:37:27', NULL, NULL, NULL, NULL, NULL, NULL, NULL, NULL, NULL, NULL, NULL, NULL, NULL, NULL),
(360, 'عبدالرحمن احمد فهمى احمد', '201510296', NULL, NULL, NULL, 1, NULL, NULL, NULL, NULL, NULL, 1, NULL, NULL, NULL, 1, 1, NULL, NULL, NULL, '0', NULL, NULL, '201510296', '201510296', NULL, NULL, NULL, NULL, NULL, NULL, NULL, NULL, NULL, NULL, NULL, NULL, NULL, NULL, NULL, NULL, NULL, NULL, NULL, NULL, NULL, NULL, NULL, NULL, NULL, NULL, NULL, NULL, NULL, NULL, '2021-01-24 09:37:28', '2021-01-24 09:37:28', NULL, NULL, NULL, NULL, NULL, NULL, NULL, NULL, NULL, NULL, NULL, NULL, NULL, NULL),
(361, 'عبدالرحمن جمال تمام عبدالعليم', '201510711', NULL, NULL, NULL, 1, NULL, NULL, NULL, NULL, NULL, 1, NULL, NULL, NULL, 1, 1, NULL, NULL, NULL, '0', NULL, NULL, '201510711', '201510711', NULL, NULL, NULL, NULL, NULL, NULL, NULL, NULL, NULL, NULL, NULL, NULL, NULL, NULL, NULL, NULL, NULL, NULL, NULL, NULL, NULL, NULL, NULL, NULL, NULL, NULL, NULL, NULL, NULL, NULL, '2021-01-24 09:37:28', '2021-01-24 09:37:28', NULL, NULL, NULL, NULL, NULL, NULL, NULL, NULL, NULL, NULL, NULL, NULL, NULL, NULL),
(362, 'عبدالرحمن جمال محمد بيومى', '201510004', NULL, NULL, NULL, 1, NULL, NULL, NULL, NULL, NULL, 1, NULL, NULL, NULL, 1, 1, NULL, NULL, NULL, '0', NULL, NULL, '201510004', '201510004', NULL, NULL, NULL, NULL, NULL, NULL, NULL, NULL, NULL, NULL, NULL, NULL, NULL, NULL, NULL, NULL, NULL, NULL, NULL, NULL, NULL, NULL, NULL, NULL, NULL, NULL, NULL, NULL, NULL, NULL, '2021-01-24 09:37:28', '2021-01-24 09:37:28', NULL, NULL, NULL, NULL, NULL, NULL, NULL, NULL, NULL, NULL, NULL, NULL, NULL, NULL),
(363, 'عبدالرحمن حسام حمدى حسن', '201510291', NULL, NULL, NULL, 1, NULL, NULL, NULL, NULL, NULL, 1, NULL, NULL, NULL, 1, 1, NULL, NULL, NULL, '0', NULL, NULL, '201510291', '201510291', NULL, NULL, NULL, NULL, NULL, NULL, NULL, NULL, NULL, NULL, NULL, NULL, NULL, NULL, NULL, NULL, NULL, NULL, NULL, NULL, NULL, NULL, NULL, NULL, NULL, NULL, NULL, NULL, NULL, NULL, '2021-01-24 09:37:28', '2021-01-24 09:37:28', NULL, NULL, NULL, NULL, NULL, NULL, NULL, NULL, NULL, NULL, NULL, NULL, NULL, NULL),
(364, 'عبدالرحمن حسين عبداللطيف على', '201510669', NULL, NULL, NULL, 1, NULL, NULL, NULL, NULL, NULL, 1, NULL, NULL, NULL, 1, 1, NULL, NULL, NULL, '0', NULL, NULL, '201510669', '201510669', NULL, NULL, NULL, NULL, NULL, NULL, NULL, NULL, NULL, NULL, NULL, NULL, NULL, NULL, NULL, NULL, NULL, NULL, NULL, NULL, NULL, NULL, NULL, NULL, NULL, NULL, NULL, NULL, NULL, NULL, '2021-01-24 09:37:28', '2021-01-24 09:37:28', NULL, NULL, NULL, NULL, NULL, NULL, NULL, NULL, NULL, NULL, NULL, NULL, NULL, NULL),
(365, 'عبدالرحمن حسين محمد حسين', '201510011', NULL, NULL, NULL, 1, NULL, NULL, NULL, NULL, NULL, 1, NULL, NULL, NULL, 1, 1, NULL, NULL, NULL, '0', NULL, NULL, '201510011', '201510011', NULL, NULL, NULL, NULL, NULL, NULL, NULL, NULL, NULL, NULL, NULL, NULL, NULL, NULL, NULL, NULL, NULL, NULL, NULL, NULL, NULL, NULL, NULL, NULL, NULL, NULL, NULL, NULL, NULL, NULL, '2021-01-24 09:37:28', '2021-01-24 09:37:28', NULL, NULL, NULL, NULL, NULL, NULL, NULL, NULL, NULL, NULL, NULL, NULL, NULL, NULL),
(366, 'عبدالرحمن صاوى فريد عبدالعزيز', '201510510', NULL, NULL, NULL, 1, NULL, NULL, NULL, NULL, NULL, 1, NULL, NULL, NULL, 1, 1, NULL, NULL, NULL, '0', NULL, NULL, '201510510', '201510510', NULL, NULL, NULL, NULL, NULL, NULL, NULL, NULL, NULL, NULL, NULL, NULL, NULL, NULL, NULL, NULL, NULL, NULL, NULL, NULL, NULL, NULL, NULL, NULL, NULL, NULL, NULL, NULL, NULL, NULL, '2021-01-24 09:37:28', '2021-01-24 09:37:28', NULL, NULL, NULL, NULL, NULL, NULL, NULL, NULL, NULL, NULL, NULL, NULL, NULL, NULL),
(367, 'عبدالرحمن صلاح حسين محمد', '201510252', NULL, NULL, NULL, 1, NULL, NULL, NULL, NULL, NULL, 1, NULL, NULL, NULL, 1, 1, NULL, NULL, NULL, '0', NULL, NULL, '201510252', '201510252', NULL, NULL, NULL, NULL, NULL, NULL, NULL, NULL, NULL, NULL, NULL, NULL, NULL, NULL, NULL, NULL, NULL, NULL, NULL, NULL, NULL, NULL, NULL, NULL, NULL, NULL, NULL, NULL, NULL, NULL, '2021-01-24 09:37:28', '2021-01-24 09:37:28', NULL, NULL, NULL, NULL, NULL, NULL, NULL, NULL, NULL, NULL, NULL, NULL, NULL, NULL),
(368, 'عبدالرحمن على حسن احمد', '201510659', NULL, NULL, NULL, 1, NULL, NULL, NULL, NULL, NULL, 1, NULL, NULL, NULL, 1, 1, NULL, NULL, NULL, '0', NULL, NULL, '201510659', '201510659', NULL, NULL, NULL, NULL, NULL, NULL, NULL, NULL, NULL, NULL, NULL, NULL, NULL, NULL, NULL, NULL, NULL, NULL, NULL, NULL, NULL, NULL, NULL, NULL, NULL, NULL, NULL, NULL, NULL, NULL, '2021-01-24 09:37:28', '2021-01-24 09:37:28', NULL, NULL, NULL, NULL, NULL, NULL, NULL, NULL, NULL, NULL, NULL, NULL, NULL, NULL),
(369, 'عبدالرحمن على محمد معوض', '201510484', NULL, NULL, NULL, 1, NULL, NULL, NULL, NULL, NULL, 1, NULL, NULL, NULL, 1, 1, NULL, NULL, NULL, '0', NULL, NULL, '201510484', '201510484', NULL, NULL, NULL, NULL, NULL, NULL, NULL, NULL, NULL, NULL, NULL, NULL, NULL, NULL, NULL, NULL, NULL, NULL, NULL, NULL, NULL, NULL, NULL, NULL, NULL, NULL, NULL, NULL, NULL, NULL, '2021-01-24 09:37:28', '2021-01-24 09:37:28', NULL, NULL, NULL, NULL, NULL, NULL, NULL, NULL, NULL, NULL, NULL, NULL, NULL, NULL),
(370, 'عبدالرحمن عمر محمد عباس', '201510444', NULL, NULL, NULL, 1, NULL, NULL, NULL, NULL, NULL, 1, NULL, NULL, NULL, 1, 1, NULL, NULL, NULL, '0', NULL, NULL, '201510444', '201510444', NULL, NULL, NULL, NULL, NULL, NULL, NULL, NULL, NULL, NULL, NULL, NULL, NULL, NULL, NULL, NULL, NULL, NULL, NULL, NULL, NULL, NULL, NULL, NULL, NULL, NULL, NULL, NULL, NULL, NULL, '2021-01-24 09:37:28', '2021-01-24 09:37:28', NULL, NULL, NULL, NULL, NULL, NULL, NULL, NULL, NULL, NULL, NULL, NULL, NULL, NULL),
(371, 'عبدالرحمن محمد احمد توفيق', '201510155', NULL, NULL, NULL, 1, NULL, NULL, NULL, NULL, NULL, 1, NULL, NULL, NULL, 1, 1, NULL, NULL, NULL, '0', NULL, NULL, '201510155', '201510155', NULL, NULL, NULL, NULL, NULL, NULL, NULL, NULL, NULL, NULL, NULL, NULL, NULL, NULL, NULL, NULL, NULL, NULL, NULL, NULL, NULL, NULL, NULL, NULL, NULL, NULL, NULL, NULL, NULL, NULL, '2021-01-24 09:37:28', '2021-01-24 09:37:28', NULL, NULL, NULL, NULL, NULL, NULL, NULL, NULL, NULL, NULL, NULL, NULL, NULL, NULL),
(372, 'عبدالرحمن محمد محمد حسين', '201510234', NULL, NULL, NULL, 1, NULL, NULL, NULL, NULL, NULL, 1, NULL, NULL, NULL, 1, 1, NULL, NULL, NULL, '0', NULL, NULL, '201510234', '201510234', NULL, NULL, NULL, NULL, NULL, NULL, NULL, NULL, NULL, NULL, NULL, NULL, NULL, NULL, NULL, NULL, NULL, NULL, NULL, NULL, NULL, NULL, NULL, NULL, NULL, NULL, NULL, NULL, NULL, NULL, '2021-01-24 09:37:28', '2021-01-24 09:37:28', NULL, NULL, NULL, NULL, NULL, NULL, NULL, NULL, NULL, NULL, NULL, NULL, NULL, NULL),
(373, 'عبدالرحمن محمد يوسف سيد', '201510473', NULL, NULL, NULL, 1, NULL, NULL, NULL, NULL, NULL, 1, NULL, NULL, NULL, 1, 1, NULL, NULL, NULL, '0', NULL, NULL, '201510473', '201510473', NULL, NULL, NULL, NULL, NULL, NULL, NULL, NULL, NULL, NULL, NULL, NULL, NULL, NULL, NULL, NULL, NULL, NULL, NULL, NULL, NULL, NULL, NULL, NULL, NULL, NULL, NULL, NULL, NULL, NULL, '2021-01-24 09:37:28', '2021-01-24 09:37:28', NULL, NULL, NULL, NULL, NULL, NULL, NULL, NULL, NULL, NULL, NULL, NULL, NULL, NULL),
(374, 'عبدالرحمن نبيل محمد عبداللاه', '201510140', NULL, NULL, NULL, 1, NULL, NULL, NULL, NULL, NULL, 1, NULL, NULL, NULL, 1, 1, NULL, NULL, NULL, '0', NULL, NULL, '201510140', '201510140', NULL, NULL, NULL, NULL, NULL, NULL, NULL, NULL, NULL, NULL, NULL, NULL, NULL, NULL, NULL, NULL, NULL, NULL, NULL, NULL, NULL, NULL, NULL, NULL, NULL, NULL, NULL, NULL, NULL, NULL, '2021-01-24 09:37:28', '2021-01-24 09:37:28', NULL, NULL, NULL, NULL, NULL, NULL, NULL, NULL, NULL, NULL, NULL, NULL, NULL, NULL),
(375, 'عبدالرحمن نور عبدالمرشد محمد', '201510249', NULL, NULL, NULL, 1, NULL, NULL, NULL, NULL, NULL, 1, NULL, NULL, NULL, 1, 1, NULL, NULL, NULL, '0', NULL, NULL, '201510249', '201510249', NULL, NULL, NULL, NULL, NULL, NULL, NULL, NULL, NULL, NULL, NULL, NULL, NULL, NULL, NULL, NULL, NULL, NULL, NULL, NULL, NULL, NULL, NULL, NULL, NULL, NULL, NULL, NULL, NULL, NULL, '2021-01-24 09:37:28', '2021-01-24 09:37:28', NULL, NULL, NULL, NULL, NULL, NULL, NULL, NULL, NULL, NULL, NULL, NULL, NULL, NULL),
(376, 'عبدالرحيم خطاب يوسف محمد', '201510206', NULL, NULL, NULL, 1, NULL, NULL, NULL, NULL, NULL, 1, NULL, NULL, NULL, 1, 1, NULL, NULL, NULL, '0', NULL, NULL, '201510206', '201510206', NULL, NULL, NULL, NULL, NULL, NULL, NULL, NULL, NULL, NULL, NULL, NULL, NULL, NULL, NULL, NULL, NULL, NULL, NULL, NULL, NULL, NULL, NULL, NULL, NULL, NULL, NULL, NULL, NULL, NULL, '2021-01-24 09:37:28', '2021-01-24 09:37:28', NULL, NULL, NULL, NULL, NULL, NULL, NULL, NULL, NULL, NULL, NULL, NULL, NULL, NULL),
(377, 'عبدالعزيز حسن عبدالعزيز محمد', '201510563', NULL, NULL, NULL, 1, NULL, NULL, NULL, NULL, NULL, 1, NULL, NULL, NULL, 1, 1, NULL, NULL, NULL, '0', NULL, NULL, '201510563', '201510563', NULL, NULL, NULL, NULL, NULL, NULL, NULL, NULL, NULL, NULL, NULL, NULL, NULL, NULL, NULL, NULL, NULL, NULL, NULL, NULL, NULL, NULL, NULL, NULL, NULL, NULL, NULL, NULL, NULL, NULL, '2021-01-24 09:37:28', '2021-01-24 09:37:28', NULL, NULL, NULL, NULL, NULL, NULL, NULL, NULL, NULL, NULL, NULL, NULL, NULL, NULL),
(378, 'عبدالعزيز عمر عبدالعزيز حسين', '201510512', NULL, NULL, NULL, 1, NULL, NULL, NULL, NULL, NULL, 1, NULL, NULL, NULL, 1, 1, NULL, NULL, NULL, '0', NULL, NULL, '201510512', '201510512', NULL, NULL, NULL, NULL, NULL, NULL, NULL, NULL, NULL, NULL, NULL, NULL, NULL, NULL, NULL, NULL, NULL, NULL, NULL, NULL, NULL, NULL, NULL, NULL, NULL, NULL, NULL, NULL, NULL, NULL, '2021-01-24 09:37:28', '2021-01-24 09:37:28', NULL, NULL, NULL, NULL, NULL, NULL, NULL, NULL, NULL, NULL, NULL, NULL, NULL, NULL),
(379, 'عبدالعزيز محمد عبدالعزيز محمد', '201510578', NULL, NULL, NULL, 1, NULL, NULL, NULL, NULL, NULL, 1, NULL, NULL, NULL, 1, 1, NULL, NULL, NULL, '0', NULL, NULL, '201510578', '201510578', NULL, NULL, NULL, NULL, NULL, NULL, NULL, NULL, NULL, NULL, NULL, NULL, NULL, NULL, NULL, NULL, NULL, NULL, NULL, NULL, NULL, NULL, NULL, NULL, NULL, NULL, NULL, NULL, NULL, NULL, '2021-01-24 09:37:28', '2021-01-24 09:37:28', NULL, NULL, NULL, NULL, NULL, NULL, NULL, NULL, NULL, NULL, NULL, NULL, NULL, NULL),
(380, 'عبدالعزيز نبيل عويس معوض', '201510559', NULL, NULL, NULL, 1, NULL, NULL, NULL, NULL, NULL, 1, NULL, NULL, NULL, 1, 1, NULL, NULL, NULL, '0', NULL, NULL, '201510559', '201510559', NULL, NULL, NULL, NULL, NULL, NULL, NULL, NULL, NULL, NULL, NULL, NULL, NULL, NULL, NULL, NULL, NULL, NULL, NULL, NULL, NULL, NULL, NULL, NULL, NULL, NULL, NULL, NULL, NULL, NULL, '2021-01-24 09:37:28', '2021-01-24 09:37:28', NULL, NULL, NULL, NULL, NULL, NULL, NULL, NULL, NULL, NULL, NULL, NULL, NULL, NULL),
(381, 'عبدالعظيم احمد محمد محمد', '201510382', NULL, NULL, NULL, 1, NULL, NULL, NULL, NULL, NULL, 1, NULL, NULL, NULL, 1, 1, NULL, NULL, NULL, '0', NULL, NULL, '201510382', '201510382', NULL, NULL, NULL, NULL, NULL, NULL, NULL, NULL, NULL, NULL, NULL, NULL, NULL, NULL, NULL, NULL, NULL, NULL, NULL, NULL, NULL, NULL, NULL, NULL, NULL, NULL, NULL, NULL, NULL, NULL, '2021-01-24 09:37:28', '2021-01-24 09:37:28', NULL, NULL, NULL, NULL, NULL, NULL, NULL, NULL, NULL, NULL, NULL, NULL, NULL, NULL),
(382, 'عبدالعظيم سمير عبدالعظيم بركات', '201510212', NULL, NULL, NULL, 1, NULL, NULL, NULL, NULL, NULL, 1, NULL, NULL, NULL, 1, 1, NULL, NULL, NULL, '0', NULL, NULL, '201510212', '201510212', NULL, NULL, NULL, NULL, NULL, NULL, NULL, NULL, NULL, NULL, NULL, NULL, NULL, NULL, NULL, NULL, NULL, NULL, NULL, NULL, NULL, NULL, NULL, NULL, NULL, NULL, NULL, NULL, NULL, NULL, '2021-01-24 09:37:28', '2021-01-24 09:37:28', NULL, NULL, NULL, NULL, NULL, NULL, NULL, NULL, NULL, NULL, NULL, NULL, NULL, NULL),
(383, 'عبدالفتاح صلاح عبدالفتاح عويس', '201410105', NULL, NULL, NULL, 1, NULL, NULL, NULL, NULL, NULL, 1, NULL, NULL, NULL, 1, 1, NULL, NULL, NULL, '0', NULL, NULL, '201410105', '201410105', NULL, NULL, NULL, NULL, NULL, NULL, NULL, NULL, NULL, NULL, NULL, NULL, NULL, NULL, NULL, NULL, NULL, NULL, NULL, NULL, NULL, NULL, NULL, NULL, NULL, NULL, NULL, NULL, NULL, NULL, '2021-01-24 09:37:28', '2021-01-24 09:37:28', NULL, NULL, NULL, NULL, NULL, NULL, NULL, NULL, NULL, NULL, NULL, NULL, NULL, NULL),
(384, 'عبدالله ابوالخير عبدالستار محمد', '201510230', NULL, NULL, NULL, 1, NULL, NULL, NULL, NULL, NULL, 1, NULL, NULL, NULL, 1, 1, NULL, NULL, NULL, '0', NULL, NULL, '201510230', '201510230', NULL, NULL, NULL, NULL, NULL, NULL, NULL, NULL, NULL, NULL, NULL, NULL, NULL, NULL, NULL, NULL, NULL, NULL, NULL, NULL, NULL, NULL, NULL, NULL, NULL, NULL, NULL, NULL, NULL, NULL, '2021-01-24 09:37:28', '2021-01-24 09:37:28', NULL, NULL, NULL, NULL, NULL, NULL, NULL, NULL, NULL, NULL, NULL, NULL, NULL, NULL),
(385, 'عبدالله ابوبكر حسن محمد', '201510507', NULL, NULL, NULL, 1, NULL, NULL, NULL, NULL, NULL, 1, NULL, NULL, NULL, 1, 1, NULL, NULL, NULL, '0', NULL, NULL, '201510507', '201510507', NULL, NULL, NULL, NULL, NULL, NULL, NULL, NULL, NULL, NULL, NULL, NULL, NULL, NULL, NULL, NULL, NULL, NULL, NULL, NULL, NULL, NULL, NULL, NULL, NULL, NULL, NULL, NULL, NULL, NULL, '2021-01-24 09:37:28', '2021-01-24 09:37:28', NULL, NULL, NULL, NULL, NULL, NULL, NULL, NULL, NULL, NULL, NULL, NULL, NULL, NULL),
(386, 'عبدالله جمال عبدالله تمام', '201510620', NULL, NULL, NULL, 1, NULL, NULL, NULL, NULL, NULL, 1, NULL, NULL, NULL, 1, 1, NULL, NULL, NULL, '0', NULL, NULL, '201510620', '201510620', NULL, NULL, NULL, NULL, NULL, NULL, NULL, NULL, NULL, NULL, NULL, NULL, NULL, NULL, NULL, NULL, NULL, NULL, NULL, NULL, NULL, NULL, NULL, NULL, NULL, NULL, NULL, NULL, NULL, NULL, '2021-01-24 09:37:28', '2021-01-24 09:37:28', NULL, NULL, NULL, NULL, NULL, NULL, NULL, NULL, NULL, NULL, NULL, NULL, NULL, NULL),
(387, 'عبدالله حماد ادريس عبدالقادر', '201510337', NULL, NULL, NULL, 1, NULL, NULL, NULL, NULL, NULL, 1, NULL, NULL, NULL, 1, 1, NULL, NULL, NULL, '0', NULL, NULL, '201510337', '201510337', NULL, NULL, NULL, NULL, NULL, NULL, NULL, NULL, NULL, NULL, NULL, NULL, NULL, NULL, NULL, NULL, NULL, NULL, NULL, NULL, NULL, NULL, NULL, NULL, NULL, NULL, NULL, NULL, NULL, NULL, '2021-01-24 09:37:28', '2021-01-24 09:37:28', NULL, NULL, NULL, NULL, NULL, NULL, NULL, NULL, NULL, NULL, NULL, NULL, NULL, NULL),
(388, 'عبدالله محمد على حسين', '201510368', NULL, NULL, NULL, 1, NULL, NULL, NULL, NULL, NULL, 1, NULL, NULL, NULL, 1, 1, NULL, NULL, NULL, '0', NULL, NULL, '201510368', '201510368', NULL, NULL, NULL, NULL, NULL, NULL, NULL, NULL, NULL, NULL, NULL, NULL, NULL, NULL, NULL, NULL, NULL, NULL, NULL, NULL, NULL, NULL, NULL, NULL, NULL, NULL, NULL, NULL, NULL, NULL, '2021-01-24 09:37:28', '2021-01-24 09:37:28', NULL, NULL, NULL, NULL, NULL, NULL, NULL, NULL, NULL, NULL, NULL, NULL, NULL, NULL),
(389, 'عبدالوهاب رزق عبدالوهاب عبدالله', '201510032', NULL, NULL, NULL, 1, NULL, NULL, NULL, NULL, NULL, 1, NULL, NULL, NULL, 1, 1, NULL, NULL, NULL, '0', NULL, NULL, '201510032', '201510032', NULL, NULL, NULL, NULL, NULL, NULL, NULL, NULL, NULL, NULL, NULL, NULL, NULL, NULL, NULL, NULL, NULL, NULL, NULL, NULL, NULL, NULL, NULL, NULL, NULL, NULL, NULL, NULL, NULL, NULL, '2021-01-24 09:37:28', '2021-01-24 09:37:28', NULL, NULL, NULL, NULL, NULL, NULL, NULL, NULL, NULL, NULL, NULL, NULL, NULL, NULL),
(390, 'عبير عاطف بيومى احمد', '201510161', NULL, NULL, NULL, 1, NULL, NULL, NULL, NULL, NULL, 1, NULL, NULL, NULL, 1, 1, NULL, NULL, NULL, '0', NULL, NULL, '201510161', '201510161', NULL, NULL, NULL, NULL, NULL, NULL, NULL, NULL, NULL, NULL, NULL, NULL, NULL, NULL, NULL, NULL, NULL, NULL, NULL, NULL, NULL, NULL, NULL, NULL, NULL, NULL, NULL, NULL, NULL, NULL, '2021-01-24 09:37:28', '2021-01-24 09:37:28', NULL, NULL, NULL, NULL, NULL, NULL, NULL, NULL, NULL, NULL, NULL, NULL, NULL, NULL),
(391, 'عثمان صبرى عثمان صلاح', '201510426', NULL, NULL, NULL, 1, NULL, NULL, NULL, NULL, NULL, 1, NULL, NULL, NULL, 1, 1, NULL, NULL, NULL, '0', NULL, NULL, '201510426', '201510426', NULL, NULL, NULL, NULL, NULL, NULL, NULL, NULL, NULL, NULL, NULL, NULL, NULL, NULL, NULL, NULL, NULL, NULL, NULL, NULL, NULL, NULL, NULL, NULL, NULL, NULL, NULL, NULL, NULL, NULL, '2021-01-24 09:37:28', '2021-01-24 09:37:28', NULL, NULL, NULL, NULL, NULL, NULL, NULL, NULL, NULL, NULL, NULL, NULL, NULL, NULL);
INSERT INTO `students` (`id`, `name`, `code`, `nationality_id`, `set_number`, `gender`, `academic_years_id`, `registeration_date`, `qualification_types_id`, `qualification_date`, `qualification_id`, `qualification_set_number`, `division_id`, `language_1_id`, `language_2_id`, `city_id`, `level_id`, `department_id`, `government_id`, `country_id`, `religion`, `military_course_status`, `military_status_id`, `military_area_id`, `national_id`, `password`, `grade`, `triple_number`, `address`, `birth_address`, `phone_1`, `registration_status_id`, `registration_method_id`, `national_id_date`, `national_id_place`, `parent_name`, `parent_national_id`, `parent_job_id`, `parent_address`, `parent_phone`, `recommendation_card`, `qualification_certificate`, `birth_certificate`, `personal_identification_photo`, `personal_photo`, `model_2_jund`, `model_6_jund`, `receipt_letter`, `estimates_statement`, `case_status`, `degree_status`, `egyptians_lab_speechs`, `system_academic_year_id`, `azhar_grade`, `constraint_status_id`, `case_constraint_id`, `created_at`, `updated_at`, `notes`, `application_id`, `email`, `relative_relation_id`, `acceptance_code`, `acceptance_date`, `is_application`, `application_code`, `writen_by`, `is_refund`, `api_token`, `phone`, `username`, `password_`) VALUES
(392, 'عزت عصام محمد زكى احمد', '201510681', NULL, NULL, NULL, 1, NULL, NULL, NULL, NULL, NULL, 1, NULL, NULL, NULL, 1, 1, NULL, NULL, NULL, '0', NULL, NULL, '201510681', '201510681', NULL, NULL, NULL, NULL, NULL, NULL, NULL, NULL, NULL, NULL, NULL, NULL, NULL, NULL, NULL, NULL, NULL, NULL, NULL, NULL, NULL, NULL, NULL, NULL, NULL, NULL, NULL, NULL, NULL, NULL, '2021-01-24 09:37:28', '2021-01-24 09:37:28', NULL, NULL, NULL, NULL, NULL, NULL, NULL, NULL, NULL, NULL, NULL, NULL, NULL, NULL),
(393, 'عطيه نادى عطيه داود', '201410263', NULL, NULL, NULL, 1, NULL, NULL, NULL, NULL, NULL, 1, NULL, NULL, NULL, 1, 1, NULL, NULL, NULL, '0', NULL, NULL, '201410263', '201410263', NULL, NULL, NULL, NULL, NULL, NULL, NULL, NULL, NULL, NULL, NULL, NULL, NULL, NULL, NULL, NULL, NULL, NULL, NULL, NULL, NULL, NULL, NULL, NULL, NULL, NULL, NULL, NULL, NULL, NULL, '2021-01-24 09:37:28', '2021-01-24 09:37:28', NULL, NULL, NULL, NULL, NULL, NULL, NULL, NULL, NULL, NULL, NULL, NULL, NULL, NULL),
(394, 'عفاف فتحى السيد احمد', '201510328', NULL, NULL, NULL, 1, NULL, NULL, NULL, NULL, NULL, 1, NULL, NULL, NULL, 1, 1, NULL, NULL, NULL, '0', NULL, NULL, '201510328', '201510328', NULL, NULL, NULL, NULL, NULL, NULL, NULL, NULL, NULL, NULL, NULL, NULL, NULL, NULL, NULL, NULL, NULL, NULL, NULL, NULL, NULL, NULL, NULL, NULL, NULL, NULL, NULL, NULL, NULL, NULL, '2021-01-24 09:37:29', '2021-01-24 09:37:29', NULL, NULL, NULL, NULL, NULL, NULL, NULL, NULL, NULL, NULL, NULL, NULL, NULL, NULL),
(395, 'علا حنفى محمود محمد هريدى', '201510258', NULL, NULL, NULL, 1, NULL, NULL, NULL, NULL, NULL, 1, NULL, NULL, NULL, 1, 1, NULL, NULL, NULL, '0', NULL, NULL, '201510258', '201510258', NULL, NULL, NULL, NULL, NULL, NULL, NULL, NULL, NULL, NULL, NULL, NULL, NULL, NULL, NULL, NULL, NULL, NULL, NULL, NULL, NULL, NULL, NULL, NULL, NULL, NULL, NULL, NULL, NULL, NULL, '2021-01-24 09:37:29', '2021-01-24 09:37:29', NULL, NULL, NULL, NULL, NULL, NULL, NULL, NULL, NULL, NULL, NULL, NULL, NULL, NULL),
(396, 'علا فاروق محمد سيد', '201510403', NULL, NULL, NULL, 1, NULL, NULL, NULL, NULL, NULL, 1, NULL, NULL, NULL, 1, 1, NULL, NULL, NULL, '0', NULL, NULL, '201510403', '201510403', NULL, NULL, NULL, NULL, NULL, NULL, NULL, NULL, NULL, NULL, NULL, NULL, NULL, NULL, NULL, NULL, NULL, NULL, NULL, NULL, NULL, NULL, NULL, NULL, NULL, NULL, NULL, NULL, NULL, NULL, '2021-01-24 09:37:29', '2021-01-24 09:37:29', NULL, NULL, NULL, NULL, NULL, NULL, NULL, NULL, NULL, NULL, NULL, NULL, NULL, NULL),
(397, 'علاء حسنى عبدالقادر شعيب', '201510081', NULL, NULL, NULL, 1, NULL, NULL, NULL, NULL, NULL, 1, NULL, NULL, NULL, 1, 1, NULL, NULL, NULL, '0', NULL, NULL, '201510081', '201510081', NULL, NULL, NULL, NULL, NULL, NULL, NULL, NULL, NULL, NULL, NULL, NULL, NULL, NULL, NULL, NULL, NULL, NULL, NULL, NULL, NULL, NULL, NULL, NULL, NULL, NULL, NULL, NULL, NULL, NULL, '2021-01-24 09:37:29', '2021-01-24 09:37:29', NULL, NULL, NULL, NULL, NULL, NULL, NULL, NULL, NULL, NULL, NULL, NULL, NULL, NULL),
(398, 'على احمد محمد احمد', '201510490', NULL, NULL, NULL, 1, NULL, NULL, NULL, NULL, NULL, 1, NULL, NULL, NULL, 1, 1, NULL, NULL, NULL, '0', NULL, NULL, '201510490', '201510490', NULL, NULL, NULL, NULL, NULL, NULL, NULL, NULL, NULL, NULL, NULL, NULL, NULL, NULL, NULL, NULL, NULL, NULL, NULL, NULL, NULL, NULL, NULL, NULL, NULL, NULL, NULL, NULL, NULL, NULL, '2021-01-24 09:37:29', '2021-01-24 09:37:29', NULL, NULL, NULL, NULL, NULL, NULL, NULL, NULL, NULL, NULL, NULL, NULL, NULL, NULL),
(399, 'على كامل رمضان كامل', '201510341', NULL, NULL, NULL, 1, NULL, NULL, NULL, NULL, NULL, 1, NULL, NULL, NULL, 1, 1, NULL, NULL, NULL, '0', NULL, NULL, '201510341', '201510341', NULL, NULL, NULL, NULL, NULL, NULL, NULL, NULL, NULL, NULL, NULL, NULL, NULL, NULL, NULL, NULL, NULL, NULL, NULL, NULL, NULL, NULL, NULL, NULL, NULL, NULL, NULL, NULL, NULL, NULL, '2021-01-24 09:37:29', '2021-01-24 09:37:29', NULL, NULL, NULL, NULL, NULL, NULL, NULL, NULL, NULL, NULL, NULL, NULL, NULL, NULL),
(400, 'علياء عبدالسميع عبدالرحمن عبدالسميع', '201510196', NULL, NULL, NULL, 1, NULL, NULL, NULL, NULL, NULL, 1, NULL, NULL, NULL, 1, 1, NULL, NULL, NULL, '0', NULL, NULL, '201510196', '201510196', NULL, NULL, NULL, NULL, NULL, NULL, NULL, NULL, NULL, NULL, NULL, NULL, NULL, NULL, NULL, NULL, NULL, NULL, NULL, NULL, NULL, NULL, NULL, NULL, NULL, NULL, NULL, NULL, NULL, NULL, '2021-01-24 09:37:29', '2021-01-24 09:37:29', NULL, NULL, NULL, NULL, NULL, NULL, NULL, NULL, NULL, NULL, NULL, NULL, NULL, NULL),
(401, 'علياء علاءالدين احمد اسماعيل', '201510384', NULL, NULL, NULL, 1, NULL, NULL, NULL, NULL, NULL, 1, NULL, NULL, NULL, 1, 1, NULL, NULL, NULL, '0', NULL, NULL, '201510384', '201510384', NULL, NULL, NULL, NULL, NULL, NULL, NULL, NULL, NULL, NULL, NULL, NULL, NULL, NULL, NULL, NULL, NULL, NULL, NULL, NULL, NULL, NULL, NULL, NULL, NULL, NULL, NULL, NULL, NULL, NULL, '2021-01-24 09:37:29', '2021-01-24 09:37:29', NULL, NULL, NULL, NULL, NULL, NULL, NULL, NULL, NULL, NULL, NULL, NULL, NULL, NULL),
(402, 'عماد حنا عزيز ابراهيم', '201510487', NULL, NULL, NULL, 1, NULL, NULL, NULL, NULL, NULL, 1, NULL, NULL, NULL, 1, 1, NULL, NULL, NULL, '0', NULL, NULL, '201510487', '201510487', NULL, NULL, NULL, NULL, NULL, NULL, NULL, NULL, NULL, NULL, NULL, NULL, NULL, NULL, NULL, NULL, NULL, NULL, NULL, NULL, NULL, NULL, NULL, NULL, NULL, NULL, NULL, NULL, NULL, NULL, '2021-01-24 09:37:29', '2021-01-24 09:37:29', NULL, NULL, NULL, NULL, NULL, NULL, NULL, NULL, NULL, NULL, NULL, NULL, NULL, NULL),
(403, 'عماد معوض سيد محمد', '201510583', NULL, NULL, NULL, 1, NULL, NULL, NULL, NULL, NULL, 1, NULL, NULL, NULL, 1, 1, NULL, NULL, NULL, '0', NULL, NULL, '201510583', '201510583', NULL, NULL, NULL, NULL, NULL, NULL, NULL, NULL, NULL, NULL, NULL, NULL, NULL, NULL, NULL, NULL, NULL, NULL, NULL, NULL, NULL, NULL, NULL, NULL, NULL, NULL, NULL, NULL, NULL, NULL, '2021-01-24 09:37:29', '2021-01-24 09:37:29', NULL, NULL, NULL, NULL, NULL, NULL, NULL, NULL, NULL, NULL, NULL, NULL, NULL, NULL),
(404, 'عماد نبيل شحاته دياب', '201510102', NULL, NULL, NULL, 1, NULL, NULL, NULL, NULL, NULL, 1, NULL, NULL, NULL, 1, 1, NULL, NULL, NULL, '0', NULL, NULL, '201510102', '201510102', NULL, NULL, NULL, NULL, NULL, NULL, NULL, NULL, NULL, NULL, NULL, NULL, NULL, NULL, NULL, NULL, NULL, NULL, NULL, NULL, NULL, NULL, NULL, NULL, NULL, NULL, NULL, NULL, NULL, NULL, '2021-01-24 09:37:29', '2021-01-24 09:37:29', NULL, NULL, NULL, NULL, NULL, NULL, NULL, NULL, NULL, NULL, NULL, NULL, NULL, NULL),
(405, 'عمر اشرف عمر محمد', '201510456', NULL, NULL, NULL, 1, NULL, NULL, NULL, NULL, NULL, 1, NULL, NULL, NULL, 1, 1, NULL, NULL, NULL, '0', NULL, NULL, '201510456', '201510456', NULL, NULL, NULL, NULL, NULL, NULL, NULL, NULL, NULL, NULL, NULL, NULL, NULL, NULL, NULL, NULL, NULL, NULL, NULL, NULL, NULL, NULL, NULL, NULL, NULL, NULL, NULL, NULL, NULL, NULL, '2021-01-24 09:37:29', '2021-01-24 09:37:29', NULL, NULL, NULL, NULL, NULL, NULL, NULL, NULL, NULL, NULL, NULL, NULL, NULL, NULL),
(406, 'عمر محمود جابر ربيع', '201510139', NULL, NULL, NULL, 1, NULL, NULL, NULL, NULL, NULL, 1, NULL, NULL, NULL, 1, 1, NULL, NULL, NULL, '0', NULL, NULL, '201510139', '201510139', NULL, NULL, NULL, NULL, NULL, NULL, NULL, NULL, NULL, NULL, NULL, NULL, NULL, NULL, NULL, NULL, NULL, NULL, NULL, NULL, NULL, NULL, NULL, NULL, NULL, NULL, NULL, NULL, NULL, NULL, '2021-01-24 09:37:29', '2021-01-24 09:37:29', NULL, NULL, NULL, NULL, NULL, NULL, NULL, NULL, NULL, NULL, NULL, NULL, NULL, NULL),
(407, 'عمرو خالد محمد زيان', '201510679', NULL, NULL, NULL, 1, NULL, NULL, NULL, NULL, NULL, 1, NULL, NULL, NULL, 1, 1, NULL, NULL, NULL, '0', NULL, NULL, '201510679', '201510679', NULL, NULL, NULL, NULL, NULL, NULL, NULL, NULL, NULL, NULL, NULL, NULL, NULL, NULL, NULL, NULL, NULL, NULL, NULL, NULL, NULL, NULL, NULL, NULL, NULL, NULL, NULL, NULL, NULL, NULL, '2021-01-24 09:37:29', '2021-01-24 09:37:29', NULL, NULL, NULL, NULL, NULL, NULL, NULL, NULL, NULL, NULL, NULL, NULL, NULL, NULL),
(408, 'عمرو رجب موسى عبدالحليم', '20130341', NULL, NULL, NULL, 1, NULL, NULL, NULL, NULL, NULL, 1, NULL, NULL, NULL, 1, 1, NULL, NULL, NULL, '0', NULL, NULL, '20130341', '20130341', NULL, NULL, NULL, NULL, NULL, NULL, NULL, NULL, NULL, NULL, NULL, NULL, NULL, NULL, NULL, NULL, NULL, NULL, NULL, NULL, NULL, NULL, NULL, NULL, NULL, NULL, NULL, NULL, NULL, NULL, '2021-01-24 09:37:29', '2021-01-24 09:37:29', NULL, NULL, NULL, NULL, NULL, NULL, NULL, NULL, NULL, NULL, NULL, NULL, NULL, NULL),
(409, 'عمرو عبدالمنعم عبدالعظيم محمد', '201510080', NULL, NULL, NULL, 1, NULL, NULL, NULL, NULL, NULL, 1, NULL, NULL, NULL, 1, 1, NULL, NULL, NULL, '0', NULL, NULL, '201510080', '201510080', NULL, NULL, NULL, NULL, NULL, NULL, NULL, NULL, NULL, NULL, NULL, NULL, NULL, NULL, NULL, NULL, NULL, NULL, NULL, NULL, NULL, NULL, NULL, NULL, NULL, NULL, NULL, NULL, NULL, NULL, '2021-01-24 09:37:29', '2021-01-24 09:37:29', NULL, NULL, NULL, NULL, NULL, NULL, NULL, NULL, NULL, NULL, NULL, NULL, NULL, NULL),
(410, 'عمرو محمد جابر سيد', '201510051', NULL, NULL, NULL, 1, NULL, NULL, NULL, NULL, NULL, 1, NULL, NULL, NULL, 1, 1, NULL, NULL, NULL, '0', NULL, NULL, '201510051', '201510051', NULL, NULL, NULL, NULL, NULL, NULL, NULL, NULL, NULL, NULL, NULL, NULL, NULL, NULL, NULL, NULL, NULL, NULL, NULL, NULL, NULL, NULL, NULL, NULL, NULL, NULL, NULL, NULL, NULL, NULL, '2021-01-24 09:37:29', '2021-01-24 09:37:29', NULL, NULL, NULL, NULL, NULL, NULL, NULL, NULL, NULL, NULL, NULL, NULL, NULL, NULL),
(411, 'عمرو محمد عبدالحميد جلال', '201510579', NULL, NULL, NULL, 1, NULL, NULL, NULL, NULL, NULL, 1, NULL, NULL, NULL, 1, 1, NULL, NULL, NULL, '0', NULL, NULL, '201510579', '201510579', NULL, NULL, NULL, NULL, NULL, NULL, NULL, NULL, NULL, NULL, NULL, NULL, NULL, NULL, NULL, NULL, NULL, NULL, NULL, NULL, NULL, NULL, NULL, NULL, NULL, NULL, NULL, NULL, NULL, NULL, '2021-01-24 09:37:29', '2021-01-24 09:37:29', NULL, NULL, NULL, NULL, NULL, NULL, NULL, NULL, NULL, NULL, NULL, NULL, NULL, NULL),
(412, 'غاده رجب خليفه امين', '201510387', NULL, NULL, NULL, 1, NULL, NULL, NULL, NULL, NULL, 1, NULL, NULL, NULL, 1, 1, NULL, NULL, NULL, '0', NULL, NULL, '201510387', '201510387', NULL, NULL, NULL, NULL, NULL, NULL, NULL, NULL, NULL, NULL, NULL, NULL, NULL, NULL, NULL, NULL, NULL, NULL, NULL, NULL, NULL, NULL, NULL, NULL, NULL, NULL, NULL, NULL, NULL, NULL, '2021-01-24 09:37:29', '2021-01-24 09:37:29', NULL, NULL, NULL, NULL, NULL, NULL, NULL, NULL, NULL, NULL, NULL, NULL, NULL, NULL),
(413, 'غاده محمد عبداللطيف يوسف', '201510441', NULL, NULL, NULL, 1, NULL, NULL, NULL, NULL, NULL, 1, NULL, NULL, NULL, 1, 1, NULL, NULL, NULL, '0', NULL, NULL, '201510441', '201510441', NULL, NULL, NULL, NULL, NULL, NULL, NULL, NULL, NULL, NULL, NULL, NULL, NULL, NULL, NULL, NULL, NULL, NULL, NULL, NULL, NULL, NULL, NULL, NULL, NULL, NULL, NULL, NULL, NULL, NULL, '2021-01-24 09:37:29', '2021-01-24 09:37:29', NULL, NULL, NULL, NULL, NULL, NULL, NULL, NULL, NULL, NULL, NULL, NULL, NULL, NULL),
(414, 'فاتن خالد فتحى دسوقى', '201510130', NULL, NULL, NULL, 1, NULL, NULL, NULL, NULL, NULL, 1, NULL, NULL, NULL, 1, 1, NULL, NULL, NULL, '0', NULL, NULL, '201510130', '201510130', NULL, NULL, NULL, NULL, NULL, NULL, NULL, NULL, NULL, NULL, NULL, NULL, NULL, NULL, NULL, NULL, NULL, NULL, NULL, NULL, NULL, NULL, NULL, NULL, NULL, NULL, NULL, NULL, NULL, NULL, '2021-01-24 09:37:29', '2021-01-24 09:37:29', NULL, NULL, NULL, NULL, NULL, NULL, NULL, NULL, NULL, NULL, NULL, NULL, NULL, NULL),
(415, 'فادى اشرف وليم مجلى', '201510288', NULL, NULL, NULL, 1, NULL, NULL, NULL, NULL, NULL, 1, NULL, NULL, NULL, 1, 1, NULL, NULL, NULL, '0', NULL, NULL, '201510288', '201510288', NULL, NULL, NULL, NULL, NULL, NULL, NULL, NULL, NULL, NULL, NULL, NULL, NULL, NULL, NULL, NULL, NULL, NULL, NULL, NULL, NULL, NULL, NULL, NULL, NULL, NULL, NULL, NULL, NULL, NULL, '2021-01-24 09:37:29', '2021-01-24 09:37:29', NULL, NULL, NULL, NULL, NULL, NULL, NULL, NULL, NULL, NULL, NULL, NULL, NULL, NULL),
(416, 'فادى جرجس اسعد حزين', '201510582', NULL, NULL, NULL, 1, NULL, NULL, NULL, NULL, NULL, 1, NULL, NULL, NULL, 1, 1, NULL, NULL, NULL, '0', NULL, NULL, '201510582', '201510582', NULL, NULL, NULL, NULL, NULL, NULL, NULL, NULL, NULL, NULL, NULL, NULL, NULL, NULL, NULL, NULL, NULL, NULL, NULL, NULL, NULL, NULL, NULL, NULL, NULL, NULL, NULL, NULL, NULL, NULL, '2021-01-24 09:37:29', '2021-01-24 09:37:29', NULL, NULL, NULL, NULL, NULL, NULL, NULL, NULL, NULL, NULL, NULL, NULL, NULL, NULL),
(417, 'فادى مجدى فؤاد بشاى', '201510324', NULL, NULL, NULL, 1, NULL, NULL, NULL, NULL, NULL, 1, NULL, NULL, NULL, 1, 1, NULL, NULL, NULL, '0', NULL, NULL, '201510324', '201510324', NULL, NULL, NULL, NULL, NULL, NULL, NULL, NULL, NULL, NULL, NULL, NULL, NULL, NULL, NULL, NULL, NULL, NULL, NULL, NULL, NULL, NULL, NULL, NULL, NULL, NULL, NULL, NULL, NULL, NULL, '2021-01-24 09:37:29', '2021-01-24 09:37:29', NULL, NULL, NULL, NULL, NULL, NULL, NULL, NULL, NULL, NULL, NULL, NULL, NULL, NULL),
(418, 'فارس رمضان الياس ابراهيم', '201510709', NULL, NULL, NULL, 1, NULL, NULL, NULL, NULL, NULL, 1, NULL, NULL, NULL, 1, 1, NULL, NULL, NULL, '0', NULL, NULL, '201510709', '201510709', NULL, NULL, NULL, NULL, NULL, NULL, NULL, NULL, NULL, NULL, NULL, NULL, NULL, NULL, NULL, NULL, NULL, NULL, NULL, NULL, NULL, NULL, NULL, NULL, NULL, NULL, NULL, NULL, NULL, NULL, '2021-01-24 09:37:29', '2021-01-24 09:37:29', NULL, NULL, NULL, NULL, NULL, NULL, NULL, NULL, NULL, NULL, NULL, NULL, NULL, NULL),
(419, 'فاطمه الزهراء حسنى محمد كامل', '201510474', NULL, NULL, NULL, 1, NULL, NULL, NULL, NULL, NULL, 1, NULL, NULL, NULL, 1, 1, NULL, NULL, NULL, '0', NULL, NULL, '201510474', '201510474', NULL, NULL, NULL, NULL, NULL, NULL, NULL, NULL, NULL, NULL, NULL, NULL, NULL, NULL, NULL, NULL, NULL, NULL, NULL, NULL, NULL, NULL, NULL, NULL, NULL, NULL, NULL, NULL, NULL, NULL, '2021-01-24 09:37:29', '2021-01-24 09:37:29', NULL, NULL, NULL, NULL, NULL, NULL, NULL, NULL, NULL, NULL, NULL, NULL, NULL, NULL),
(420, 'فاطمه الزهراء عصام ابراهيم عبدالعظيم', '201510354', NULL, NULL, NULL, 1, NULL, NULL, NULL, NULL, NULL, 1, NULL, NULL, NULL, 1, 1, NULL, NULL, NULL, '0', NULL, NULL, '201510354', '201510354', NULL, NULL, NULL, NULL, NULL, NULL, NULL, NULL, NULL, NULL, NULL, NULL, NULL, NULL, NULL, NULL, NULL, NULL, NULL, NULL, NULL, NULL, NULL, NULL, NULL, NULL, NULL, NULL, NULL, NULL, '2021-01-24 09:37:29', '2021-01-24 09:37:29', NULL, NULL, NULL, NULL, NULL, NULL, NULL, NULL, NULL, NULL, NULL, NULL, NULL, NULL),
(421, 'فاطمه جمال شوقى نصرالدين', '201510611', NULL, NULL, NULL, 1, NULL, NULL, NULL, NULL, NULL, 1, NULL, NULL, NULL, 1, 1, NULL, NULL, NULL, '0', NULL, NULL, '201510611', '201510611', NULL, NULL, NULL, NULL, NULL, NULL, NULL, NULL, NULL, NULL, NULL, NULL, NULL, NULL, NULL, NULL, NULL, NULL, NULL, NULL, NULL, NULL, NULL, NULL, NULL, NULL, NULL, NULL, NULL, NULL, '2021-01-24 09:37:29', '2021-01-24 09:37:29', NULL, NULL, NULL, NULL, NULL, NULL, NULL, NULL, NULL, NULL, NULL, NULL, NULL, NULL),
(422, 'فاطمه حسن على محمد', '201510287', NULL, NULL, NULL, 1, NULL, NULL, NULL, NULL, NULL, 1, NULL, NULL, NULL, 1, 1, NULL, NULL, NULL, '0', NULL, NULL, '201510287', '201510287', NULL, NULL, NULL, NULL, NULL, NULL, NULL, NULL, NULL, NULL, NULL, NULL, NULL, NULL, NULL, NULL, NULL, NULL, NULL, NULL, NULL, NULL, NULL, NULL, NULL, NULL, NULL, NULL, NULL, NULL, '2021-01-24 09:37:29', '2021-01-24 09:37:29', NULL, NULL, NULL, NULL, NULL, NULL, NULL, NULL, NULL, NULL, NULL, NULL, NULL, NULL),
(423, 'فاطمه رضا ابوزيد عبدالمنعم', '201510422', NULL, NULL, NULL, 1, NULL, NULL, NULL, NULL, NULL, 1, NULL, NULL, NULL, 1, 1, NULL, NULL, NULL, '0', NULL, NULL, '201510422', '201510422', NULL, NULL, NULL, NULL, NULL, NULL, NULL, NULL, NULL, NULL, NULL, NULL, NULL, NULL, NULL, NULL, NULL, NULL, NULL, NULL, NULL, NULL, NULL, NULL, NULL, NULL, NULL, NULL, NULL, NULL, '2021-01-24 09:37:29', '2021-01-24 09:37:29', NULL, NULL, NULL, NULL, NULL, NULL, NULL, NULL, NULL, NULL, NULL, NULL, NULL, NULL),
(424, 'فاطمه سيد عبدالمحسن محمد', '201510374', NULL, NULL, NULL, 1, NULL, NULL, NULL, NULL, NULL, 1, NULL, NULL, NULL, 1, 1, NULL, NULL, NULL, '0', NULL, NULL, '201510374', '201510374', NULL, NULL, NULL, NULL, NULL, NULL, NULL, NULL, NULL, NULL, NULL, NULL, NULL, NULL, NULL, NULL, NULL, NULL, NULL, NULL, NULL, NULL, NULL, NULL, NULL, NULL, NULL, NULL, NULL, NULL, '2021-01-24 09:37:29', '2021-01-24 09:37:29', NULL, NULL, NULL, NULL, NULL, NULL, NULL, NULL, NULL, NULL, NULL, NULL, NULL, NULL),
(425, 'فاطمه طه احمد عبدالجيد', '201510216', NULL, NULL, NULL, 1, NULL, NULL, NULL, NULL, NULL, 1, NULL, NULL, NULL, 1, 1, NULL, NULL, NULL, '0', NULL, NULL, '201510216', '201510216', NULL, NULL, NULL, NULL, NULL, NULL, NULL, NULL, NULL, NULL, NULL, NULL, NULL, NULL, NULL, NULL, NULL, NULL, NULL, NULL, NULL, NULL, NULL, NULL, NULL, NULL, NULL, NULL, NULL, NULL, '2021-01-24 09:37:29', '2021-01-24 09:37:29', NULL, NULL, NULL, NULL, NULL, NULL, NULL, NULL, NULL, NULL, NULL, NULL, NULL, NULL),
(426, 'فاطمه على محمد والى', '201510148', NULL, NULL, NULL, 1, NULL, NULL, NULL, NULL, NULL, 1, NULL, NULL, NULL, 1, 1, NULL, NULL, NULL, '0', NULL, NULL, '201510148', '201510148', NULL, NULL, NULL, NULL, NULL, NULL, NULL, NULL, NULL, NULL, NULL, NULL, NULL, NULL, NULL, NULL, NULL, NULL, NULL, NULL, NULL, NULL, NULL, NULL, NULL, NULL, NULL, NULL, NULL, NULL, '2021-01-24 09:37:29', '2021-01-24 09:37:29', NULL, NULL, NULL, NULL, NULL, NULL, NULL, NULL, NULL, NULL, NULL, NULL, NULL, NULL),
(427, 'فاطمه ماهر مصطفى عبدالحميد', '201510538', NULL, NULL, NULL, 1, NULL, NULL, NULL, NULL, NULL, 1, NULL, NULL, NULL, 1, 1, NULL, NULL, NULL, '0', NULL, NULL, '201510538', '201510538', NULL, NULL, NULL, NULL, NULL, NULL, NULL, NULL, NULL, NULL, NULL, NULL, NULL, NULL, NULL, NULL, NULL, NULL, NULL, NULL, NULL, NULL, NULL, NULL, NULL, NULL, NULL, NULL, NULL, NULL, '2021-01-24 09:37:29', '2021-01-24 09:37:29', NULL, NULL, NULL, NULL, NULL, NULL, NULL, NULL, NULL, NULL, NULL, NULL, NULL, NULL),
(428, 'فاطمه محفوظ سيد محفوظ', '201510533', NULL, NULL, NULL, 1, NULL, NULL, NULL, NULL, NULL, 1, NULL, NULL, NULL, 1, 1, NULL, NULL, NULL, '0', NULL, NULL, '201510533', '201510533', NULL, NULL, NULL, NULL, NULL, NULL, NULL, NULL, NULL, NULL, NULL, NULL, NULL, NULL, NULL, NULL, NULL, NULL, NULL, NULL, NULL, NULL, NULL, NULL, NULL, NULL, NULL, NULL, NULL, NULL, '2021-01-24 09:37:29', '2021-01-24 09:37:29', NULL, NULL, NULL, NULL, NULL, NULL, NULL, NULL, NULL, NULL, NULL, NULL, NULL, NULL),
(429, 'فاطمه محمود محمد محمد', '201510133', NULL, NULL, NULL, 1, NULL, NULL, NULL, NULL, NULL, 1, NULL, NULL, NULL, 1, 1, NULL, NULL, NULL, '0', NULL, NULL, '201510133', '201510133', NULL, NULL, NULL, NULL, NULL, NULL, NULL, NULL, NULL, NULL, NULL, NULL, NULL, NULL, NULL, NULL, NULL, NULL, NULL, NULL, NULL, NULL, NULL, NULL, NULL, NULL, NULL, NULL, NULL, NULL, '2021-01-24 09:37:29', '2021-01-24 09:37:29', NULL, NULL, NULL, NULL, NULL, NULL, NULL, NULL, NULL, NULL, NULL, NULL, NULL, NULL),
(430, 'فتحى عطيه فتحى محمد', '201510170', NULL, NULL, NULL, 1, NULL, NULL, NULL, NULL, NULL, 1, NULL, NULL, NULL, 1, 1, NULL, NULL, NULL, '0', NULL, NULL, '201510170', '201510170', NULL, NULL, NULL, NULL, NULL, NULL, NULL, NULL, NULL, NULL, NULL, NULL, NULL, NULL, NULL, NULL, NULL, NULL, NULL, NULL, NULL, NULL, NULL, NULL, NULL, NULL, NULL, NULL, NULL, NULL, '2021-01-24 09:37:29', '2021-01-24 09:37:29', NULL, NULL, NULL, NULL, NULL, NULL, NULL, NULL, NULL, NULL, NULL, NULL, NULL, NULL),
(431, 'كاترين فرج ابراهيم صليب', '201510466', NULL, NULL, NULL, 1, NULL, NULL, NULL, NULL, NULL, 1, NULL, NULL, NULL, 1, 1, NULL, NULL, NULL, '0', NULL, NULL, '201510466', '201510466', NULL, NULL, NULL, NULL, NULL, NULL, NULL, NULL, NULL, NULL, NULL, NULL, NULL, NULL, NULL, NULL, NULL, NULL, NULL, NULL, NULL, NULL, NULL, NULL, NULL, NULL, NULL, NULL, NULL, NULL, '2021-01-24 09:37:29', '2021-01-24 09:37:29', NULL, NULL, NULL, NULL, NULL, NULL, NULL, NULL, NULL, NULL, NULL, NULL, NULL, NULL),
(432, 'كرستين يوسف ماهر مهدى', '201510129', NULL, NULL, NULL, 1, NULL, NULL, NULL, NULL, NULL, 1, NULL, NULL, NULL, 1, 1, NULL, NULL, NULL, '0', NULL, NULL, '201510129', '201510129', NULL, NULL, NULL, NULL, NULL, NULL, NULL, NULL, NULL, NULL, NULL, NULL, NULL, NULL, NULL, NULL, NULL, NULL, NULL, NULL, NULL, NULL, NULL, NULL, NULL, NULL, NULL, NULL, NULL, NULL, '2021-01-24 09:37:29', '2021-01-24 09:37:29', NULL, NULL, NULL, NULL, NULL, NULL, NULL, NULL, NULL, NULL, NULL, NULL, NULL, NULL),
(433, 'كريم احمد ربيع احمد', '201510015', NULL, NULL, NULL, 1, NULL, NULL, NULL, NULL, NULL, 1, NULL, NULL, NULL, 1, 1, NULL, NULL, NULL, '0', NULL, NULL, '201510015', '201510015', NULL, NULL, NULL, NULL, NULL, NULL, NULL, NULL, NULL, NULL, NULL, NULL, NULL, NULL, NULL, NULL, NULL, NULL, NULL, NULL, NULL, NULL, NULL, NULL, NULL, NULL, NULL, NULL, NULL, NULL, '2021-01-24 09:37:29', '2021-01-24 09:37:29', NULL, NULL, NULL, NULL, NULL, NULL, NULL, NULL, NULL, NULL, NULL, NULL, NULL, NULL),
(434, 'كريم ايمن صلاح محمد', '201510016', NULL, NULL, NULL, 1, NULL, NULL, NULL, NULL, NULL, 1, NULL, NULL, NULL, 1, 1, NULL, NULL, NULL, '0', NULL, NULL, '201510016', '201510016', NULL, NULL, NULL, NULL, NULL, NULL, NULL, NULL, NULL, NULL, NULL, NULL, NULL, NULL, NULL, NULL, NULL, NULL, NULL, NULL, NULL, NULL, NULL, NULL, NULL, NULL, NULL, NULL, NULL, NULL, '2021-01-24 09:37:29', '2021-01-24 09:37:29', NULL, NULL, NULL, NULL, NULL, NULL, NULL, NULL, NULL, NULL, NULL, NULL, NULL, NULL),
(435, 'كريم رمضان عبدالهادى جعفر', '201510511', NULL, NULL, NULL, 1, NULL, NULL, NULL, NULL, NULL, 1, NULL, NULL, NULL, 1, 1, NULL, NULL, NULL, '0', NULL, NULL, '201510511', '201510511', NULL, NULL, NULL, NULL, NULL, NULL, NULL, NULL, NULL, NULL, NULL, NULL, NULL, NULL, NULL, NULL, NULL, NULL, NULL, NULL, NULL, NULL, NULL, NULL, NULL, NULL, NULL, NULL, NULL, NULL, '2021-01-24 09:37:29', '2021-01-24 09:37:29', NULL, NULL, NULL, NULL, NULL, NULL, NULL, NULL, NULL, NULL, NULL, NULL, NULL, NULL),
(436, 'كريم عادل وهيب خليل', '201510310', NULL, NULL, NULL, 1, NULL, NULL, NULL, NULL, NULL, 1, NULL, NULL, NULL, 1, 1, NULL, NULL, NULL, '0', NULL, NULL, '201510310', '201510310', NULL, NULL, NULL, NULL, NULL, NULL, NULL, NULL, NULL, NULL, NULL, NULL, NULL, NULL, NULL, NULL, NULL, NULL, NULL, NULL, NULL, NULL, NULL, NULL, NULL, NULL, NULL, NULL, NULL, NULL, '2021-01-24 09:37:29', '2021-01-24 09:37:29', NULL, NULL, NULL, NULL, NULL, NULL, NULL, NULL, NULL, NULL, NULL, NULL, NULL, NULL),
(437, 'كريم محمد سيد على', '201510149', NULL, NULL, NULL, 1, NULL, NULL, NULL, NULL, NULL, 1, NULL, NULL, NULL, 1, 1, NULL, NULL, NULL, '0', NULL, NULL, '201510149', '201510149', NULL, NULL, NULL, NULL, NULL, NULL, NULL, NULL, NULL, NULL, NULL, NULL, NULL, NULL, NULL, NULL, NULL, NULL, NULL, NULL, NULL, NULL, NULL, NULL, NULL, NULL, NULL, NULL, NULL, NULL, '2021-01-24 09:37:29', '2021-01-24 09:37:29', NULL, NULL, NULL, NULL, NULL, NULL, NULL, NULL, NULL, NULL, NULL, NULL, NULL, NULL),
(438, 'كريم محمد عباس سيد', '201510274', NULL, NULL, NULL, 1, NULL, NULL, NULL, NULL, NULL, 1, NULL, NULL, NULL, 1, 1, NULL, NULL, NULL, '0', NULL, NULL, '201510274', '201510274', NULL, NULL, NULL, NULL, NULL, NULL, NULL, NULL, NULL, NULL, NULL, NULL, NULL, NULL, NULL, NULL, NULL, NULL, NULL, NULL, NULL, NULL, NULL, NULL, NULL, NULL, NULL, NULL, NULL, NULL, '2021-01-24 09:37:29', '2021-01-24 09:37:29', NULL, NULL, NULL, NULL, NULL, NULL, NULL, NULL, NULL, NULL, NULL, NULL, NULL, NULL),
(439, 'كريمه ايوب طه ايوب', '201510214', NULL, NULL, NULL, 1, NULL, NULL, NULL, NULL, NULL, 1, NULL, NULL, NULL, 1, 1, NULL, NULL, NULL, '0', NULL, NULL, '201510214', '201510214', NULL, NULL, NULL, NULL, NULL, NULL, NULL, NULL, NULL, NULL, NULL, NULL, NULL, NULL, NULL, NULL, NULL, NULL, NULL, NULL, NULL, NULL, NULL, NULL, NULL, NULL, NULL, NULL, NULL, NULL, '2021-01-24 09:37:29', '2021-01-24 09:37:29', NULL, NULL, NULL, NULL, NULL, NULL, NULL, NULL, NULL, NULL, NULL, NULL, NULL, NULL),
(440, 'كمال رمضان كمال صبره', '201510657', NULL, NULL, NULL, 1, NULL, NULL, NULL, NULL, NULL, 1, NULL, NULL, NULL, 1, 1, NULL, NULL, NULL, '0', NULL, NULL, '201510657', '201510657', NULL, NULL, NULL, NULL, NULL, NULL, NULL, NULL, NULL, NULL, NULL, NULL, NULL, NULL, NULL, NULL, NULL, NULL, NULL, NULL, NULL, NULL, NULL, NULL, NULL, NULL, NULL, NULL, NULL, NULL, '2021-01-24 09:37:29', '2021-01-24 09:37:29', NULL, NULL, NULL, NULL, NULL, NULL, NULL, NULL, NULL, NULL, NULL, NULL, NULL, NULL),
(441, 'كيرلس استمالك كامل لبيب', '201510415', NULL, NULL, NULL, 1, NULL, NULL, NULL, NULL, NULL, 1, NULL, NULL, NULL, 1, 1, NULL, NULL, NULL, '0', NULL, NULL, '201510415', '201510415', NULL, NULL, NULL, NULL, NULL, NULL, NULL, NULL, NULL, NULL, NULL, NULL, NULL, NULL, NULL, NULL, NULL, NULL, NULL, NULL, NULL, NULL, NULL, NULL, NULL, NULL, NULL, NULL, NULL, NULL, '2021-01-24 09:37:29', '2021-01-24 09:37:29', NULL, NULL, NULL, NULL, NULL, NULL, NULL, NULL, NULL, NULL, NULL, NULL, NULL, NULL),
(442, 'كيرلس اسحاق عزيز اسحاق', '201510601', NULL, NULL, NULL, 1, NULL, NULL, NULL, NULL, NULL, 1, NULL, NULL, NULL, 1, 1, NULL, NULL, NULL, '0', NULL, NULL, '201510601', '201510601', NULL, NULL, NULL, NULL, NULL, NULL, NULL, NULL, NULL, NULL, NULL, NULL, NULL, NULL, NULL, NULL, NULL, NULL, NULL, NULL, NULL, NULL, NULL, NULL, NULL, NULL, NULL, NULL, NULL, NULL, '2021-01-24 09:37:29', '2021-01-24 09:37:29', NULL, NULL, NULL, NULL, NULL, NULL, NULL, NULL, NULL, NULL, NULL, NULL, NULL, NULL),
(443, 'كيرلس عادل سمير بطرس', '201510524', NULL, NULL, NULL, 1, NULL, NULL, NULL, NULL, NULL, 1, NULL, NULL, NULL, 1, 1, NULL, NULL, NULL, '0', NULL, NULL, '201510524', '201510524', NULL, NULL, NULL, NULL, NULL, NULL, NULL, NULL, NULL, NULL, NULL, NULL, NULL, NULL, NULL, NULL, NULL, NULL, NULL, NULL, NULL, NULL, NULL, NULL, NULL, NULL, NULL, NULL, NULL, NULL, '2021-01-24 09:37:29', '2021-01-24 09:37:29', NULL, NULL, NULL, NULL, NULL, NULL, NULL, NULL, NULL, NULL, NULL, NULL, NULL, NULL),
(444, 'كيرلس عادل عازر داود', '201510525', NULL, NULL, NULL, 1, NULL, NULL, NULL, NULL, NULL, 1, NULL, NULL, NULL, 1, 1, NULL, NULL, NULL, '0', NULL, NULL, '201510525', '201510525', NULL, NULL, NULL, NULL, NULL, NULL, NULL, NULL, NULL, NULL, NULL, NULL, NULL, NULL, NULL, NULL, NULL, NULL, NULL, NULL, NULL, NULL, NULL, NULL, NULL, NULL, NULL, NULL, NULL, NULL, '2021-01-24 09:37:29', '2021-01-24 09:37:29', NULL, NULL, NULL, NULL, NULL, NULL, NULL, NULL, NULL, NULL, NULL, NULL, NULL, NULL),
(445, 'كيرلس نبيل  زكى اسكاروس', '201510433', NULL, NULL, NULL, 1, NULL, NULL, NULL, NULL, NULL, 1, NULL, NULL, NULL, 1, 1, NULL, NULL, NULL, '0', NULL, NULL, '201510433', '201510433', NULL, NULL, NULL, NULL, NULL, NULL, NULL, NULL, NULL, NULL, NULL, NULL, NULL, NULL, NULL, NULL, NULL, NULL, NULL, NULL, NULL, NULL, NULL, NULL, NULL, NULL, NULL, NULL, NULL, NULL, '2021-01-24 09:37:29', '2021-01-24 09:37:29', NULL, NULL, NULL, NULL, NULL, NULL, NULL, NULL, NULL, NULL, NULL, NULL, NULL, NULL),
(446, 'لاميس ابراهيم عبدالله ابراهيم', '201510431', NULL, NULL, NULL, 1, NULL, NULL, NULL, NULL, NULL, 1, NULL, NULL, NULL, 1, 1, NULL, NULL, NULL, '0', NULL, NULL, '201510431', '201510431', NULL, NULL, NULL, NULL, NULL, NULL, NULL, NULL, NULL, NULL, NULL, NULL, NULL, NULL, NULL, NULL, NULL, NULL, NULL, NULL, NULL, NULL, NULL, NULL, NULL, NULL, NULL, NULL, NULL, NULL, '2021-01-24 09:37:29', '2021-01-24 09:37:29', NULL, NULL, NULL, NULL, NULL, NULL, NULL, NULL, NULL, NULL, NULL, NULL, NULL, NULL),
(447, 'لبيب منصور لبيب السيد', '201510089', NULL, NULL, NULL, 1, NULL, NULL, NULL, NULL, NULL, 1, NULL, NULL, NULL, 1, 1, NULL, NULL, NULL, '0', NULL, NULL, '201510089', '201510089', NULL, NULL, NULL, NULL, NULL, NULL, NULL, NULL, NULL, NULL, NULL, NULL, NULL, NULL, NULL, NULL, NULL, NULL, NULL, NULL, NULL, NULL, NULL, NULL, NULL, NULL, NULL, NULL, NULL, NULL, '2021-01-24 09:37:29', '2021-01-24 09:37:29', NULL, NULL, NULL, NULL, NULL, NULL, NULL, NULL, NULL, NULL, NULL, NULL, NULL, NULL),
(448, 'لمياء طوسن محمد طوسن', '201510518', NULL, NULL, NULL, 1, NULL, NULL, NULL, NULL, NULL, 1, NULL, NULL, NULL, 1, 1, NULL, NULL, NULL, '0', NULL, NULL, '201510518', '201510518', NULL, NULL, NULL, NULL, NULL, NULL, NULL, NULL, NULL, NULL, NULL, NULL, NULL, NULL, NULL, NULL, NULL, NULL, NULL, NULL, NULL, NULL, NULL, NULL, NULL, NULL, NULL, NULL, NULL, NULL, '2021-01-24 09:37:29', '2021-01-24 09:37:29', NULL, NULL, NULL, NULL, NULL, NULL, NULL, NULL, NULL, NULL, NULL, NULL, NULL, NULL),
(449, 'لمياء محمود كامل مرزوق', '201510479', NULL, NULL, NULL, 1, NULL, NULL, NULL, NULL, NULL, 1, NULL, NULL, NULL, 1, 1, NULL, NULL, NULL, '0', NULL, NULL, '201510479', '201510479', NULL, NULL, NULL, NULL, NULL, NULL, NULL, NULL, NULL, NULL, NULL, NULL, NULL, NULL, NULL, NULL, NULL, NULL, NULL, NULL, NULL, NULL, NULL, NULL, NULL, NULL, NULL, NULL, NULL, NULL, '2021-01-24 09:37:30', '2021-01-24 09:37:30', NULL, NULL, NULL, NULL, NULL, NULL, NULL, NULL, NULL, NULL, NULL, NULL, NULL, NULL),
(450, 'مؤمن رشدى صابر محمد', '201510448', NULL, NULL, NULL, 1, NULL, NULL, NULL, NULL, NULL, 1, NULL, NULL, NULL, 1, 1, NULL, NULL, NULL, '0', NULL, NULL, '201510448', '201510448', NULL, NULL, NULL, NULL, NULL, NULL, NULL, NULL, NULL, NULL, NULL, NULL, NULL, NULL, NULL, NULL, NULL, NULL, NULL, NULL, NULL, NULL, NULL, NULL, NULL, NULL, NULL, NULL, NULL, NULL, '2021-01-24 09:37:30', '2021-01-24 09:37:30', NULL, NULL, NULL, NULL, NULL, NULL, NULL, NULL, NULL, NULL, NULL, NULL, NULL, NULL),
(451, 'مؤمن محمود رجب احمد حسين', '201510251', NULL, NULL, NULL, 1, NULL, NULL, NULL, NULL, NULL, 1, NULL, NULL, NULL, 1, 1, NULL, NULL, NULL, '0', NULL, NULL, '201510251', '201510251', NULL, NULL, NULL, NULL, NULL, NULL, NULL, NULL, NULL, NULL, NULL, NULL, NULL, NULL, NULL, NULL, NULL, NULL, NULL, NULL, NULL, NULL, NULL, NULL, NULL, NULL, NULL, NULL, NULL, NULL, '2021-01-24 09:37:30', '2021-01-24 09:37:30', NULL, NULL, NULL, NULL, NULL, NULL, NULL, NULL, NULL, NULL, NULL, NULL, NULL, NULL),
(452, 'مؤمن نصر زكريا على', '201510013', NULL, NULL, NULL, 1, NULL, NULL, NULL, NULL, NULL, 1, NULL, NULL, NULL, 1, 1, NULL, NULL, NULL, '0', NULL, NULL, '201510013', '201510013', NULL, NULL, NULL, NULL, NULL, NULL, NULL, NULL, NULL, NULL, NULL, NULL, NULL, NULL, NULL, NULL, NULL, NULL, NULL, NULL, NULL, NULL, NULL, NULL, NULL, NULL, NULL, NULL, NULL, NULL, '2021-01-24 09:37:30', '2021-01-24 09:37:30', NULL, NULL, NULL, NULL, NULL, NULL, NULL, NULL, NULL, NULL, NULL, NULL, NULL, NULL),
(453, 'ماجد فضل الله خليل مشرقى', '201510157', NULL, NULL, NULL, 1, NULL, NULL, NULL, NULL, NULL, 1, NULL, NULL, NULL, 1, 1, NULL, NULL, NULL, '0', NULL, NULL, '201510157', '201510157', NULL, NULL, NULL, NULL, NULL, NULL, NULL, NULL, NULL, NULL, NULL, NULL, NULL, NULL, NULL, NULL, NULL, NULL, NULL, NULL, NULL, NULL, NULL, NULL, NULL, NULL, NULL, NULL, NULL, NULL, '2021-01-24 09:37:30', '2021-01-24 09:37:30', NULL, NULL, NULL, NULL, NULL, NULL, NULL, NULL, NULL, NULL, NULL, NULL, NULL, NULL),
(454, 'ماجده جابر مسعد سيد', '201510662', NULL, NULL, NULL, 1, NULL, NULL, NULL, NULL, NULL, 1, NULL, NULL, NULL, 1, 1, NULL, NULL, NULL, '0', NULL, NULL, '201510662', '201510662', NULL, NULL, NULL, NULL, NULL, NULL, NULL, NULL, NULL, NULL, NULL, NULL, NULL, NULL, NULL, NULL, NULL, NULL, NULL, NULL, NULL, NULL, NULL, NULL, NULL, NULL, NULL, NULL, NULL, NULL, '2021-01-24 09:37:30', '2021-01-24 09:37:30', NULL, NULL, NULL, NULL, NULL, NULL, NULL, NULL, NULL, NULL, NULL, NULL, NULL, NULL),
(455, 'مارتينا سامى رياض بطرس', '201510286', NULL, NULL, NULL, 1, NULL, NULL, NULL, NULL, NULL, 1, NULL, NULL, NULL, 1, 1, NULL, NULL, NULL, '0', NULL, NULL, '201510286', '201510286', NULL, NULL, NULL, NULL, NULL, NULL, NULL, NULL, NULL, NULL, NULL, NULL, NULL, NULL, NULL, NULL, NULL, NULL, NULL, NULL, NULL, NULL, NULL, NULL, NULL, NULL, NULL, NULL, NULL, NULL, '2021-01-24 09:37:30', '2021-01-24 09:37:30', NULL, NULL, NULL, NULL, NULL, NULL, NULL, NULL, NULL, NULL, NULL, NULL, NULL, NULL),
(456, 'مارسيل مكرم صبحى جورجى', '201510618', NULL, NULL, NULL, 1, NULL, NULL, NULL, NULL, NULL, 1, NULL, NULL, NULL, 1, 1, NULL, NULL, NULL, '0', NULL, NULL, '201510618', '201510618', NULL, NULL, NULL, NULL, NULL, NULL, NULL, NULL, NULL, NULL, NULL, NULL, NULL, NULL, NULL, NULL, NULL, NULL, NULL, NULL, NULL, NULL, NULL, NULL, NULL, NULL, NULL, NULL, NULL, NULL, '2021-01-24 09:37:30', '2021-01-24 09:37:30', NULL, NULL, NULL, NULL, NULL, NULL, NULL, NULL, NULL, NULL, NULL, NULL, NULL, NULL),
(457, 'مارينا اشرف وليم كامل', '201510586', NULL, NULL, NULL, 1, NULL, NULL, NULL, NULL, NULL, 1, NULL, NULL, NULL, 1, 1, NULL, NULL, NULL, '0', NULL, NULL, '201510586', '201510586', NULL, NULL, NULL, NULL, NULL, NULL, NULL, NULL, NULL, NULL, NULL, NULL, NULL, NULL, NULL, NULL, NULL, NULL, NULL, NULL, NULL, NULL, NULL, NULL, NULL, NULL, NULL, NULL, NULL, NULL, '2021-01-24 09:37:30', '2021-01-24 09:37:30', NULL, NULL, NULL, NULL, NULL, NULL, NULL, NULL, NULL, NULL, NULL, NULL, NULL, NULL),
(458, 'ماريو صبرى عزيز اسحق', '201510584', NULL, NULL, NULL, 1, NULL, NULL, NULL, NULL, NULL, 1, NULL, NULL, NULL, 1, 1, NULL, NULL, NULL, '0', NULL, NULL, '201510584', '201510584', NULL, NULL, NULL, NULL, NULL, NULL, NULL, NULL, NULL, NULL, NULL, NULL, NULL, NULL, NULL, NULL, NULL, NULL, NULL, NULL, NULL, NULL, NULL, NULL, NULL, NULL, NULL, NULL, NULL, NULL, '2021-01-24 09:37:30', '2021-01-24 09:37:30', NULL, NULL, NULL, NULL, NULL, NULL, NULL, NULL, NULL, NULL, NULL, NULL, NULL, NULL),
(459, 'ماريو صلاح عطيه حنا', '201510509', NULL, NULL, NULL, 1, NULL, NULL, NULL, NULL, NULL, 1, NULL, NULL, NULL, 1, 1, NULL, NULL, NULL, '0', NULL, NULL, '201510509', '201510509', NULL, NULL, NULL, NULL, NULL, NULL, NULL, NULL, NULL, NULL, NULL, NULL, NULL, NULL, NULL, NULL, NULL, NULL, NULL, NULL, NULL, NULL, NULL, NULL, NULL, NULL, NULL, NULL, NULL, NULL, '2021-01-24 09:37:30', '2021-01-24 09:37:30', NULL, NULL, NULL, NULL, NULL, NULL, NULL, NULL, NULL, NULL, NULL, NULL, NULL, NULL),
(460, 'ماها رجب محمد علوانى', '201510356', NULL, NULL, NULL, 1, NULL, NULL, NULL, NULL, NULL, 1, NULL, NULL, NULL, 1, 1, NULL, NULL, NULL, '0', NULL, NULL, '201510356', '201510356', NULL, NULL, NULL, NULL, NULL, NULL, NULL, NULL, NULL, NULL, NULL, NULL, NULL, NULL, NULL, NULL, NULL, NULL, NULL, NULL, NULL, NULL, NULL, NULL, NULL, NULL, NULL, NULL, NULL, NULL, '2021-01-24 09:37:30', '2021-01-24 09:37:30', NULL, NULL, NULL, NULL, NULL, NULL, NULL, NULL, NULL, NULL, NULL, NULL, NULL, NULL),
(461, 'مايسه اسامه محمد محمد', '201510200', NULL, NULL, NULL, 1, NULL, NULL, NULL, NULL, NULL, 1, NULL, NULL, NULL, 1, 1, NULL, NULL, NULL, '0', NULL, NULL, '201510200', '201510200', NULL, NULL, NULL, NULL, NULL, NULL, NULL, NULL, NULL, NULL, NULL, NULL, NULL, NULL, NULL, NULL, NULL, NULL, NULL, NULL, NULL, NULL, NULL, NULL, NULL, NULL, NULL, NULL, NULL, NULL, '2021-01-24 09:37:30', '2021-01-24 09:37:30', NULL, NULL, NULL, NULL, NULL, NULL, NULL, NULL, NULL, NULL, NULL, NULL, NULL, NULL),
(462, 'مايسه طه مصطفى طه', '201510087', NULL, NULL, NULL, 1, NULL, NULL, NULL, NULL, NULL, 1, NULL, NULL, NULL, 1, 1, NULL, NULL, NULL, '0', NULL, NULL, '201510087', '201510087', NULL, NULL, NULL, NULL, NULL, NULL, NULL, NULL, NULL, NULL, NULL, NULL, NULL, NULL, NULL, NULL, NULL, NULL, NULL, NULL, NULL, NULL, NULL, NULL, NULL, NULL, NULL, NULL, NULL, NULL, '2021-01-24 09:37:30', '2021-01-24 09:37:30', NULL, NULL, NULL, NULL, NULL, NULL, NULL, NULL, NULL, NULL, NULL, NULL, NULL, NULL),
(463, 'مايكل سمعان منير عزيز', '201510540', NULL, NULL, NULL, 1, NULL, NULL, NULL, NULL, NULL, 1, NULL, NULL, NULL, 1, 1, NULL, NULL, NULL, '0', NULL, NULL, '201510540', '201510540', NULL, NULL, NULL, NULL, NULL, NULL, NULL, NULL, NULL, NULL, NULL, NULL, NULL, NULL, NULL, NULL, NULL, NULL, NULL, NULL, NULL, NULL, NULL, NULL, NULL, NULL, NULL, NULL, NULL, NULL, '2021-01-24 09:37:30', '2021-01-24 09:37:30', NULL, NULL, NULL, NULL, NULL, NULL, NULL, NULL, NULL, NULL, NULL, NULL, NULL, NULL),
(464, 'مايكل مجدى وليم مساك', '201510001', NULL, NULL, NULL, 1, NULL, NULL, NULL, NULL, NULL, 1, NULL, NULL, NULL, 1, 1, NULL, NULL, NULL, '0', NULL, NULL, '201510001', '201510001', NULL, NULL, NULL, NULL, NULL, NULL, NULL, NULL, NULL, NULL, NULL, NULL, NULL, NULL, NULL, NULL, NULL, NULL, NULL, NULL, NULL, NULL, NULL, NULL, NULL, NULL, NULL, NULL, NULL, NULL, '2021-01-24 09:37:30', '2021-01-24 09:37:30', NULL, NULL, NULL, NULL, NULL, NULL, NULL, NULL, NULL, NULL, NULL, NULL, NULL, NULL),
(465, 'محروس عربى رمضان توفيق', '201510569', NULL, NULL, NULL, 1, NULL, NULL, NULL, NULL, NULL, 1, NULL, NULL, NULL, 1, 1, NULL, NULL, NULL, '0', NULL, NULL, '201510569', '201510569', NULL, NULL, NULL, NULL, NULL, NULL, NULL, NULL, NULL, NULL, NULL, NULL, NULL, NULL, NULL, NULL, NULL, NULL, NULL, NULL, NULL, NULL, NULL, NULL, NULL, NULL, NULL, NULL, NULL, NULL, '2021-01-24 09:37:30', '2021-01-24 09:37:30', NULL, NULL, NULL, NULL, NULL, NULL, NULL, NULL, NULL, NULL, NULL, NULL, NULL, NULL),
(466, 'محروسه شعبان معوض جوده', '201510629', NULL, NULL, NULL, 1, NULL, NULL, NULL, NULL, NULL, 1, NULL, NULL, NULL, 1, 1, NULL, NULL, NULL, '0', NULL, NULL, '201510629', '201510629', NULL, NULL, NULL, NULL, NULL, NULL, NULL, NULL, NULL, NULL, NULL, NULL, NULL, NULL, NULL, NULL, NULL, NULL, NULL, NULL, NULL, NULL, NULL, NULL, NULL, NULL, NULL, NULL, NULL, NULL, '2021-01-24 09:37:30', '2021-01-24 09:37:30', NULL, NULL, NULL, NULL, NULL, NULL, NULL, NULL, NULL, NULL, NULL, NULL, NULL, NULL),
(467, 'محسن علاءالدين محمد عبدالمعبود', '201510428', NULL, NULL, NULL, 1, NULL, NULL, NULL, NULL, NULL, 1, NULL, NULL, NULL, 1, 1, NULL, NULL, NULL, '0', NULL, NULL, '201510428', '201510428', NULL, NULL, NULL, NULL, NULL, NULL, NULL, NULL, NULL, NULL, NULL, NULL, NULL, NULL, NULL, NULL, NULL, NULL, NULL, NULL, NULL, NULL, NULL, NULL, NULL, NULL, NULL, NULL, NULL, NULL, '2021-01-24 09:37:30', '2021-01-24 09:37:30', NULL, NULL, NULL, NULL, NULL, NULL, NULL, NULL, NULL, NULL, NULL, NULL, NULL, NULL),
(468, 'محمد احمد جمال عبدالله', '201510175', NULL, NULL, NULL, 1, NULL, NULL, NULL, NULL, NULL, 1, NULL, NULL, NULL, 1, 1, NULL, NULL, NULL, '0', NULL, NULL, '201510175', '201510175', NULL, NULL, NULL, NULL, NULL, NULL, NULL, NULL, NULL, NULL, NULL, NULL, NULL, NULL, NULL, NULL, NULL, NULL, NULL, NULL, NULL, NULL, NULL, NULL, NULL, NULL, NULL, NULL, NULL, NULL, '2021-01-24 09:37:30', '2021-01-24 09:37:30', NULL, NULL, NULL, NULL, NULL, NULL, NULL, NULL, NULL, NULL, NULL, NULL, NULL, NULL),
(469, 'محمد احمد عبدالموجود الروبى', '201510481', NULL, NULL, NULL, 1, NULL, NULL, NULL, NULL, NULL, 1, NULL, NULL, NULL, 1, 1, NULL, NULL, NULL, '0', NULL, NULL, '201510481', '201510481', NULL, NULL, NULL, NULL, NULL, NULL, NULL, NULL, NULL, NULL, NULL, NULL, NULL, NULL, NULL, NULL, NULL, NULL, NULL, NULL, NULL, NULL, NULL, NULL, NULL, NULL, NULL, NULL, NULL, NULL, '2021-01-24 09:37:30', '2021-01-24 09:37:30', NULL, NULL, NULL, NULL, NULL, NULL, NULL, NULL, NULL, NULL, NULL, NULL, NULL, NULL),
(470, 'محمد احمد عويس شاذلى', '201510197', NULL, NULL, NULL, 1, NULL, NULL, NULL, NULL, NULL, 1, NULL, NULL, NULL, 1, 1, NULL, NULL, NULL, '0', NULL, NULL, '201510197', '201510197', NULL, NULL, NULL, NULL, NULL, NULL, NULL, NULL, NULL, NULL, NULL, NULL, NULL, NULL, NULL, NULL, NULL, NULL, NULL, NULL, NULL, NULL, NULL, NULL, NULL, NULL, NULL, NULL, NULL, NULL, '2021-01-24 09:37:30', '2021-01-24 09:37:30', NULL, NULL, NULL, NULL, NULL, NULL, NULL, NULL, NULL, NULL, NULL, NULL, NULL, NULL),
(471, 'محمد احمد محمد عبداللطيف', '201510298', NULL, NULL, NULL, 1, NULL, NULL, NULL, NULL, NULL, 1, NULL, NULL, NULL, 1, 1, NULL, NULL, NULL, '0', NULL, NULL, '201510298', '201510298', NULL, NULL, NULL, NULL, NULL, NULL, NULL, NULL, NULL, NULL, NULL, NULL, NULL, NULL, NULL, NULL, NULL, NULL, NULL, NULL, NULL, NULL, NULL, NULL, NULL, NULL, NULL, NULL, NULL, NULL, '2021-01-24 09:37:30', '2021-01-24 09:37:30', NULL, NULL, NULL, NULL, NULL, NULL, NULL, NULL, NULL, NULL, NULL, NULL, NULL, NULL),
(472, 'محمد اسامه مصطفى سالم', '201510168', NULL, NULL, NULL, 1, NULL, NULL, NULL, NULL, NULL, 1, NULL, NULL, NULL, 1, 1, NULL, NULL, NULL, '0', NULL, NULL, '201510168', '201510168', NULL, NULL, NULL, NULL, NULL, NULL, NULL, NULL, NULL, NULL, NULL, NULL, NULL, NULL, NULL, NULL, NULL, NULL, NULL, NULL, NULL, NULL, NULL, NULL, NULL, NULL, NULL, NULL, NULL, NULL, '2021-01-24 09:37:30', '2021-01-24 09:37:30', NULL, NULL, NULL, NULL, NULL, NULL, NULL, NULL, NULL, NULL, NULL, NULL, NULL, NULL),
(473, 'محمد جابر عبدالوهاب سيد', '201510359', NULL, NULL, NULL, 1, NULL, NULL, NULL, NULL, NULL, 1, NULL, NULL, NULL, 1, 1, NULL, NULL, NULL, '0', NULL, NULL, '201510359', '201510359', NULL, NULL, NULL, NULL, NULL, NULL, NULL, NULL, NULL, NULL, NULL, NULL, NULL, NULL, NULL, NULL, NULL, NULL, NULL, NULL, NULL, NULL, NULL, NULL, NULL, NULL, NULL, NULL, NULL, NULL, '2021-01-24 09:37:30', '2021-01-24 09:37:30', NULL, NULL, NULL, NULL, NULL, NULL, NULL, NULL, NULL, NULL, NULL, NULL, NULL, NULL),
(474, 'محمد جابر محمد عطاالله', '201510683', NULL, NULL, NULL, 1, NULL, NULL, NULL, NULL, NULL, 1, NULL, NULL, NULL, 1, 1, NULL, NULL, NULL, '0', NULL, NULL, '201510683', '201510683', NULL, NULL, NULL, NULL, NULL, NULL, NULL, NULL, NULL, NULL, NULL, NULL, NULL, NULL, NULL, NULL, NULL, NULL, NULL, NULL, NULL, NULL, NULL, NULL, NULL, NULL, NULL, NULL, NULL, NULL, '2021-01-24 09:37:30', '2021-01-24 09:37:30', NULL, NULL, NULL, NULL, NULL, NULL, NULL, NULL, NULL, NULL, NULL, NULL, NULL, NULL),
(475, 'محمد جمال صالح عبدالفتاح', '201510048', NULL, NULL, NULL, 1, NULL, NULL, NULL, NULL, NULL, 1, NULL, NULL, NULL, 1, 1, NULL, NULL, NULL, '0', NULL, NULL, '201510048', '201510048', NULL, NULL, NULL, NULL, NULL, NULL, NULL, NULL, NULL, NULL, NULL, NULL, NULL, NULL, NULL, NULL, NULL, NULL, NULL, NULL, NULL, NULL, NULL, NULL, NULL, NULL, NULL, NULL, NULL, NULL, '2021-01-24 09:37:30', '2021-01-24 09:37:30', NULL, NULL, NULL, NULL, NULL, NULL, NULL, NULL, NULL, NULL, NULL, NULL, NULL, NULL),
(476, 'محمد حسام الدين محمد عباس', '201510158', NULL, NULL, NULL, 1, NULL, NULL, NULL, NULL, NULL, 1, NULL, NULL, NULL, 1, 1, NULL, NULL, NULL, '0', NULL, NULL, '201510158', '201510158', NULL, NULL, NULL, NULL, NULL, NULL, NULL, NULL, NULL, NULL, NULL, NULL, NULL, NULL, NULL, NULL, NULL, NULL, NULL, NULL, NULL, NULL, NULL, NULL, NULL, NULL, NULL, NULL, NULL, NULL, '2021-01-24 09:37:30', '2021-01-24 09:37:30', NULL, NULL, NULL, NULL, NULL, NULL, NULL, NULL, NULL, NULL, NULL, NULL, NULL, NULL),
(477, 'محمد حسن ربيع محمد', '201510574', NULL, NULL, NULL, 1, NULL, NULL, NULL, NULL, NULL, 1, NULL, NULL, NULL, 1, 1, NULL, NULL, NULL, '0', NULL, NULL, '201510574', '201510574', NULL, NULL, NULL, NULL, NULL, NULL, NULL, NULL, NULL, NULL, NULL, NULL, NULL, NULL, NULL, NULL, NULL, NULL, NULL, NULL, NULL, NULL, NULL, NULL, NULL, NULL, NULL, NULL, NULL, NULL, '2021-01-24 09:37:30', '2021-01-24 09:37:30', NULL, NULL, NULL, NULL, NULL, NULL, NULL, NULL, NULL, NULL, NULL, NULL, NULL, NULL),
(478, 'محمد حسن على عبدالنبى', '201510630', NULL, NULL, NULL, 1, NULL, NULL, NULL, NULL, NULL, 1, NULL, NULL, NULL, 1, 1, NULL, NULL, NULL, '0', NULL, NULL, '201510630', '201510630', NULL, NULL, NULL, NULL, NULL, NULL, NULL, NULL, NULL, NULL, NULL, NULL, NULL, NULL, NULL, NULL, NULL, NULL, NULL, NULL, NULL, NULL, NULL, NULL, NULL, NULL, NULL, NULL, NULL, NULL, '2021-01-24 09:37:30', '2021-01-24 09:37:30', NULL, NULL, NULL, NULL, NULL, NULL, NULL, NULL, NULL, NULL, NULL, NULL, NULL, NULL),
(479, 'محمد حسنى عبدالتواب احمد', '201510046', NULL, NULL, NULL, 1, NULL, NULL, NULL, NULL, NULL, 1, NULL, NULL, NULL, 1, 1, NULL, NULL, NULL, '0', NULL, NULL, '201510046', '201510046', NULL, NULL, NULL, NULL, NULL, NULL, NULL, NULL, NULL, NULL, NULL, NULL, NULL, NULL, NULL, NULL, NULL, NULL, NULL, NULL, NULL, NULL, NULL, NULL, NULL, NULL, NULL, NULL, NULL, NULL, '2021-01-24 09:37:30', '2021-01-24 09:37:30', NULL, NULL, NULL, NULL, NULL, NULL, NULL, NULL, NULL, NULL, NULL, NULL, NULL, NULL),
(480, 'محمد حسين محمد احمد', '201510244', NULL, NULL, NULL, 1, NULL, NULL, NULL, NULL, NULL, 1, NULL, NULL, NULL, 1, 1, NULL, NULL, NULL, '0', NULL, NULL, '201510244', '201510244', NULL, NULL, NULL, NULL, NULL, NULL, NULL, NULL, NULL, NULL, NULL, NULL, NULL, NULL, NULL, NULL, NULL, NULL, NULL, NULL, NULL, NULL, NULL, NULL, NULL, NULL, NULL, NULL, NULL, NULL, '2021-01-24 09:37:30', '2021-01-24 09:37:30', NULL, NULL, NULL, NULL, NULL, NULL, NULL, NULL, NULL, NULL, NULL, NULL, NULL, NULL),
(481, 'محمد حماده حسن كامل محمد', '201510591', NULL, NULL, NULL, 1, NULL, NULL, NULL, NULL, NULL, 1, NULL, NULL, NULL, 1, 1, NULL, NULL, NULL, '0', NULL, NULL, '201510591', '201510591', NULL, NULL, NULL, NULL, NULL, NULL, NULL, NULL, NULL, NULL, NULL, NULL, NULL, NULL, NULL, NULL, NULL, NULL, NULL, NULL, NULL, NULL, NULL, NULL, NULL, NULL, NULL, NULL, NULL, NULL, '2021-01-24 09:37:30', '2021-01-24 09:37:30', NULL, NULL, NULL, NULL, NULL, NULL, NULL, NULL, NULL, NULL, NULL, NULL, NULL, NULL),
(482, 'محمد حمدى شحاته محمد', '201510090', NULL, NULL, NULL, 1, NULL, NULL, NULL, NULL, NULL, 1, NULL, NULL, NULL, 1, 1, NULL, NULL, NULL, '0', NULL, NULL, '201510090', '201510090', NULL, NULL, NULL, NULL, NULL, NULL, NULL, NULL, NULL, NULL, NULL, NULL, NULL, NULL, NULL, NULL, NULL, NULL, NULL, NULL, NULL, NULL, NULL, NULL, NULL, NULL, NULL, NULL, NULL, NULL, '2021-01-24 09:37:30', '2021-01-24 09:37:30', NULL, NULL, NULL, NULL, NULL, NULL, NULL, NULL, NULL, NULL, NULL, NULL, NULL, NULL),
(483, 'محمد حمدى محمد تمام', '201510604', NULL, NULL, NULL, 1, NULL, NULL, NULL, NULL, NULL, 1, NULL, NULL, NULL, 1, 1, NULL, NULL, NULL, '0', NULL, NULL, '201510604', '201510604', NULL, NULL, NULL, NULL, NULL, NULL, NULL, NULL, NULL, NULL, NULL, NULL, NULL, NULL, NULL, NULL, NULL, NULL, NULL, NULL, NULL, NULL, NULL, NULL, NULL, NULL, NULL, NULL, NULL, NULL, '2021-01-24 09:37:30', '2021-01-24 09:37:30', NULL, NULL, NULL, NULL, NULL, NULL, NULL, NULL, NULL, NULL, NULL, NULL, NULL, NULL),
(484, 'محمد حمدى محمود عبداللطيف', '201510279', NULL, NULL, NULL, 1, NULL, NULL, NULL, NULL, NULL, 1, NULL, NULL, NULL, 1, 1, NULL, NULL, NULL, '0', NULL, NULL, '201510279', '201510279', NULL, NULL, NULL, NULL, NULL, NULL, NULL, NULL, NULL, NULL, NULL, NULL, NULL, NULL, NULL, NULL, NULL, NULL, NULL, NULL, NULL, NULL, NULL, NULL, NULL, NULL, NULL, NULL, NULL, NULL, '2021-01-24 09:37:30', '2021-01-24 09:37:30', NULL, NULL, NULL, NULL, NULL, NULL, NULL, NULL, NULL, NULL, NULL, NULL, NULL, NULL),
(485, 'محمد ربيع كامل محمد', '201510347', NULL, NULL, NULL, 1, NULL, NULL, NULL, NULL, NULL, 1, NULL, NULL, NULL, 1, 1, NULL, NULL, NULL, '0', NULL, NULL, '201510347', '201510347', NULL, NULL, NULL, NULL, NULL, NULL, NULL, NULL, NULL, NULL, NULL, NULL, NULL, NULL, NULL, NULL, NULL, NULL, NULL, NULL, NULL, NULL, NULL, NULL, NULL, NULL, NULL, NULL, NULL, NULL, '2021-01-24 09:37:30', '2021-01-24 09:37:30', NULL, NULL, NULL, NULL, NULL, NULL, NULL, NULL, NULL, NULL, NULL, NULL, NULL, NULL),
(486, 'محمد رجب جمعه رياض', '201510112', NULL, NULL, NULL, 1, NULL, NULL, NULL, NULL, NULL, 1, NULL, NULL, NULL, 1, 1, NULL, NULL, NULL, '0', NULL, NULL, '201510112', '201510112', NULL, NULL, NULL, NULL, NULL, NULL, NULL, NULL, NULL, NULL, NULL, NULL, NULL, NULL, NULL, NULL, NULL, NULL, NULL, NULL, NULL, NULL, NULL, NULL, NULL, NULL, NULL, NULL, NULL, NULL, '2021-01-24 09:37:30', '2021-01-24 09:37:30', NULL, NULL, NULL, NULL, NULL, NULL, NULL, NULL, NULL, NULL, NULL, NULL, NULL, NULL),
(487, 'محمد رضا مجدى شحاته', '201510238', NULL, NULL, NULL, 1, NULL, NULL, NULL, NULL, NULL, 1, NULL, NULL, NULL, 1, 1, NULL, NULL, NULL, '0', NULL, NULL, '201510238', '201510238', NULL, NULL, NULL, NULL, NULL, NULL, NULL, NULL, NULL, NULL, NULL, NULL, NULL, NULL, NULL, NULL, NULL, NULL, NULL, NULL, NULL, NULL, NULL, NULL, NULL, NULL, NULL, NULL, NULL, NULL, '2021-01-24 09:37:30', '2021-01-24 09:37:30', NULL, NULL, NULL, NULL, NULL, NULL, NULL, NULL, NULL, NULL, NULL, NULL, NULL, NULL),
(488, 'محمد رمضان ابراهيم احمد', '201510134', NULL, NULL, NULL, 1, NULL, NULL, NULL, NULL, NULL, 1, NULL, NULL, NULL, 1, 1, NULL, NULL, NULL, '0', NULL, NULL, '201510134', '201510134', NULL, NULL, NULL, NULL, NULL, NULL, NULL, NULL, NULL, NULL, NULL, NULL, NULL, NULL, NULL, NULL, NULL, NULL, NULL, NULL, NULL, NULL, NULL, NULL, NULL, NULL, NULL, NULL, NULL, NULL, '2021-01-24 09:37:30', '2021-01-24 09:37:30', NULL, NULL, NULL, NULL, NULL, NULL, NULL, NULL, NULL, NULL, NULL, NULL, NULL, NULL),
(489, 'محمد رمضان عبدالحليم حامد', '201510652', NULL, NULL, NULL, 1, NULL, NULL, NULL, NULL, NULL, 1, NULL, NULL, NULL, 1, 1, NULL, NULL, NULL, '0', NULL, NULL, '201510652', '201510652', NULL, NULL, NULL, NULL, NULL, NULL, NULL, NULL, NULL, NULL, NULL, NULL, NULL, NULL, NULL, NULL, NULL, NULL, NULL, NULL, NULL, NULL, NULL, NULL, NULL, NULL, NULL, NULL, NULL, NULL, '2021-01-24 09:37:30', '2021-01-24 09:37:30', NULL, NULL, NULL, NULL, NULL, NULL, NULL, NULL, NULL, NULL, NULL, NULL, NULL, NULL);
INSERT INTO `students` (`id`, `name`, `code`, `nationality_id`, `set_number`, `gender`, `academic_years_id`, `registeration_date`, `qualification_types_id`, `qualification_date`, `qualification_id`, `qualification_set_number`, `division_id`, `language_1_id`, `language_2_id`, `city_id`, `level_id`, `department_id`, `government_id`, `country_id`, `religion`, `military_course_status`, `military_status_id`, `military_area_id`, `national_id`, `password`, `grade`, `triple_number`, `address`, `birth_address`, `phone_1`, `registration_status_id`, `registration_method_id`, `national_id_date`, `national_id_place`, `parent_name`, `parent_national_id`, `parent_job_id`, `parent_address`, `parent_phone`, `recommendation_card`, `qualification_certificate`, `birth_certificate`, `personal_identification_photo`, `personal_photo`, `model_2_jund`, `model_6_jund`, `receipt_letter`, `estimates_statement`, `case_status`, `degree_status`, `egyptians_lab_speechs`, `system_academic_year_id`, `azhar_grade`, `constraint_status_id`, `case_constraint_id`, `created_at`, `updated_at`, `notes`, `application_id`, `email`, `relative_relation_id`, `acceptance_code`, `acceptance_date`, `is_application`, `application_code`, `writen_by`, `is_refund`, `api_token`, `phone`, `username`, `password_`) VALUES
(490, 'محمد رمضان محمود عثمان', '201510580', NULL, NULL, NULL, 1, NULL, NULL, NULL, NULL, NULL, 1, NULL, NULL, NULL, 1, 1, NULL, NULL, NULL, '0', NULL, NULL, '201510580', '201510580', NULL, NULL, NULL, NULL, NULL, NULL, NULL, NULL, NULL, NULL, NULL, NULL, NULL, NULL, NULL, NULL, NULL, NULL, NULL, NULL, NULL, NULL, NULL, NULL, NULL, NULL, NULL, NULL, NULL, NULL, '2021-01-24 09:37:30', '2021-01-24 09:37:30', NULL, NULL, NULL, NULL, NULL, NULL, NULL, NULL, NULL, NULL, NULL, NULL, NULL, NULL),
(491, 'محمد سعد محمد عبدالحفيظ', '201510037', NULL, NULL, NULL, 1, NULL, NULL, NULL, NULL, NULL, 1, NULL, NULL, NULL, 1, 1, NULL, NULL, NULL, '0', NULL, NULL, '201510037', '201510037', NULL, NULL, NULL, NULL, NULL, NULL, NULL, NULL, NULL, NULL, NULL, NULL, NULL, NULL, NULL, NULL, NULL, NULL, NULL, NULL, NULL, NULL, NULL, NULL, NULL, NULL, NULL, NULL, NULL, NULL, '2021-01-24 09:37:30', '2021-01-24 09:37:30', NULL, NULL, NULL, NULL, NULL, NULL, NULL, NULL, NULL, NULL, NULL, NULL, NULL, NULL),
(492, 'محمد سعيد على مرسى', '201510566', NULL, NULL, NULL, 1, NULL, NULL, NULL, NULL, NULL, 1, NULL, NULL, NULL, 1, 1, NULL, NULL, NULL, '0', NULL, NULL, '201510566', '201510566', NULL, NULL, NULL, NULL, NULL, NULL, NULL, NULL, NULL, NULL, NULL, NULL, NULL, NULL, NULL, NULL, NULL, NULL, NULL, NULL, NULL, NULL, NULL, NULL, NULL, NULL, NULL, NULL, NULL, NULL, '2021-01-24 09:37:30', '2021-01-24 09:37:30', NULL, NULL, NULL, NULL, NULL, NULL, NULL, NULL, NULL, NULL, NULL, NULL, NULL, NULL),
(493, 'محمد سلامه فتحى سيد', '201510600', NULL, NULL, NULL, 1, NULL, NULL, NULL, NULL, NULL, 1, NULL, NULL, NULL, 1, 1, NULL, NULL, NULL, '0', NULL, NULL, '201510600', '201510600', NULL, NULL, NULL, NULL, NULL, NULL, NULL, NULL, NULL, NULL, NULL, NULL, NULL, NULL, NULL, NULL, NULL, NULL, NULL, NULL, NULL, NULL, NULL, NULL, NULL, NULL, NULL, NULL, NULL, NULL, '2021-01-24 09:37:31', '2021-01-24 09:37:31', NULL, NULL, NULL, NULL, NULL, NULL, NULL, NULL, NULL, NULL, NULL, NULL, NULL, NULL),
(494, 'محمد سيد عزت محمد', '201510486', NULL, NULL, NULL, 1, NULL, NULL, NULL, NULL, NULL, 1, NULL, NULL, NULL, 1, 1, NULL, NULL, NULL, '0', NULL, NULL, '201510486', '201510486', NULL, NULL, NULL, NULL, NULL, NULL, NULL, NULL, NULL, NULL, NULL, NULL, NULL, NULL, NULL, NULL, NULL, NULL, NULL, NULL, NULL, NULL, NULL, NULL, NULL, NULL, NULL, NULL, NULL, NULL, '2021-01-24 09:37:31', '2021-01-24 09:37:31', NULL, NULL, NULL, NULL, NULL, NULL, NULL, NULL, NULL, NULL, NULL, NULL, NULL, NULL),
(495, 'محمد سيد يوسف عبدالجليل', '201510210', NULL, NULL, NULL, 1, NULL, NULL, NULL, NULL, NULL, 1, NULL, NULL, NULL, 1, 1, NULL, NULL, NULL, '0', NULL, NULL, '201510210', '201510210', NULL, NULL, NULL, NULL, NULL, NULL, NULL, NULL, NULL, NULL, NULL, NULL, NULL, NULL, NULL, NULL, NULL, NULL, NULL, NULL, NULL, NULL, NULL, NULL, NULL, NULL, NULL, NULL, NULL, NULL, '2021-01-24 09:37:31', '2021-01-24 09:37:31', NULL, NULL, NULL, NULL, NULL, NULL, NULL, NULL, NULL, NULL, NULL, NULL, NULL, NULL),
(496, 'محمد صباح محمود محمد', '201510334', NULL, NULL, NULL, 1, NULL, NULL, NULL, NULL, NULL, 1, NULL, NULL, NULL, 1, 1, NULL, NULL, NULL, '0', NULL, NULL, '201510334', '201510334', NULL, NULL, NULL, NULL, NULL, NULL, NULL, NULL, NULL, NULL, NULL, NULL, NULL, NULL, NULL, NULL, NULL, NULL, NULL, NULL, NULL, NULL, NULL, NULL, NULL, NULL, NULL, NULL, NULL, NULL, '2021-01-24 09:37:31', '2021-01-24 09:37:31', NULL, NULL, NULL, NULL, NULL, NULL, NULL, NULL, NULL, NULL, NULL, NULL, NULL, NULL),
(497, 'محمد صلاح عبدالله على', '201510039', NULL, NULL, NULL, 1, NULL, NULL, NULL, NULL, NULL, 1, NULL, NULL, NULL, 1, 1, NULL, NULL, NULL, '0', NULL, NULL, '201510039', '201510039', NULL, NULL, NULL, NULL, NULL, NULL, NULL, NULL, NULL, NULL, NULL, NULL, NULL, NULL, NULL, NULL, NULL, NULL, NULL, NULL, NULL, NULL, NULL, NULL, NULL, NULL, NULL, NULL, NULL, NULL, '2021-01-24 09:37:31', '2021-01-24 09:37:31', NULL, NULL, NULL, NULL, NULL, NULL, NULL, NULL, NULL, NULL, NULL, NULL, NULL, NULL),
(498, 'محمد طارق محمد صفوت', '201510289', NULL, NULL, NULL, 1, NULL, NULL, NULL, NULL, NULL, 1, NULL, NULL, NULL, 1, 1, NULL, NULL, NULL, '0', NULL, NULL, '201510289', '201510289', NULL, NULL, NULL, NULL, NULL, NULL, NULL, NULL, NULL, NULL, NULL, NULL, NULL, NULL, NULL, NULL, NULL, NULL, NULL, NULL, NULL, NULL, NULL, NULL, NULL, NULL, NULL, NULL, NULL, NULL, '2021-01-24 09:37:31', '2021-01-24 09:37:31', NULL, NULL, NULL, NULL, NULL, NULL, NULL, NULL, NULL, NULL, NULL, NULL, NULL, NULL),
(499, 'محمد طه نصر محمد', '201510690', NULL, NULL, NULL, 1, NULL, NULL, NULL, NULL, NULL, 1, NULL, NULL, NULL, 1, 1, NULL, NULL, NULL, '0', NULL, NULL, '201510690', '201510690', NULL, NULL, NULL, NULL, NULL, NULL, NULL, NULL, NULL, NULL, NULL, NULL, NULL, NULL, NULL, NULL, NULL, NULL, NULL, NULL, NULL, NULL, NULL, NULL, NULL, NULL, NULL, NULL, NULL, NULL, '2021-01-24 09:37:31', '2021-01-24 09:37:31', NULL, NULL, NULL, NULL, NULL, NULL, NULL, NULL, NULL, NULL, NULL, NULL, NULL, NULL),
(500, 'محمد عادل احمد فرج', '201510663', NULL, NULL, NULL, 1, NULL, NULL, NULL, NULL, NULL, 1, NULL, NULL, NULL, 1, 1, NULL, NULL, NULL, '0', NULL, NULL, '201510663', '201510663', NULL, NULL, NULL, NULL, NULL, NULL, NULL, NULL, NULL, NULL, NULL, NULL, NULL, NULL, NULL, NULL, NULL, NULL, NULL, NULL, NULL, NULL, NULL, NULL, NULL, NULL, NULL, NULL, NULL, NULL, '2021-01-24 09:37:31', '2021-01-24 09:37:31', NULL, NULL, NULL, NULL, NULL, NULL, NULL, NULL, NULL, NULL, NULL, NULL, NULL, NULL),
(501, 'محمد عاطف مخلوف محمد', '201510280', NULL, NULL, NULL, 1, NULL, NULL, NULL, NULL, NULL, 1, NULL, NULL, NULL, 1, 1, NULL, NULL, NULL, '0', NULL, NULL, '201510280', '201510280', NULL, NULL, NULL, NULL, NULL, NULL, NULL, NULL, NULL, NULL, NULL, NULL, NULL, NULL, NULL, NULL, NULL, NULL, NULL, NULL, NULL, NULL, NULL, NULL, NULL, NULL, NULL, NULL, NULL, NULL, '2021-01-24 09:37:31', '2021-01-24 09:37:31', NULL, NULL, NULL, NULL, NULL, NULL, NULL, NULL, NULL, NULL, NULL, NULL, NULL, NULL),
(502, 'محمد عبدالحليم مصطفى سيد', '201510128', NULL, NULL, NULL, 1, NULL, NULL, NULL, NULL, NULL, 1, NULL, NULL, NULL, 1, 1, NULL, NULL, NULL, '0', NULL, NULL, '201510128', '201510128', NULL, NULL, NULL, NULL, NULL, NULL, NULL, NULL, NULL, NULL, NULL, NULL, NULL, NULL, NULL, NULL, NULL, NULL, NULL, NULL, NULL, NULL, NULL, NULL, NULL, NULL, NULL, NULL, NULL, NULL, '2021-01-24 09:37:31', '2021-01-24 09:37:31', NULL, NULL, NULL, NULL, NULL, NULL, NULL, NULL, NULL, NULL, NULL, NULL, NULL, NULL),
(503, 'محمد عبدالخالق حسن محمود', '201510029', NULL, NULL, NULL, 1, NULL, NULL, NULL, NULL, NULL, 1, NULL, NULL, NULL, 1, 1, NULL, NULL, NULL, '0', NULL, NULL, '201510029', '201510029', NULL, NULL, NULL, NULL, NULL, NULL, NULL, NULL, NULL, NULL, NULL, NULL, NULL, NULL, NULL, NULL, NULL, NULL, NULL, NULL, NULL, NULL, NULL, NULL, NULL, NULL, NULL, NULL, NULL, NULL, '2021-01-24 09:37:31', '2021-01-24 09:37:31', NULL, NULL, NULL, NULL, NULL, NULL, NULL, NULL, NULL, NULL, NULL, NULL, NULL, NULL),
(504, 'محمد عبدالرحمن عبدالله شحاته', '201510314', NULL, NULL, NULL, 1, NULL, NULL, NULL, NULL, NULL, 1, NULL, NULL, NULL, 1, 1, NULL, NULL, NULL, '0', NULL, NULL, '201510314', '201510314', NULL, NULL, NULL, NULL, NULL, NULL, NULL, NULL, NULL, NULL, NULL, NULL, NULL, NULL, NULL, NULL, NULL, NULL, NULL, NULL, NULL, NULL, NULL, NULL, NULL, NULL, NULL, NULL, NULL, NULL, '2021-01-24 09:37:31', '2021-01-24 09:37:31', NULL, NULL, NULL, NULL, NULL, NULL, NULL, NULL, NULL, NULL, NULL, NULL, NULL, NULL),
(505, 'محمد عبدالله جلال توفيق', '201510451', NULL, NULL, NULL, 1, NULL, NULL, NULL, NULL, NULL, 1, NULL, NULL, NULL, 1, 1, NULL, NULL, NULL, '0', NULL, NULL, '201510451', '201510451', NULL, NULL, NULL, NULL, NULL, NULL, NULL, NULL, NULL, NULL, NULL, NULL, NULL, NULL, NULL, NULL, NULL, NULL, NULL, NULL, NULL, NULL, NULL, NULL, NULL, NULL, NULL, NULL, NULL, NULL, '2021-01-24 09:37:31', '2021-01-24 09:37:31', NULL, NULL, NULL, NULL, NULL, NULL, NULL, NULL, NULL, NULL, NULL, NULL, NULL, NULL),
(506, 'محمد عبدالله محمد عبدالسلام', '201510470', NULL, NULL, NULL, 1, NULL, NULL, NULL, NULL, NULL, 1, NULL, NULL, NULL, 1, 1, NULL, NULL, NULL, '0', NULL, NULL, '201510470', '201510470', NULL, NULL, NULL, NULL, NULL, NULL, NULL, NULL, NULL, NULL, NULL, NULL, NULL, NULL, NULL, NULL, NULL, NULL, NULL, NULL, NULL, NULL, NULL, NULL, NULL, NULL, NULL, NULL, NULL, NULL, '2021-01-24 09:37:31', '2021-01-24 09:37:31', NULL, NULL, NULL, NULL, NULL, NULL, NULL, NULL, NULL, NULL, NULL, NULL, NULL, NULL),
(507, 'محمد عرفات عبدالعظيم عيسى', '201510720', NULL, NULL, NULL, 1, NULL, NULL, NULL, NULL, NULL, 1, NULL, NULL, NULL, 1, 1, NULL, NULL, NULL, '0', NULL, NULL, '201510720', '201510720', NULL, NULL, NULL, NULL, NULL, NULL, NULL, NULL, NULL, NULL, NULL, NULL, NULL, NULL, NULL, NULL, NULL, NULL, NULL, NULL, NULL, NULL, NULL, NULL, NULL, NULL, NULL, NULL, NULL, NULL, '2021-01-24 09:37:31', '2021-01-24 09:37:31', NULL, NULL, NULL, NULL, NULL, NULL, NULL, NULL, NULL, NULL, NULL, NULL, NULL, NULL),
(508, 'محمد عمادالدين لطفى عطيه', '201510116', NULL, NULL, NULL, 1, NULL, NULL, NULL, NULL, NULL, 1, NULL, NULL, NULL, 1, 1, NULL, NULL, NULL, '0', NULL, NULL, '201510116', '201510116', NULL, NULL, NULL, NULL, NULL, NULL, NULL, NULL, NULL, NULL, NULL, NULL, NULL, NULL, NULL, NULL, NULL, NULL, NULL, NULL, NULL, NULL, NULL, NULL, NULL, NULL, NULL, NULL, NULL, NULL, '2021-01-24 09:37:31', '2021-01-24 09:37:31', NULL, NULL, NULL, NULL, NULL, NULL, NULL, NULL, NULL, NULL, NULL, NULL, NULL, NULL),
(509, 'محمد عمادالدين محمد احمد', '201510344', NULL, NULL, NULL, 1, NULL, NULL, NULL, NULL, NULL, 1, NULL, NULL, NULL, 1, 1, NULL, NULL, NULL, '0', NULL, NULL, '201510344', '201510344', NULL, NULL, NULL, NULL, NULL, NULL, NULL, NULL, NULL, NULL, NULL, NULL, NULL, NULL, NULL, NULL, NULL, NULL, NULL, NULL, NULL, NULL, NULL, NULL, NULL, NULL, NULL, NULL, NULL, NULL, '2021-01-24 09:37:31', '2021-01-24 09:37:31', NULL, NULL, NULL, NULL, NULL, NULL, NULL, NULL, NULL, NULL, NULL, NULL, NULL, NULL),
(510, 'محمد عوض حسين عبدالعزيز', '201510491', NULL, NULL, NULL, 1, NULL, NULL, NULL, NULL, NULL, 1, NULL, NULL, NULL, 1, 1, NULL, NULL, NULL, '0', NULL, NULL, '201510491', '201510491', NULL, NULL, NULL, NULL, NULL, NULL, NULL, NULL, NULL, NULL, NULL, NULL, NULL, NULL, NULL, NULL, NULL, NULL, NULL, NULL, NULL, NULL, NULL, NULL, NULL, NULL, NULL, NULL, NULL, NULL, '2021-01-24 09:37:31', '2021-01-24 09:37:31', NULL, NULL, NULL, NULL, NULL, NULL, NULL, NULL, NULL, NULL, NULL, NULL, NULL, NULL),
(511, 'محمد عيد كردى محمد', '201510208', NULL, NULL, NULL, 1, NULL, NULL, NULL, NULL, NULL, 1, NULL, NULL, NULL, 1, 1, NULL, NULL, NULL, '0', NULL, NULL, '201510208', '201510208', NULL, NULL, NULL, NULL, NULL, NULL, NULL, NULL, NULL, NULL, NULL, NULL, NULL, NULL, NULL, NULL, NULL, NULL, NULL, NULL, NULL, NULL, NULL, NULL, NULL, NULL, NULL, NULL, NULL, NULL, '2021-01-24 09:37:31', '2021-01-24 09:37:31', NULL, NULL, NULL, NULL, NULL, NULL, NULL, NULL, NULL, NULL, NULL, NULL, NULL, NULL),
(512, 'محمد قرنى عيد فاضل', '201510135', NULL, NULL, NULL, 1, NULL, NULL, NULL, NULL, NULL, 1, NULL, NULL, NULL, 1, 1, NULL, NULL, NULL, '0', NULL, NULL, '201510135', '201510135', NULL, NULL, NULL, NULL, NULL, NULL, NULL, NULL, NULL, NULL, NULL, NULL, NULL, NULL, NULL, NULL, NULL, NULL, NULL, NULL, NULL, NULL, NULL, NULL, NULL, NULL, NULL, NULL, NULL, NULL, '2021-01-24 09:37:31', '2021-01-24 09:37:31', NULL, NULL, NULL, NULL, NULL, NULL, NULL, NULL, NULL, NULL, NULL, NULL, NULL, NULL),
(513, 'محمد محمود عباس محمد', '201510588', NULL, NULL, NULL, 1, NULL, NULL, NULL, NULL, NULL, 1, NULL, NULL, NULL, 1, 1, NULL, NULL, NULL, '0', NULL, NULL, '201510588', '201510588', NULL, NULL, NULL, NULL, NULL, NULL, NULL, NULL, NULL, NULL, NULL, NULL, NULL, NULL, NULL, NULL, NULL, NULL, NULL, NULL, NULL, NULL, NULL, NULL, NULL, NULL, NULL, NULL, NULL, NULL, '2021-01-24 09:37:31', '2021-01-24 09:37:31', NULL, NULL, NULL, NULL, NULL, NULL, NULL, NULL, NULL, NULL, NULL, NULL, NULL, NULL),
(514, 'محمد مصطفى عثمان محمد', '201510468', NULL, NULL, NULL, 1, NULL, NULL, NULL, NULL, NULL, 1, NULL, NULL, NULL, 1, 1, NULL, NULL, NULL, '0', NULL, NULL, '201510468', '201510468', NULL, NULL, NULL, NULL, NULL, NULL, NULL, NULL, NULL, NULL, NULL, NULL, NULL, NULL, NULL, NULL, NULL, NULL, NULL, NULL, NULL, NULL, NULL, NULL, NULL, NULL, NULL, NULL, NULL, NULL, '2021-01-24 09:37:31', '2021-01-24 09:37:31', NULL, NULL, NULL, NULL, NULL, NULL, NULL, NULL, NULL, NULL, NULL, NULL, NULL, NULL),
(515, 'محمد معتمد محمد عشرى', '201510410', NULL, NULL, NULL, 1, NULL, NULL, NULL, NULL, NULL, 1, NULL, NULL, NULL, 1, 1, NULL, NULL, NULL, '0', NULL, NULL, '201510410', '201510410', NULL, NULL, NULL, NULL, NULL, NULL, NULL, NULL, NULL, NULL, NULL, NULL, NULL, NULL, NULL, NULL, NULL, NULL, NULL, NULL, NULL, NULL, NULL, NULL, NULL, NULL, NULL, NULL, NULL, NULL, '2021-01-24 09:37:31', '2021-01-24 09:37:31', NULL, NULL, NULL, NULL, NULL, NULL, NULL, NULL, NULL, NULL, NULL, NULL, NULL, NULL),
(516, 'محمد ممدوح اسماعيل سليم', '201510059', NULL, NULL, NULL, 1, NULL, NULL, NULL, NULL, NULL, 1, NULL, NULL, NULL, 1, 1, NULL, NULL, NULL, '0', NULL, NULL, '201510059', '201510059', NULL, NULL, NULL, NULL, NULL, NULL, NULL, NULL, NULL, NULL, NULL, NULL, NULL, NULL, NULL, NULL, NULL, NULL, NULL, NULL, NULL, NULL, NULL, NULL, NULL, NULL, NULL, NULL, NULL, NULL, '2021-01-24 09:37:31', '2021-01-24 09:37:31', NULL, NULL, NULL, NULL, NULL, NULL, NULL, NULL, NULL, NULL, NULL, NULL, NULL, NULL),
(517, 'محمد ممدوح ثروت رجب', '201510605', NULL, NULL, NULL, 1, NULL, NULL, NULL, NULL, NULL, 1, NULL, NULL, NULL, 1, 1, NULL, NULL, NULL, '0', NULL, NULL, '201510605', '201510605', NULL, NULL, NULL, NULL, NULL, NULL, NULL, NULL, NULL, NULL, NULL, NULL, NULL, NULL, NULL, NULL, NULL, NULL, NULL, NULL, NULL, NULL, NULL, NULL, NULL, NULL, NULL, NULL, NULL, NULL, '2021-01-24 09:37:31', '2021-01-24 09:37:31', NULL, NULL, NULL, NULL, NULL, NULL, NULL, NULL, NULL, NULL, NULL, NULL, NULL, NULL),
(518, 'محمد منصور احمد حسن', '201510355', NULL, NULL, NULL, 1, NULL, NULL, NULL, NULL, NULL, 1, NULL, NULL, NULL, 1, 1, NULL, NULL, NULL, '0', NULL, NULL, '201510355', '201510355', NULL, NULL, NULL, NULL, NULL, NULL, NULL, NULL, NULL, NULL, NULL, NULL, NULL, NULL, NULL, NULL, NULL, NULL, NULL, NULL, NULL, NULL, NULL, NULL, NULL, NULL, NULL, NULL, NULL, NULL, '2021-01-24 09:37:31', '2021-01-24 09:37:31', NULL, NULL, NULL, NULL, NULL, NULL, NULL, NULL, NULL, NULL, NULL, NULL, NULL, NULL),
(519, 'محمد هشام حافظ اسماعيل', '201510369', NULL, NULL, NULL, 1, NULL, NULL, NULL, NULL, NULL, 1, NULL, NULL, NULL, 1, 1, NULL, NULL, NULL, '0', NULL, NULL, '201510369', '201510369', NULL, NULL, NULL, NULL, NULL, NULL, NULL, NULL, NULL, NULL, NULL, NULL, NULL, NULL, NULL, NULL, NULL, NULL, NULL, NULL, NULL, NULL, NULL, NULL, NULL, NULL, NULL, NULL, NULL, NULL, '2021-01-24 09:37:31', '2021-01-24 09:37:31', NULL, NULL, NULL, NULL, NULL, NULL, NULL, NULL, NULL, NULL, NULL, NULL, NULL, NULL),
(520, 'محمد يسرى شيمى ياسين', '201510151', NULL, NULL, NULL, 1, NULL, NULL, NULL, NULL, NULL, 1, NULL, NULL, NULL, 1, 1, NULL, NULL, NULL, '0', NULL, NULL, '201510151', '201510151', NULL, NULL, NULL, NULL, NULL, NULL, NULL, NULL, NULL, NULL, NULL, NULL, NULL, NULL, NULL, NULL, NULL, NULL, NULL, NULL, NULL, NULL, NULL, NULL, NULL, NULL, NULL, NULL, NULL, NULL, '2021-01-24 09:37:31', '2021-01-24 09:37:31', NULL, NULL, NULL, NULL, NULL, NULL, NULL, NULL, NULL, NULL, NULL, NULL, NULL, NULL),
(521, 'محمود احمد عبدالعظيم معوض', '201510183', NULL, NULL, NULL, 1, NULL, NULL, NULL, NULL, NULL, 1, NULL, NULL, NULL, 1, 1, NULL, NULL, NULL, '0', NULL, NULL, '201510183', '201510183', NULL, NULL, NULL, NULL, NULL, NULL, NULL, NULL, NULL, NULL, NULL, NULL, NULL, NULL, NULL, NULL, NULL, NULL, NULL, NULL, NULL, NULL, NULL, NULL, NULL, NULL, NULL, NULL, NULL, NULL, '2021-01-24 09:37:31', '2021-01-24 09:37:31', NULL, NULL, NULL, NULL, NULL, NULL, NULL, NULL, NULL, NULL, NULL, NULL, NULL, NULL),
(522, 'محمود انور غانم جوده', '201510178', NULL, NULL, NULL, 1, NULL, NULL, NULL, NULL, NULL, 1, NULL, NULL, NULL, 1, 1, NULL, NULL, NULL, '0', NULL, NULL, '201510178', '201510178', NULL, NULL, NULL, NULL, NULL, NULL, NULL, NULL, NULL, NULL, NULL, NULL, NULL, NULL, NULL, NULL, NULL, NULL, NULL, NULL, NULL, NULL, NULL, NULL, NULL, NULL, NULL, NULL, NULL, NULL, '2021-01-24 09:37:31', '2021-01-24 09:37:31', NULL, NULL, NULL, NULL, NULL, NULL, NULL, NULL, NULL, NULL, NULL, NULL, NULL, NULL),
(523, 'محمود ايمن سلمان عبدالغفار', '201510169', NULL, NULL, NULL, 1, NULL, NULL, NULL, NULL, NULL, 1, NULL, NULL, NULL, 1, 1, NULL, NULL, NULL, '0', NULL, NULL, '201510169', '201510169', NULL, NULL, NULL, NULL, NULL, NULL, NULL, NULL, NULL, NULL, NULL, NULL, NULL, NULL, NULL, NULL, NULL, NULL, NULL, NULL, NULL, NULL, NULL, NULL, NULL, NULL, NULL, NULL, NULL, NULL, '2021-01-24 09:37:31', '2021-01-24 09:37:31', NULL, NULL, NULL, NULL, NULL, NULL, NULL, NULL, NULL, NULL, NULL, NULL, NULL, NULL),
(524, 'محمود جابر رجائى عبدالله', '201510585', NULL, NULL, NULL, 1, NULL, NULL, NULL, NULL, NULL, 1, NULL, NULL, NULL, 1, 1, NULL, NULL, NULL, '0', NULL, NULL, '201510585', '201510585', NULL, NULL, NULL, NULL, NULL, NULL, NULL, NULL, NULL, NULL, NULL, NULL, NULL, NULL, NULL, NULL, NULL, NULL, NULL, NULL, NULL, NULL, NULL, NULL, NULL, NULL, NULL, NULL, NULL, NULL, '2021-01-24 09:37:31', '2021-01-24 09:37:31', NULL, NULL, NULL, NULL, NULL, NULL, NULL, NULL, NULL, NULL, NULL, NULL, NULL, NULL),
(525, 'محمود جمال عبدالناصر حسين', '201510699', NULL, NULL, NULL, 1, NULL, NULL, NULL, NULL, NULL, 1, NULL, NULL, NULL, 1, 1, NULL, NULL, NULL, '0', NULL, NULL, '201510699', '201510699', NULL, NULL, NULL, NULL, NULL, NULL, NULL, NULL, NULL, NULL, NULL, NULL, NULL, NULL, NULL, NULL, NULL, NULL, NULL, NULL, NULL, NULL, NULL, NULL, NULL, NULL, NULL, NULL, NULL, NULL, '2021-01-24 09:37:31', '2021-01-24 09:37:31', NULL, NULL, NULL, NULL, NULL, NULL, NULL, NULL, NULL, NULL, NULL, NULL, NULL, NULL),
(526, 'محمود جمال محمود سيد', '201510121', NULL, NULL, NULL, 1, NULL, NULL, NULL, NULL, NULL, 1, NULL, NULL, NULL, 1, 1, NULL, NULL, NULL, '0', NULL, NULL, '201510121', '201510121', NULL, NULL, NULL, NULL, NULL, NULL, NULL, NULL, NULL, NULL, NULL, NULL, NULL, NULL, NULL, NULL, NULL, NULL, NULL, NULL, NULL, NULL, NULL, NULL, NULL, NULL, NULL, NULL, NULL, NULL, '2021-01-24 09:37:31', '2021-01-24 09:37:31', NULL, NULL, NULL, NULL, NULL, NULL, NULL, NULL, NULL, NULL, NULL, NULL, NULL, NULL),
(527, 'محمود حسن السيد محمود', '201510306', NULL, NULL, NULL, 1, NULL, NULL, NULL, NULL, NULL, 1, NULL, NULL, NULL, 1, 1, NULL, NULL, NULL, '0', NULL, NULL, '201510306', '201510306', NULL, NULL, NULL, NULL, NULL, NULL, NULL, NULL, NULL, NULL, NULL, NULL, NULL, NULL, NULL, NULL, NULL, NULL, NULL, NULL, NULL, NULL, NULL, NULL, NULL, NULL, NULL, NULL, NULL, NULL, '2021-01-24 09:37:31', '2021-01-24 09:37:31', NULL, NULL, NULL, NULL, NULL, NULL, NULL, NULL, NULL, NULL, NULL, NULL, NULL, NULL),
(528, 'محمود خميس مرتاح واعر', '201510065', NULL, NULL, NULL, 1, NULL, NULL, NULL, NULL, NULL, 1, NULL, NULL, NULL, 1, 1, NULL, NULL, NULL, '0', NULL, NULL, '201510065', '201510065', NULL, NULL, NULL, NULL, NULL, NULL, NULL, NULL, NULL, NULL, NULL, NULL, NULL, NULL, NULL, NULL, NULL, NULL, NULL, NULL, NULL, NULL, NULL, NULL, NULL, NULL, NULL, NULL, NULL, NULL, '2021-01-24 09:37:31', '2021-01-24 09:37:31', NULL, NULL, NULL, NULL, NULL, NULL, NULL, NULL, NULL, NULL, NULL, NULL, NULL, NULL),
(529, 'محمود رجب سعد جمعه', '201510027', NULL, NULL, NULL, 1, NULL, NULL, NULL, NULL, NULL, 1, NULL, NULL, NULL, 1, 1, NULL, NULL, NULL, '0', NULL, NULL, '201510027', '201510027', NULL, NULL, NULL, NULL, NULL, NULL, NULL, NULL, NULL, NULL, NULL, NULL, NULL, NULL, NULL, NULL, NULL, NULL, NULL, NULL, NULL, NULL, NULL, NULL, NULL, NULL, NULL, NULL, NULL, NULL, '2021-01-24 09:37:31', '2021-01-24 09:37:31', NULL, NULL, NULL, NULL, NULL, NULL, NULL, NULL, NULL, NULL, NULL, NULL, NULL, NULL),
(530, 'محمود رمضان ابراهيم محمد', '201510625', NULL, NULL, NULL, 1, NULL, NULL, NULL, NULL, NULL, 1, NULL, NULL, NULL, 1, 1, NULL, NULL, NULL, '0', NULL, NULL, '201510625', '201510625', NULL, NULL, NULL, NULL, NULL, NULL, NULL, NULL, NULL, NULL, NULL, NULL, NULL, NULL, NULL, NULL, NULL, NULL, NULL, NULL, NULL, NULL, NULL, NULL, NULL, NULL, NULL, NULL, NULL, NULL, '2021-01-24 09:37:31', '2021-01-24 09:37:31', NULL, NULL, NULL, NULL, NULL, NULL, NULL, NULL, NULL, NULL, NULL, NULL, NULL, NULL),
(531, 'محمود سعيد عبدالغفار محمد', '201510391', NULL, NULL, NULL, 1, NULL, NULL, NULL, NULL, NULL, 1, NULL, NULL, NULL, 1, 1, NULL, NULL, NULL, '0', NULL, NULL, '201510391', '201510391', NULL, NULL, NULL, NULL, NULL, NULL, NULL, NULL, NULL, NULL, NULL, NULL, NULL, NULL, NULL, NULL, NULL, NULL, NULL, NULL, NULL, NULL, NULL, NULL, NULL, NULL, NULL, NULL, NULL, NULL, '2021-01-24 09:37:31', '2021-01-24 09:37:31', NULL, NULL, NULL, NULL, NULL, NULL, NULL, NULL, NULL, NULL, NULL, NULL, NULL, NULL),
(532, 'محمود سيد محمود سيد', '201510675', NULL, NULL, NULL, 1, NULL, NULL, NULL, NULL, NULL, 1, NULL, NULL, NULL, 1, 1, NULL, NULL, NULL, '0', NULL, NULL, '201510675', '201510675', NULL, NULL, NULL, NULL, NULL, NULL, NULL, NULL, NULL, NULL, NULL, NULL, NULL, NULL, NULL, NULL, NULL, NULL, NULL, NULL, NULL, NULL, NULL, NULL, NULL, NULL, NULL, NULL, NULL, NULL, '2021-01-24 09:37:31', '2021-01-24 09:37:31', NULL, NULL, NULL, NULL, NULL, NULL, NULL, NULL, NULL, NULL, NULL, NULL, NULL, NULL),
(533, 'محمود صلاح زايد محمد', '201510262', NULL, NULL, NULL, 1, NULL, NULL, NULL, NULL, NULL, 1, NULL, NULL, NULL, 1, 1, NULL, NULL, NULL, '0', NULL, NULL, '201510262', '201510262', NULL, NULL, NULL, NULL, NULL, NULL, NULL, NULL, NULL, NULL, NULL, NULL, NULL, NULL, NULL, NULL, NULL, NULL, NULL, NULL, NULL, NULL, NULL, NULL, NULL, NULL, NULL, NULL, NULL, NULL, '2021-01-24 09:37:31', '2021-01-24 09:37:31', NULL, NULL, NULL, NULL, NULL, NULL, NULL, NULL, NULL, NULL, NULL, NULL, NULL, NULL),
(534, 'محمود صلاح سيف حسن', '201510654', NULL, NULL, NULL, 1, NULL, NULL, NULL, NULL, NULL, 1, NULL, NULL, NULL, 1, 1, NULL, NULL, NULL, '0', NULL, NULL, '201510654', '201510654', NULL, NULL, NULL, NULL, NULL, NULL, NULL, NULL, NULL, NULL, NULL, NULL, NULL, NULL, NULL, NULL, NULL, NULL, NULL, NULL, NULL, NULL, NULL, NULL, NULL, NULL, NULL, NULL, NULL, NULL, '2021-01-24 09:37:31', '2021-01-24 09:37:31', NULL, NULL, NULL, NULL, NULL, NULL, NULL, NULL, NULL, NULL, NULL, NULL, NULL, NULL),
(535, 'محمود عاشور محمد محمد', '201510716', NULL, NULL, NULL, 1, NULL, NULL, NULL, NULL, NULL, 1, NULL, NULL, NULL, 1, 1, NULL, NULL, NULL, '0', NULL, NULL, '201510716', '201510716', NULL, NULL, NULL, NULL, NULL, NULL, NULL, NULL, NULL, NULL, NULL, NULL, NULL, NULL, NULL, NULL, NULL, NULL, NULL, NULL, NULL, NULL, NULL, NULL, NULL, NULL, NULL, NULL, NULL, NULL, '2021-01-24 09:37:31', '2021-01-24 09:37:31', NULL, NULL, NULL, NULL, NULL, NULL, NULL, NULL, NULL, NULL, NULL, NULL, NULL, NULL),
(536, 'محمود عبدالباسط رجب على', '201510499', NULL, NULL, NULL, 1, NULL, NULL, NULL, NULL, NULL, 1, NULL, NULL, NULL, 1, 1, NULL, NULL, NULL, '0', NULL, NULL, '201510499', '201510499', NULL, NULL, NULL, NULL, NULL, NULL, NULL, NULL, NULL, NULL, NULL, NULL, NULL, NULL, NULL, NULL, NULL, NULL, NULL, NULL, NULL, NULL, NULL, NULL, NULL, NULL, NULL, NULL, NULL, NULL, '2021-01-24 09:37:32', '2021-01-24 09:37:32', NULL, NULL, NULL, NULL, NULL, NULL, NULL, NULL, NULL, NULL, NULL, NULL, NULL, NULL),
(537, 'محمود عبدالرحيم محمد على', '201510638', NULL, NULL, NULL, 1, NULL, NULL, NULL, NULL, NULL, 1, NULL, NULL, NULL, 1, 1, NULL, NULL, NULL, '0', NULL, NULL, '201510638', '201510638', NULL, NULL, NULL, NULL, NULL, NULL, NULL, NULL, NULL, NULL, NULL, NULL, NULL, NULL, NULL, NULL, NULL, NULL, NULL, NULL, NULL, NULL, NULL, NULL, NULL, NULL, NULL, NULL, NULL, NULL, '2021-01-24 09:37:32', '2021-01-24 09:37:32', NULL, NULL, NULL, NULL, NULL, NULL, NULL, NULL, NULL, NULL, NULL, NULL, NULL, NULL),
(538, 'محمود عبدالعال ابوالعنين محمد', '201510570', NULL, NULL, NULL, 1, NULL, NULL, NULL, NULL, NULL, 1, NULL, NULL, NULL, 1, 1, NULL, NULL, NULL, '0', NULL, NULL, '201510570', '201510570', NULL, NULL, NULL, NULL, NULL, NULL, NULL, NULL, NULL, NULL, NULL, NULL, NULL, NULL, NULL, NULL, NULL, NULL, NULL, NULL, NULL, NULL, NULL, NULL, NULL, NULL, NULL, NULL, NULL, NULL, '2021-01-24 09:37:32', '2021-01-24 09:37:32', NULL, NULL, NULL, NULL, NULL, NULL, NULL, NULL, NULL, NULL, NULL, NULL, NULL, NULL),
(539, 'محمود عبدالنبى هاشم عبدالرازق', '201510530', NULL, NULL, NULL, 1, NULL, NULL, NULL, NULL, NULL, 1, NULL, NULL, NULL, 1, 1, NULL, NULL, NULL, '0', NULL, NULL, '201510530', '201510530', NULL, NULL, NULL, NULL, NULL, NULL, NULL, NULL, NULL, NULL, NULL, NULL, NULL, NULL, NULL, NULL, NULL, NULL, NULL, NULL, NULL, NULL, NULL, NULL, NULL, NULL, NULL, NULL, NULL, NULL, '2021-01-24 09:37:32', '2021-01-24 09:37:32', NULL, NULL, NULL, NULL, NULL, NULL, NULL, NULL, NULL, NULL, NULL, NULL, NULL, NULL),
(540, 'محمود على حسن على بركات', '201510653', NULL, NULL, NULL, 1, NULL, NULL, NULL, NULL, NULL, 1, NULL, NULL, NULL, 1, 1, NULL, NULL, NULL, '0', NULL, NULL, '201510653', '201510653', NULL, NULL, NULL, NULL, NULL, NULL, NULL, NULL, NULL, NULL, NULL, NULL, NULL, NULL, NULL, NULL, NULL, NULL, NULL, NULL, NULL, NULL, NULL, NULL, NULL, NULL, NULL, NULL, NULL, NULL, '2021-01-24 09:37:32', '2021-01-24 09:37:32', NULL, NULL, NULL, NULL, NULL, NULL, NULL, NULL, NULL, NULL, NULL, NULL, NULL, NULL),
(541, 'محمود على زين العابدين حسن عبدالرحمن', '201510339', NULL, NULL, NULL, 1, NULL, NULL, NULL, NULL, NULL, 1, NULL, NULL, NULL, 1, 1, NULL, NULL, NULL, '0', NULL, NULL, '201510339', '201510339', NULL, NULL, NULL, NULL, NULL, NULL, NULL, NULL, NULL, NULL, NULL, NULL, NULL, NULL, NULL, NULL, NULL, NULL, NULL, NULL, NULL, NULL, NULL, NULL, NULL, NULL, NULL, NULL, NULL, NULL, '2021-01-24 09:37:32', '2021-01-24 09:37:32', NULL, NULL, NULL, NULL, NULL, NULL, NULL, NULL, NULL, NULL, NULL, NULL, NULL, NULL),
(542, 'محمود عويس عيد عبدالموجود', '201510671', NULL, NULL, NULL, 1, NULL, NULL, NULL, NULL, NULL, 1, NULL, NULL, NULL, 1, 1, NULL, NULL, NULL, '0', NULL, NULL, '201510671', '201510671', NULL, NULL, NULL, NULL, NULL, NULL, NULL, NULL, NULL, NULL, NULL, NULL, NULL, NULL, NULL, NULL, NULL, NULL, NULL, NULL, NULL, NULL, NULL, NULL, NULL, NULL, NULL, NULL, NULL, NULL, '2021-01-24 09:37:32', '2021-01-24 09:37:32', NULL, NULL, NULL, NULL, NULL, NULL, NULL, NULL, NULL, NULL, NULL, NULL, NULL, NULL),
(543, 'محمود عيد جابر عبداللطيف', '201510497', NULL, NULL, NULL, 1, NULL, NULL, NULL, NULL, NULL, 1, NULL, NULL, NULL, 1, 1, NULL, NULL, NULL, '0', NULL, NULL, '201510497', '201510497', NULL, NULL, NULL, NULL, NULL, NULL, NULL, NULL, NULL, NULL, NULL, NULL, NULL, NULL, NULL, NULL, NULL, NULL, NULL, NULL, NULL, NULL, NULL, NULL, NULL, NULL, NULL, NULL, NULL, NULL, '2021-01-24 09:37:32', '2021-01-24 09:37:32', NULL, NULL, NULL, NULL, NULL, NULL, NULL, NULL, NULL, NULL, NULL, NULL, NULL, NULL),
(544, 'محمود محمد فاروق سيد', '201510108', NULL, NULL, NULL, 1, NULL, NULL, NULL, NULL, NULL, 1, NULL, NULL, NULL, 1, 1, NULL, NULL, NULL, '0', NULL, NULL, '201510108', '201510108', NULL, NULL, NULL, NULL, NULL, NULL, NULL, NULL, NULL, NULL, NULL, NULL, NULL, NULL, NULL, NULL, NULL, NULL, NULL, NULL, NULL, NULL, NULL, NULL, NULL, NULL, NULL, NULL, NULL, NULL, '2021-01-24 09:37:32', '2021-01-24 09:37:32', NULL, NULL, NULL, NULL, NULL, NULL, NULL, NULL, NULL, NULL, NULL, NULL, NULL, NULL),
(545, 'محمود مسعود سيد عبود', '201510127', NULL, NULL, NULL, 1, NULL, NULL, NULL, NULL, NULL, 1, NULL, NULL, NULL, 1, 1, NULL, NULL, NULL, '0', NULL, NULL, '201510127', '201510127', NULL, NULL, NULL, NULL, NULL, NULL, NULL, NULL, NULL, NULL, NULL, NULL, NULL, NULL, NULL, NULL, NULL, NULL, NULL, NULL, NULL, NULL, NULL, NULL, NULL, NULL, NULL, NULL, NULL, NULL, '2021-01-24 09:37:32', '2021-01-24 09:37:32', NULL, NULL, NULL, NULL, NULL, NULL, NULL, NULL, NULL, NULL, NULL, NULL, NULL, NULL),
(546, 'محمود مصطفى سليم عبدالرحمن', '201510061', NULL, NULL, NULL, 1, NULL, NULL, NULL, NULL, NULL, 1, NULL, NULL, NULL, 1, 1, NULL, NULL, NULL, '0', NULL, NULL, '201510061', '201510061', NULL, NULL, NULL, NULL, NULL, NULL, NULL, NULL, NULL, NULL, NULL, NULL, NULL, NULL, NULL, NULL, NULL, NULL, NULL, NULL, NULL, NULL, NULL, NULL, NULL, NULL, NULL, NULL, NULL, NULL, '2021-01-24 09:37:32', '2021-01-24 09:37:32', NULL, NULL, NULL, NULL, NULL, NULL, NULL, NULL, NULL, NULL, NULL, NULL, NULL, NULL),
(547, 'محمود مصطفى على احمد', '201510177', NULL, NULL, NULL, 1, NULL, NULL, NULL, NULL, NULL, 1, NULL, NULL, NULL, 1, 1, NULL, NULL, NULL, '0', NULL, NULL, '201510177', '201510177', NULL, NULL, NULL, NULL, NULL, NULL, NULL, NULL, NULL, NULL, NULL, NULL, NULL, NULL, NULL, NULL, NULL, NULL, NULL, NULL, NULL, NULL, NULL, NULL, NULL, NULL, NULL, NULL, NULL, NULL, '2021-01-24 09:37:32', '2021-01-24 09:37:32', NULL, NULL, NULL, NULL, NULL, NULL, NULL, NULL, NULL, NULL, NULL, NULL, NULL, NULL),
(548, 'محمود هانى محمد لبيب امام', '201510458', NULL, NULL, NULL, 1, NULL, NULL, NULL, NULL, NULL, 1, NULL, NULL, NULL, 1, 1, NULL, NULL, NULL, '0', NULL, NULL, '201510458', '201510458', NULL, NULL, NULL, NULL, NULL, NULL, NULL, NULL, NULL, NULL, NULL, NULL, NULL, NULL, NULL, NULL, NULL, NULL, NULL, NULL, NULL, NULL, NULL, NULL, NULL, NULL, NULL, NULL, NULL, NULL, '2021-01-24 09:37:32', '2021-01-24 09:37:32', NULL, NULL, NULL, NULL, NULL, NULL, NULL, NULL, NULL, NULL, NULL, NULL, NULL, NULL),
(549, 'محمود هشام تهامى رزق', '201510164', NULL, NULL, NULL, 1, NULL, NULL, NULL, NULL, NULL, 1, NULL, NULL, NULL, 1, 1, NULL, NULL, NULL, '0', NULL, NULL, '201510164', '201510164', NULL, NULL, NULL, NULL, NULL, NULL, NULL, NULL, NULL, NULL, NULL, NULL, NULL, NULL, NULL, NULL, NULL, NULL, NULL, NULL, NULL, NULL, NULL, NULL, NULL, NULL, NULL, NULL, NULL, NULL, '2021-01-24 09:37:32', '2021-01-24 09:37:32', NULL, NULL, NULL, NULL, NULL, NULL, NULL, NULL, NULL, NULL, NULL, NULL, NULL, NULL),
(550, 'مرام حسين مصطفى حسين', '201510228', NULL, NULL, NULL, 1, NULL, NULL, NULL, NULL, NULL, 1, NULL, NULL, NULL, 1, 1, NULL, NULL, NULL, '0', NULL, NULL, '201510228', '201510228', NULL, NULL, NULL, NULL, NULL, NULL, NULL, NULL, NULL, NULL, NULL, NULL, NULL, NULL, NULL, NULL, NULL, NULL, NULL, NULL, NULL, NULL, NULL, NULL, NULL, NULL, NULL, NULL, NULL, NULL, '2021-01-24 09:37:32', '2021-01-24 09:37:32', NULL, NULL, NULL, NULL, NULL, NULL, NULL, NULL, NULL, NULL, NULL, NULL, NULL, NULL),
(551, 'مرثا سامى يوسف عبدالله', '201510520', NULL, NULL, NULL, 1, NULL, NULL, NULL, NULL, NULL, 1, NULL, NULL, NULL, 1, 1, NULL, NULL, NULL, '0', NULL, NULL, '201510520', '201510520', NULL, NULL, NULL, NULL, NULL, NULL, NULL, NULL, NULL, NULL, NULL, NULL, NULL, NULL, NULL, NULL, NULL, NULL, NULL, NULL, NULL, NULL, NULL, NULL, NULL, NULL, NULL, NULL, NULL, NULL, '2021-01-24 09:37:32', '2021-01-24 09:37:32', NULL, NULL, NULL, NULL, NULL, NULL, NULL, NULL, NULL, NULL, NULL, NULL, NULL, NULL),
(552, 'مروه احمد عبدالمحسن منسى', '201510360', NULL, NULL, NULL, 1, NULL, NULL, NULL, NULL, NULL, 1, NULL, NULL, NULL, 1, 1, NULL, NULL, NULL, '0', NULL, NULL, '201510360', '201510360', NULL, NULL, NULL, NULL, NULL, NULL, NULL, NULL, NULL, NULL, NULL, NULL, NULL, NULL, NULL, NULL, NULL, NULL, NULL, NULL, NULL, NULL, NULL, NULL, NULL, NULL, NULL, NULL, NULL, NULL, '2021-01-24 09:37:32', '2021-01-24 09:37:32', NULL, NULL, NULL, NULL, NULL, NULL, NULL, NULL, NULL, NULL, NULL, NULL, NULL, NULL),
(553, 'مروه خلف عمار محمد', '201510068', NULL, NULL, NULL, 1, NULL, NULL, NULL, NULL, NULL, 1, NULL, NULL, NULL, 1, 1, NULL, NULL, NULL, '0', NULL, NULL, '201510068', '201510068', NULL, NULL, NULL, NULL, NULL, NULL, NULL, NULL, NULL, NULL, NULL, NULL, NULL, NULL, NULL, NULL, NULL, NULL, NULL, NULL, NULL, NULL, NULL, NULL, NULL, NULL, NULL, NULL, NULL, NULL, '2021-01-24 09:37:32', '2021-01-24 09:37:32', NULL, NULL, NULL, NULL, NULL, NULL, NULL, NULL, NULL, NULL, NULL, NULL, NULL, NULL),
(554, 'مروه محمد محمد راغب', '201510495', NULL, NULL, NULL, 1, NULL, NULL, NULL, NULL, NULL, 1, NULL, NULL, NULL, 1, 1, NULL, NULL, NULL, '0', NULL, NULL, '201510495', '201510495', NULL, NULL, NULL, NULL, NULL, NULL, NULL, NULL, NULL, NULL, NULL, NULL, NULL, NULL, NULL, NULL, NULL, NULL, NULL, NULL, NULL, NULL, NULL, NULL, NULL, NULL, NULL, NULL, NULL, NULL, '2021-01-24 09:37:32', '2021-01-24 09:37:32', NULL, NULL, NULL, NULL, NULL, NULL, NULL, NULL, NULL, NULL, NULL, NULL, NULL, NULL),
(555, 'مريم حسن محمود محمد', '201510209', NULL, NULL, NULL, 1, NULL, NULL, NULL, NULL, NULL, 1, NULL, NULL, NULL, 1, 1, NULL, NULL, NULL, '0', NULL, NULL, '201510209', '201510209', NULL, NULL, NULL, NULL, NULL, NULL, NULL, NULL, NULL, NULL, NULL, NULL, NULL, NULL, NULL, NULL, NULL, NULL, NULL, NULL, NULL, NULL, NULL, NULL, NULL, NULL, NULL, NULL, NULL, NULL, '2021-01-24 09:37:32', '2021-01-24 09:37:32', NULL, NULL, NULL, NULL, NULL, NULL, NULL, NULL, NULL, NULL, NULL, NULL, NULL, NULL),
(556, 'مريم رضا رزق فؤاد', '201510691', NULL, NULL, NULL, 1, NULL, NULL, NULL, NULL, NULL, 1, NULL, NULL, NULL, 1, 1, NULL, NULL, NULL, '0', NULL, NULL, '201510691', '201510691', NULL, NULL, NULL, NULL, NULL, NULL, NULL, NULL, NULL, NULL, NULL, NULL, NULL, NULL, NULL, NULL, NULL, NULL, NULL, NULL, NULL, NULL, NULL, NULL, NULL, NULL, NULL, NULL, NULL, NULL, '2021-01-24 09:37:32', '2021-01-24 09:37:32', NULL, NULL, NULL, NULL, NULL, NULL, NULL, NULL, NULL, NULL, NULL, NULL, NULL, NULL),
(557, 'مريم سامى مرقص حنا', '201510658', NULL, NULL, NULL, 1, NULL, NULL, NULL, NULL, NULL, 1, NULL, NULL, NULL, 1, 1, NULL, NULL, NULL, '0', NULL, NULL, '201510658', '201510658', NULL, NULL, NULL, NULL, NULL, NULL, NULL, NULL, NULL, NULL, NULL, NULL, NULL, NULL, NULL, NULL, NULL, NULL, NULL, NULL, NULL, NULL, NULL, NULL, NULL, NULL, NULL, NULL, NULL, NULL, '2021-01-24 09:37:32', '2021-01-24 09:37:32', NULL, NULL, NULL, NULL, NULL, NULL, NULL, NULL, NULL, NULL, NULL, NULL, NULL, NULL),
(558, 'مريم طلعت شحاته ميخائيل', '201510400', NULL, NULL, NULL, 1, NULL, NULL, NULL, NULL, NULL, 1, NULL, NULL, NULL, 1, 1, NULL, NULL, NULL, '0', NULL, NULL, '201510400', '201510400', NULL, NULL, NULL, NULL, NULL, NULL, NULL, NULL, NULL, NULL, NULL, NULL, NULL, NULL, NULL, NULL, NULL, NULL, NULL, NULL, NULL, NULL, NULL, NULL, NULL, NULL, NULL, NULL, NULL, NULL, '2021-01-24 09:37:32', '2021-01-24 09:37:32', NULL, NULL, NULL, NULL, NULL, NULL, NULL, NULL, NULL, NULL, NULL, NULL, NULL, NULL),
(559, 'مريم عزيز فتحى جابر', '201510465', NULL, NULL, NULL, 1, NULL, NULL, NULL, NULL, NULL, 1, NULL, NULL, NULL, 1, 1, NULL, NULL, NULL, '0', NULL, NULL, '201510465', '201510465', NULL, NULL, NULL, NULL, NULL, NULL, NULL, NULL, NULL, NULL, NULL, NULL, NULL, NULL, NULL, NULL, NULL, NULL, NULL, NULL, NULL, NULL, NULL, NULL, NULL, NULL, NULL, NULL, NULL, NULL, '2021-01-24 09:37:32', '2021-01-24 09:37:32', NULL, NULL, NULL, NULL, NULL, NULL, NULL, NULL, NULL, NULL, NULL, NULL, NULL, NULL),
(560, 'مريم كساب فتحى كساب', '201510256', NULL, NULL, NULL, 1, NULL, NULL, NULL, NULL, NULL, 1, NULL, NULL, NULL, 1, 1, NULL, NULL, NULL, '0', NULL, NULL, '201510256', '201510256', NULL, NULL, NULL, NULL, NULL, NULL, NULL, NULL, NULL, NULL, NULL, NULL, NULL, NULL, NULL, NULL, NULL, NULL, NULL, NULL, NULL, NULL, NULL, NULL, NULL, NULL, NULL, NULL, NULL, NULL, '2021-01-24 09:37:32', '2021-01-24 09:37:32', NULL, NULL, NULL, NULL, NULL, NULL, NULL, NULL, NULL, NULL, NULL, NULL, NULL, NULL),
(561, 'مريم ماهر بشاره تاوضروس', '201510316', NULL, NULL, NULL, 1, NULL, NULL, NULL, NULL, NULL, 1, NULL, NULL, NULL, 1, 1, NULL, NULL, NULL, '0', NULL, NULL, '201510316', '201510316', NULL, NULL, NULL, NULL, NULL, NULL, NULL, NULL, NULL, NULL, NULL, NULL, NULL, NULL, NULL, NULL, NULL, NULL, NULL, NULL, NULL, NULL, NULL, NULL, NULL, NULL, NULL, NULL, NULL, NULL, '2021-01-24 09:37:32', '2021-01-24 09:37:32', NULL, NULL, NULL, NULL, NULL, NULL, NULL, NULL, NULL, NULL, NULL, NULL, NULL, NULL),
(562, 'مريم يسرى كمال ناشد', '201510642', NULL, NULL, NULL, 1, NULL, NULL, NULL, NULL, NULL, 1, NULL, NULL, NULL, 1, 1, NULL, NULL, NULL, '0', NULL, NULL, '201510642', '201510642', NULL, NULL, NULL, NULL, NULL, NULL, NULL, NULL, NULL, NULL, NULL, NULL, NULL, NULL, NULL, NULL, NULL, NULL, NULL, NULL, NULL, NULL, NULL, NULL, NULL, NULL, NULL, NULL, NULL, NULL, '2021-01-24 09:37:32', '2021-01-24 09:37:32', NULL, NULL, NULL, NULL, NULL, NULL, NULL, NULL, NULL, NULL, NULL, NULL, NULL, NULL),
(563, 'مصطفى احمد على حسن', '201510573', NULL, NULL, NULL, 1, NULL, NULL, NULL, NULL, NULL, 1, NULL, NULL, NULL, 1, 1, NULL, NULL, NULL, '0', NULL, NULL, '201510573', '201510573', NULL, NULL, NULL, NULL, NULL, NULL, NULL, NULL, NULL, NULL, NULL, NULL, NULL, NULL, NULL, NULL, NULL, NULL, NULL, NULL, NULL, NULL, NULL, NULL, NULL, NULL, NULL, NULL, NULL, NULL, '2021-01-24 09:37:32', '2021-01-24 09:37:32', NULL, NULL, NULL, NULL, NULL, NULL, NULL, NULL, NULL, NULL, NULL, NULL, NULL, NULL),
(564, 'مصطفى السيد مصطفى صابر', '201510105', NULL, NULL, NULL, 1, NULL, NULL, NULL, NULL, NULL, 1, NULL, NULL, NULL, 1, 1, NULL, NULL, NULL, '0', NULL, NULL, '201510105', '201510105', NULL, NULL, NULL, NULL, NULL, NULL, NULL, NULL, NULL, NULL, NULL, NULL, NULL, NULL, NULL, NULL, NULL, NULL, NULL, NULL, NULL, NULL, NULL, NULL, NULL, NULL, NULL, NULL, NULL, NULL, '2021-01-24 09:37:32', '2021-01-24 09:37:32', NULL, NULL, NULL, NULL, NULL, NULL, NULL, NULL, NULL, NULL, NULL, NULL, NULL, NULL),
(565, 'مصطفى جمال صديق على', '201510237', NULL, NULL, NULL, 1, NULL, NULL, NULL, NULL, NULL, 1, NULL, NULL, NULL, 1, 1, NULL, NULL, NULL, '0', NULL, NULL, '201510237', '201510237', NULL, NULL, NULL, NULL, NULL, NULL, NULL, NULL, NULL, NULL, NULL, NULL, NULL, NULL, NULL, NULL, NULL, NULL, NULL, NULL, NULL, NULL, NULL, NULL, NULL, NULL, NULL, NULL, NULL, NULL, '2021-01-24 09:37:32', '2021-01-24 09:37:32', NULL, NULL, NULL, NULL, NULL, NULL, NULL, NULL, NULL, NULL, NULL, NULL, NULL, NULL),
(566, 'مصطفى جمال محمد خليفة', '201510548', NULL, NULL, NULL, 1, NULL, NULL, NULL, NULL, NULL, 1, NULL, NULL, NULL, 1, 1, NULL, NULL, NULL, '0', NULL, NULL, '201510548', '201510548', NULL, NULL, NULL, NULL, NULL, NULL, NULL, NULL, NULL, NULL, NULL, NULL, NULL, NULL, NULL, NULL, NULL, NULL, NULL, NULL, NULL, NULL, NULL, NULL, NULL, NULL, NULL, NULL, NULL, NULL, '2021-01-24 09:37:32', '2021-01-24 09:37:32', NULL, NULL, NULL, NULL, NULL, NULL, NULL, NULL, NULL, NULL, NULL, NULL, NULL, NULL),
(567, 'مصطفى حسن عبدالعظيم صميده', '201510088', NULL, NULL, NULL, 1, NULL, NULL, NULL, NULL, NULL, 1, NULL, NULL, NULL, 1, 1, NULL, NULL, NULL, '0', NULL, NULL, '201510088', '201510088', NULL, NULL, NULL, NULL, NULL, NULL, NULL, NULL, NULL, NULL, NULL, NULL, NULL, NULL, NULL, NULL, NULL, NULL, NULL, NULL, NULL, NULL, NULL, NULL, NULL, NULL, NULL, NULL, NULL, NULL, '2021-01-24 09:37:32', '2021-01-24 09:37:32', NULL, NULL, NULL, NULL, NULL, NULL, NULL, NULL, NULL, NULL, NULL, NULL, NULL, NULL),
(568, 'مصطفى رجب سيد محمد', '201510008', NULL, NULL, NULL, 1, NULL, NULL, NULL, NULL, NULL, 1, NULL, NULL, NULL, 1, 1, NULL, NULL, NULL, '0', NULL, NULL, '201510008', '201510008', NULL, NULL, NULL, NULL, NULL, NULL, NULL, NULL, NULL, NULL, NULL, NULL, NULL, NULL, NULL, NULL, NULL, NULL, NULL, NULL, NULL, NULL, NULL, NULL, NULL, NULL, NULL, NULL, NULL, NULL, '2021-01-24 09:37:32', '2021-01-24 09:37:32', NULL, NULL, NULL, NULL, NULL, NULL, NULL, NULL, NULL, NULL, NULL, NULL, NULL, NULL),
(569, 'مصطفى سيد مصطفى محمود', '201510009', NULL, NULL, NULL, 1, NULL, NULL, NULL, NULL, NULL, 1, NULL, NULL, NULL, 1, 1, NULL, NULL, NULL, '0', NULL, NULL, '201510009', '201510009', NULL, NULL, NULL, NULL, NULL, NULL, NULL, NULL, NULL, NULL, NULL, NULL, NULL, NULL, NULL, NULL, NULL, NULL, NULL, NULL, NULL, NULL, NULL, NULL, NULL, NULL, NULL, NULL, NULL, NULL, '2021-01-24 09:37:32', '2021-01-24 09:37:32', NULL, NULL, NULL, NULL, NULL, NULL, NULL, NULL, NULL, NULL, NULL, NULL, NULL, NULL),
(570, 'مصطفى صلاح حلمى محمد', '201510194', NULL, NULL, NULL, 1, NULL, NULL, NULL, NULL, NULL, 1, NULL, NULL, NULL, 1, 1, NULL, NULL, NULL, '0', NULL, NULL, '201510194', '201510194', NULL, NULL, NULL, NULL, NULL, NULL, NULL, NULL, NULL, NULL, NULL, NULL, NULL, NULL, NULL, NULL, NULL, NULL, NULL, NULL, NULL, NULL, NULL, NULL, NULL, NULL, NULL, NULL, NULL, NULL, '2021-01-24 09:37:32', '2021-01-24 09:37:32', NULL, NULL, NULL, NULL, NULL, NULL, NULL, NULL, NULL, NULL, NULL, NULL, NULL, NULL),
(571, 'مصطفى على حمدى عبدالعزيز', '201510472', NULL, NULL, NULL, 1, NULL, NULL, NULL, NULL, NULL, 1, NULL, NULL, NULL, 1, 1, NULL, NULL, NULL, '0', NULL, NULL, '201510472', '201510472', NULL, NULL, NULL, NULL, NULL, NULL, NULL, NULL, NULL, NULL, NULL, NULL, NULL, NULL, NULL, NULL, NULL, NULL, NULL, NULL, NULL, NULL, NULL, NULL, NULL, NULL, NULL, NULL, NULL, NULL, '2021-01-24 09:37:32', '2021-01-24 09:37:32', NULL, NULL, NULL, NULL, NULL, NULL, NULL, NULL, NULL, NULL, NULL, NULL, NULL, NULL),
(572, 'مصطفى على عبدالسلام محمد', '201510053', NULL, NULL, NULL, 1, NULL, NULL, NULL, NULL, NULL, 1, NULL, NULL, NULL, 1, 1, NULL, NULL, NULL, '0', NULL, NULL, '201510053', '201510053', NULL, NULL, NULL, NULL, NULL, NULL, NULL, NULL, NULL, NULL, NULL, NULL, NULL, NULL, NULL, NULL, NULL, NULL, NULL, NULL, NULL, NULL, NULL, NULL, NULL, NULL, NULL, NULL, NULL, NULL, '2021-01-24 09:37:32', '2021-01-24 09:37:32', NULL, NULL, NULL, NULL, NULL, NULL, NULL, NULL, NULL, NULL, NULL, NULL, NULL, NULL),
(573, 'مصطفى على عبدالهادى على', '201510014', NULL, NULL, NULL, 1, NULL, NULL, NULL, NULL, NULL, 1, NULL, NULL, NULL, 1, 1, NULL, NULL, NULL, '0', NULL, NULL, '201510014', '201510014', NULL, NULL, NULL, NULL, NULL, NULL, NULL, NULL, NULL, NULL, NULL, NULL, NULL, NULL, NULL, NULL, NULL, NULL, NULL, NULL, NULL, NULL, NULL, NULL, NULL, NULL, NULL, NULL, NULL, NULL, '2021-01-24 09:37:32', '2021-01-24 09:37:32', NULL, NULL, NULL, NULL, NULL, NULL, NULL, NULL, NULL, NULL, NULL, NULL, NULL, NULL),
(574, 'مصطفى فاروق عبدالظاهر محمود', '201510246', NULL, NULL, NULL, 1, NULL, NULL, NULL, NULL, NULL, 1, NULL, NULL, NULL, 1, 1, NULL, NULL, NULL, '0', NULL, NULL, '201510246', '201510246', NULL, NULL, NULL, NULL, NULL, NULL, NULL, NULL, NULL, NULL, NULL, NULL, NULL, NULL, NULL, NULL, NULL, NULL, NULL, NULL, NULL, NULL, NULL, NULL, NULL, NULL, NULL, NULL, NULL, NULL, '2021-01-24 09:37:32', '2021-01-24 09:37:32', NULL, NULL, NULL, NULL, NULL, NULL, NULL, NULL, NULL, NULL, NULL, NULL, NULL, NULL),
(575, 'مصطفى فاروق محمد مرزوق', '201510682', NULL, NULL, NULL, 1, NULL, NULL, NULL, NULL, NULL, 1, NULL, NULL, NULL, 1, 1, NULL, NULL, NULL, '0', NULL, NULL, '201510682', '201510682', NULL, NULL, NULL, NULL, NULL, NULL, NULL, NULL, NULL, NULL, NULL, NULL, NULL, NULL, NULL, NULL, NULL, NULL, NULL, NULL, NULL, NULL, NULL, NULL, NULL, NULL, NULL, NULL, NULL, NULL, '2021-01-24 09:37:32', '2021-01-24 09:37:32', NULL, NULL, NULL, NULL, NULL, NULL, NULL, NULL, NULL, NULL, NULL, NULL, NULL, NULL),
(576, 'مصطفى محمد ابراهيم محمود', '201510546', NULL, NULL, NULL, 1, NULL, NULL, NULL, NULL, NULL, 1, NULL, NULL, NULL, 1, 1, NULL, NULL, NULL, '0', NULL, NULL, '201510546', '201510546', NULL, NULL, NULL, NULL, NULL, NULL, NULL, NULL, NULL, NULL, NULL, NULL, NULL, NULL, NULL, NULL, NULL, NULL, NULL, NULL, NULL, NULL, NULL, NULL, NULL, NULL, NULL, NULL, NULL, NULL, '2021-01-24 09:37:32', '2021-01-24 09:37:32', NULL, NULL, NULL, NULL, NULL, NULL, NULL, NULL, NULL, NULL, NULL, NULL, NULL, NULL),
(577, 'مصطفى محمد سيد قرنى', '201510146', NULL, NULL, NULL, 1, NULL, NULL, NULL, NULL, NULL, 1, NULL, NULL, NULL, 1, 1, NULL, NULL, NULL, '0', NULL, NULL, '201510146', '201510146', NULL, NULL, NULL, NULL, NULL, NULL, NULL, NULL, NULL, NULL, NULL, NULL, NULL, NULL, NULL, NULL, NULL, NULL, NULL, NULL, NULL, NULL, NULL, NULL, NULL, NULL, NULL, NULL, NULL, NULL, '2021-01-24 09:37:32', '2021-01-24 09:37:32', NULL, NULL, NULL, NULL, NULL, NULL, NULL, NULL, NULL, NULL, NULL, NULL, NULL, NULL),
(578, 'مصطفى محمد محمد محمد عطيه', '201510118', NULL, NULL, NULL, 1, NULL, NULL, NULL, NULL, NULL, 1, NULL, NULL, NULL, 1, 1, NULL, NULL, NULL, '0', NULL, NULL, '201510118', '201510118', NULL, NULL, NULL, NULL, NULL, NULL, NULL, NULL, NULL, NULL, NULL, NULL, NULL, NULL, NULL, NULL, NULL, NULL, NULL, NULL, NULL, NULL, NULL, NULL, NULL, NULL, NULL, NULL, NULL, NULL, '2021-01-24 09:37:32', '2021-01-24 09:37:32', NULL, NULL, NULL, NULL, NULL, NULL, NULL, NULL, NULL, NULL, NULL, NULL, NULL, NULL),
(579, 'مصطفى محمود عباس مرسى', '201510075', NULL, NULL, NULL, 1, NULL, NULL, NULL, NULL, NULL, 1, NULL, NULL, NULL, 1, 1, NULL, NULL, NULL, '0', NULL, NULL, '201510075', '201510075', NULL, NULL, NULL, NULL, NULL, NULL, NULL, NULL, NULL, NULL, NULL, NULL, NULL, NULL, NULL, NULL, NULL, NULL, NULL, NULL, NULL, NULL, NULL, NULL, NULL, NULL, NULL, NULL, NULL, NULL, '2021-01-24 09:37:32', '2021-01-24 09:37:32', NULL, NULL, NULL, NULL, NULL, NULL, NULL, NULL, NULL, NULL, NULL, NULL, NULL, NULL),
(580, 'مصطفى محمود محمد سيد', '201510332', NULL, NULL, NULL, 1, NULL, NULL, NULL, NULL, NULL, 1, NULL, NULL, NULL, 1, 1, NULL, NULL, NULL, '0', NULL, NULL, '201510332', '201510332', NULL, NULL, NULL, NULL, NULL, NULL, NULL, NULL, NULL, NULL, NULL, NULL, NULL, NULL, NULL, NULL, NULL, NULL, NULL, NULL, NULL, NULL, NULL, NULL, NULL, NULL, NULL, NULL, NULL, NULL, '2021-01-24 09:37:32', '2021-01-24 09:37:32', NULL, NULL, NULL, NULL, NULL, NULL, NULL, NULL, NULL, NULL, NULL, NULL, NULL, NULL),
(581, 'مصطفى نبيل فتحى قاسم', '201510018', NULL, NULL, NULL, 1, NULL, NULL, NULL, NULL, NULL, 1, NULL, NULL, NULL, 1, 1, NULL, NULL, NULL, '0', NULL, NULL, '201510018', '201510018', NULL, NULL, NULL, NULL, NULL, NULL, NULL, NULL, NULL, NULL, NULL, NULL, NULL, NULL, NULL, NULL, NULL, NULL, NULL, NULL, NULL, NULL, NULL, NULL, NULL, NULL, NULL, NULL, NULL, NULL, '2021-01-24 09:37:32', '2021-01-24 09:37:32', NULL, NULL, NULL, NULL, NULL, NULL, NULL, NULL, NULL, NULL, NULL, NULL, NULL, NULL),
(582, 'معاذ سامح احمد ابراهيم', '201510047', NULL, NULL, NULL, 1, NULL, NULL, NULL, NULL, NULL, 1, NULL, NULL, NULL, 1, 1, NULL, NULL, NULL, '0', NULL, NULL, '201510047', '201510047', NULL, NULL, NULL, NULL, NULL, NULL, NULL, NULL, NULL, NULL, NULL, NULL, NULL, NULL, NULL, NULL, NULL, NULL, NULL, NULL, NULL, NULL, NULL, NULL, NULL, NULL, NULL, NULL, NULL, NULL, '2021-01-24 09:37:32', '2021-01-24 09:37:32', NULL, NULL, NULL, NULL, NULL, NULL, NULL, NULL, NULL, NULL, NULL, NULL, NULL, NULL),
(583, 'معتز الحسينى انور على', '201510311', NULL, NULL, NULL, 1, NULL, NULL, NULL, NULL, NULL, 1, NULL, NULL, NULL, 1, 1, NULL, NULL, NULL, '0', NULL, NULL, '201510311', '201510311', NULL, NULL, NULL, NULL, NULL, NULL, NULL, NULL, NULL, NULL, NULL, NULL, NULL, NULL, NULL, NULL, NULL, NULL, NULL, NULL, NULL, NULL, NULL, NULL, NULL, NULL, NULL, NULL, NULL, NULL, '2021-01-24 09:37:32', '2021-01-24 09:37:32', NULL, NULL, NULL, NULL, NULL, NULL, NULL, NULL, NULL, NULL, NULL, NULL, NULL, NULL),
(584, 'منه اشرف على محمد', '201510156', NULL, NULL, NULL, 1, NULL, NULL, NULL, NULL, NULL, 1, NULL, NULL, NULL, 1, 1, NULL, NULL, NULL, '0', NULL, NULL, '201510156', '201510156', NULL, NULL, NULL, NULL, NULL, NULL, NULL, NULL, NULL, NULL, NULL, NULL, NULL, NULL, NULL, NULL, NULL, NULL, NULL, NULL, NULL, NULL, NULL, NULL, NULL, NULL, NULL, NULL, NULL, NULL, '2021-01-24 09:37:32', '2021-01-24 09:37:32', NULL, NULL, NULL, NULL, NULL, NULL, NULL, NULL, NULL, NULL, NULL, NULL, NULL, NULL),
(585, 'منه الله حمدى يحيى جوده', '201510152', NULL, NULL, NULL, 1, NULL, NULL, NULL, NULL, NULL, 1, NULL, NULL, NULL, 1, 1, NULL, NULL, NULL, '0', NULL, NULL, '201510152', '201510152', NULL, NULL, NULL, NULL, NULL, NULL, NULL, NULL, NULL, NULL, NULL, NULL, NULL, NULL, NULL, NULL, NULL, NULL, NULL, NULL, NULL, NULL, NULL, NULL, NULL, NULL, NULL, NULL, NULL, NULL, '2021-01-24 09:37:32', '2021-01-24 09:37:32', NULL, NULL, NULL, NULL, NULL, NULL, NULL, NULL, NULL, NULL, NULL, NULL, NULL, NULL),
(586, 'منه الله سيد صالح على', '201510461', NULL, NULL, NULL, 1, NULL, NULL, NULL, NULL, NULL, 1, NULL, NULL, NULL, 1, 1, NULL, NULL, NULL, '0', NULL, NULL, '201510461', '201510461', NULL, NULL, NULL, NULL, NULL, NULL, NULL, NULL, NULL, NULL, NULL, NULL, NULL, NULL, NULL, NULL, NULL, NULL, NULL, NULL, NULL, NULL, NULL, NULL, NULL, NULL, NULL, NULL, NULL, NULL, '2021-01-24 09:37:32', '2021-01-24 09:37:32', NULL, NULL, NULL, NULL, NULL, NULL, NULL, NULL, NULL, NULL, NULL, NULL, NULL, NULL),
(587, 'منه الله مجدى محمد عمر', '201510693', NULL, NULL, NULL, 1, NULL, NULL, NULL, NULL, NULL, 1, NULL, NULL, NULL, 1, 1, NULL, NULL, NULL, '0', NULL, NULL, '201510693', '201510693', NULL, NULL, NULL, NULL, NULL, NULL, NULL, NULL, NULL, NULL, NULL, NULL, NULL, NULL, NULL, NULL, NULL, NULL, NULL, NULL, NULL, NULL, NULL, NULL, NULL, NULL, NULL, NULL, NULL, NULL, '2021-01-24 09:37:32', '2021-01-24 09:37:32', NULL, NULL, NULL, NULL, NULL, NULL, NULL, NULL, NULL, NULL, NULL, NULL, NULL, NULL);
INSERT INTO `students` (`id`, `name`, `code`, `nationality_id`, `set_number`, `gender`, `academic_years_id`, `registeration_date`, `qualification_types_id`, `qualification_date`, `qualification_id`, `qualification_set_number`, `division_id`, `language_1_id`, `language_2_id`, `city_id`, `level_id`, `department_id`, `government_id`, `country_id`, `religion`, `military_course_status`, `military_status_id`, `military_area_id`, `national_id`, `password`, `grade`, `triple_number`, `address`, `birth_address`, `phone_1`, `registration_status_id`, `registration_method_id`, `national_id_date`, `national_id_place`, `parent_name`, `parent_national_id`, `parent_job_id`, `parent_address`, `parent_phone`, `recommendation_card`, `qualification_certificate`, `birth_certificate`, `personal_identification_photo`, `personal_photo`, `model_2_jund`, `model_6_jund`, `receipt_letter`, `estimates_statement`, `case_status`, `degree_status`, `egyptians_lab_speechs`, `system_academic_year_id`, `azhar_grade`, `constraint_status_id`, `case_constraint_id`, `created_at`, `updated_at`, `notes`, `application_id`, `email`, `relative_relation_id`, `acceptance_code`, `acceptance_date`, `is_application`, `application_code`, `writen_by`, `is_refund`, `api_token`, `phone`, `username`, `password_`) VALUES
(588, 'منى اشرف بكرى على', '201510381', NULL, NULL, NULL, 1, NULL, NULL, NULL, NULL, NULL, 1, NULL, NULL, NULL, 1, 1, NULL, NULL, NULL, '0', NULL, NULL, '201510381', '201510381', NULL, NULL, NULL, NULL, NULL, NULL, NULL, NULL, NULL, NULL, NULL, NULL, NULL, NULL, NULL, NULL, NULL, NULL, NULL, NULL, NULL, NULL, NULL, NULL, NULL, NULL, NULL, NULL, NULL, NULL, '2021-01-24 09:37:33', '2021-01-24 09:37:33', NULL, NULL, NULL, NULL, NULL, NULL, NULL, NULL, NULL, NULL, NULL, NULL, NULL, NULL),
(589, 'مها خالد عياد عياد', '201510460', NULL, NULL, NULL, 1, NULL, NULL, NULL, NULL, NULL, 1, NULL, NULL, NULL, 1, 1, NULL, NULL, NULL, '0', NULL, NULL, '201510460', '201510460', NULL, NULL, NULL, NULL, NULL, NULL, NULL, NULL, NULL, NULL, NULL, NULL, NULL, NULL, NULL, NULL, NULL, NULL, NULL, NULL, NULL, NULL, NULL, NULL, NULL, NULL, NULL, NULL, NULL, NULL, '2021-01-24 09:37:33', '2021-01-24 09:37:33', NULL, NULL, NULL, NULL, NULL, NULL, NULL, NULL, NULL, NULL, NULL, NULL, NULL, NULL),
(590, 'مهاب احمد البدوى احمد', '201510299', NULL, NULL, NULL, 1, NULL, NULL, NULL, NULL, NULL, 1, NULL, NULL, NULL, 1, 1, NULL, NULL, NULL, '0', NULL, NULL, '201510299', '201510299', NULL, NULL, NULL, NULL, NULL, NULL, NULL, NULL, NULL, NULL, NULL, NULL, NULL, NULL, NULL, NULL, NULL, NULL, NULL, NULL, NULL, NULL, NULL, NULL, NULL, NULL, NULL, NULL, NULL, NULL, '2021-01-24 09:37:33', '2021-01-24 09:37:33', NULL, NULL, NULL, NULL, NULL, NULL, NULL, NULL, NULL, NULL, NULL, NULL, NULL, NULL),
(591, 'مهاب محمد فؤاد عبدالحفيظ', '201510136', NULL, NULL, NULL, 1, NULL, NULL, NULL, NULL, NULL, 1, NULL, NULL, NULL, 1, 1, NULL, NULL, NULL, '0', NULL, NULL, '201510136', '201510136', NULL, NULL, NULL, NULL, NULL, NULL, NULL, NULL, NULL, NULL, NULL, NULL, NULL, NULL, NULL, NULL, NULL, NULL, NULL, NULL, NULL, NULL, NULL, NULL, NULL, NULL, NULL, NULL, NULL, NULL, '2021-01-24 09:37:33', '2021-01-24 09:37:33', NULL, NULL, NULL, NULL, NULL, NULL, NULL, NULL, NULL, NULL, NULL, NULL, NULL, NULL),
(592, 'مياده ماهر محمد حسنى', '201510329', NULL, NULL, NULL, 1, NULL, NULL, NULL, NULL, NULL, 1, NULL, NULL, NULL, 1, 1, NULL, NULL, NULL, '0', NULL, NULL, '201510329', '201510329', NULL, NULL, NULL, NULL, NULL, NULL, NULL, NULL, NULL, NULL, NULL, NULL, NULL, NULL, NULL, NULL, NULL, NULL, NULL, NULL, NULL, NULL, NULL, NULL, NULL, NULL, NULL, NULL, NULL, NULL, '2021-01-24 09:37:33', '2021-01-24 09:37:33', NULL, NULL, NULL, NULL, NULL, NULL, NULL, NULL, NULL, NULL, NULL, NULL, NULL, NULL),
(593, 'مياده محمود احمد عثمان', '201510523', NULL, NULL, NULL, 1, NULL, NULL, NULL, NULL, NULL, 1, NULL, NULL, NULL, 1, 1, NULL, NULL, NULL, '0', NULL, NULL, '201510523', '201510523', NULL, NULL, NULL, NULL, NULL, NULL, NULL, NULL, NULL, NULL, NULL, NULL, NULL, NULL, NULL, NULL, NULL, NULL, NULL, NULL, NULL, NULL, NULL, NULL, NULL, NULL, NULL, NULL, NULL, NULL, '2021-01-24 09:37:33', '2021-01-24 09:37:33', NULL, NULL, NULL, NULL, NULL, NULL, NULL, NULL, NULL, NULL, NULL, NULL, NULL, NULL),
(594, 'ميرنا عازر حبيب سوريال', '201510292', NULL, NULL, NULL, 1, NULL, NULL, NULL, NULL, NULL, 1, NULL, NULL, NULL, 1, 1, NULL, NULL, NULL, '0', NULL, NULL, '201510292', '201510292', NULL, NULL, NULL, NULL, NULL, NULL, NULL, NULL, NULL, NULL, NULL, NULL, NULL, NULL, NULL, NULL, NULL, NULL, NULL, NULL, NULL, NULL, NULL, NULL, NULL, NULL, NULL, NULL, NULL, NULL, '2021-01-24 09:37:33', '2021-01-24 09:37:33', NULL, NULL, NULL, NULL, NULL, NULL, NULL, NULL, NULL, NULL, NULL, NULL, NULL, NULL),
(595, 'ميرنا محروس حنين بطرس', '201510285', NULL, NULL, NULL, 1, NULL, NULL, NULL, NULL, NULL, 1, NULL, NULL, NULL, 1, 1, NULL, NULL, NULL, '0', NULL, NULL, '201510285', '201510285', NULL, NULL, NULL, NULL, NULL, NULL, NULL, NULL, NULL, NULL, NULL, NULL, NULL, NULL, NULL, NULL, NULL, NULL, NULL, NULL, NULL, NULL, NULL, NULL, NULL, NULL, NULL, NULL, NULL, NULL, '2021-01-24 09:37:33', '2021-01-24 09:37:33', NULL, NULL, NULL, NULL, NULL, NULL, NULL, NULL, NULL, NULL, NULL, NULL, NULL, NULL),
(596, 'ميرنا هانى على عبدالحميد', '201510064', NULL, NULL, NULL, 1, NULL, NULL, NULL, NULL, NULL, 1, NULL, NULL, NULL, 1, 1, NULL, NULL, NULL, '0', NULL, NULL, '201510064', '201510064', NULL, NULL, NULL, NULL, NULL, NULL, NULL, NULL, NULL, NULL, NULL, NULL, NULL, NULL, NULL, NULL, NULL, NULL, NULL, NULL, NULL, NULL, NULL, NULL, NULL, NULL, NULL, NULL, NULL, NULL, '2021-01-24 09:37:33', '2021-01-24 09:37:33', NULL, NULL, NULL, NULL, NULL, NULL, NULL, NULL, NULL, NULL, NULL, NULL, NULL, NULL),
(597, 'مينا عيد فوزى وديع', '201510414', NULL, NULL, NULL, 1, NULL, NULL, NULL, NULL, NULL, 1, NULL, NULL, NULL, 1, 1, NULL, NULL, NULL, '0', NULL, NULL, '201510414', '201510414', NULL, NULL, NULL, NULL, NULL, NULL, NULL, NULL, NULL, NULL, NULL, NULL, NULL, NULL, NULL, NULL, NULL, NULL, NULL, NULL, NULL, NULL, NULL, NULL, NULL, NULL, NULL, NULL, NULL, NULL, '2021-01-24 09:37:33', '2021-01-24 09:37:33', NULL, NULL, NULL, NULL, NULL, NULL, NULL, NULL, NULL, NULL, NULL, NULL, NULL, NULL),
(598, 'ناجح حسين ناجح حسين', '201510703', NULL, NULL, NULL, 1, NULL, NULL, NULL, NULL, NULL, 1, NULL, NULL, NULL, 1, 1, NULL, NULL, NULL, '0', NULL, NULL, '201510703', '201510703', NULL, NULL, NULL, NULL, NULL, NULL, NULL, NULL, NULL, NULL, NULL, NULL, NULL, NULL, NULL, NULL, NULL, NULL, NULL, NULL, NULL, NULL, NULL, NULL, NULL, NULL, NULL, NULL, NULL, NULL, '2021-01-24 09:37:33', '2021-01-24 09:37:33', NULL, NULL, NULL, NULL, NULL, NULL, NULL, NULL, NULL, NULL, NULL, NULL, NULL, NULL),
(599, 'نبيل سيد احمد عبدالغفار', '201510644', NULL, NULL, NULL, 1, NULL, NULL, NULL, NULL, NULL, 1, NULL, NULL, NULL, 1, 1, NULL, NULL, NULL, '0', NULL, NULL, '201510644', '201510644', NULL, NULL, NULL, NULL, NULL, NULL, NULL, NULL, NULL, NULL, NULL, NULL, NULL, NULL, NULL, NULL, NULL, NULL, NULL, NULL, NULL, NULL, NULL, NULL, NULL, NULL, NULL, NULL, NULL, NULL, '2021-01-24 09:37:33', '2021-01-24 09:37:33', NULL, NULL, NULL, NULL, NULL, NULL, NULL, NULL, NULL, NULL, NULL, NULL, NULL, NULL),
(600, 'ندى رفعت محمد محمد السكرى', '201510616', NULL, NULL, NULL, 1, NULL, NULL, NULL, NULL, NULL, 1, NULL, NULL, NULL, 1, 1, NULL, NULL, NULL, '0', NULL, NULL, '201510616', '201510616', NULL, NULL, NULL, NULL, NULL, NULL, NULL, NULL, NULL, NULL, NULL, NULL, NULL, NULL, NULL, NULL, NULL, NULL, NULL, NULL, NULL, NULL, NULL, NULL, NULL, NULL, NULL, NULL, NULL, NULL, '2021-01-24 09:37:33', '2021-01-24 09:37:33', NULL, NULL, NULL, NULL, NULL, NULL, NULL, NULL, NULL, NULL, NULL, NULL, NULL, NULL),
(601, 'نرمين عزت واصف رزق الله', '201510271', NULL, NULL, NULL, 1, NULL, NULL, NULL, NULL, NULL, 1, NULL, NULL, NULL, 1, 1, NULL, NULL, NULL, '0', NULL, NULL, '201510271', '201510271', NULL, NULL, NULL, NULL, NULL, NULL, NULL, NULL, NULL, NULL, NULL, NULL, NULL, NULL, NULL, NULL, NULL, NULL, NULL, NULL, NULL, NULL, NULL, NULL, NULL, NULL, NULL, NULL, NULL, NULL, '2021-01-24 09:37:33', '2021-01-24 09:37:33', NULL, NULL, NULL, NULL, NULL, NULL, NULL, NULL, NULL, NULL, NULL, NULL, NULL, NULL),
(602, 'نرمين ناصر ابراهيم حسين', '201510301', NULL, NULL, NULL, 1, NULL, NULL, NULL, NULL, NULL, 1, NULL, NULL, NULL, 1, 1, NULL, NULL, NULL, '0', NULL, NULL, '201510301', '201510301', NULL, NULL, NULL, NULL, NULL, NULL, NULL, NULL, NULL, NULL, NULL, NULL, NULL, NULL, NULL, NULL, NULL, NULL, NULL, NULL, NULL, NULL, NULL, NULL, NULL, NULL, NULL, NULL, NULL, NULL, '2021-01-24 09:37:33', '2021-01-24 09:37:33', NULL, NULL, NULL, NULL, NULL, NULL, NULL, NULL, NULL, NULL, NULL, NULL, NULL, NULL),
(603, 'نفين كمال معوض حنا', '201510597', NULL, NULL, NULL, 1, NULL, NULL, NULL, NULL, NULL, 1, NULL, NULL, NULL, 1, 1, NULL, NULL, NULL, '0', NULL, NULL, '201510597', '201510597', NULL, NULL, NULL, NULL, NULL, NULL, NULL, NULL, NULL, NULL, NULL, NULL, NULL, NULL, NULL, NULL, NULL, NULL, NULL, NULL, NULL, NULL, NULL, NULL, NULL, NULL, NULL, NULL, NULL, NULL, '2021-01-24 09:37:33', '2021-01-24 09:37:33', NULL, NULL, NULL, NULL, NULL, NULL, NULL, NULL, NULL, NULL, NULL, NULL, NULL, NULL),
(604, 'نهاد خالد احمد عبداللطيف', '201510477', NULL, NULL, NULL, 1, NULL, NULL, NULL, NULL, NULL, 1, NULL, NULL, NULL, 1, 1, NULL, NULL, NULL, '0', NULL, NULL, '201510477', '201510477', NULL, NULL, NULL, NULL, NULL, NULL, NULL, NULL, NULL, NULL, NULL, NULL, NULL, NULL, NULL, NULL, NULL, NULL, NULL, NULL, NULL, NULL, NULL, NULL, NULL, NULL, NULL, NULL, NULL, NULL, '2021-01-24 09:37:33', '2021-01-24 09:37:33', NULL, NULL, NULL, NULL, NULL, NULL, NULL, NULL, NULL, NULL, NULL, NULL, NULL, NULL),
(605, 'نهال عبداللطيف حسن ابراهيم', '201510450', NULL, NULL, NULL, 1, NULL, NULL, NULL, NULL, NULL, 1, NULL, NULL, NULL, 1, 1, NULL, NULL, NULL, '0', NULL, NULL, '201510450', '201510450', NULL, NULL, NULL, NULL, NULL, NULL, NULL, NULL, NULL, NULL, NULL, NULL, NULL, NULL, NULL, NULL, NULL, NULL, NULL, NULL, NULL, NULL, NULL, NULL, NULL, NULL, NULL, NULL, NULL, NULL, '2021-01-24 09:37:33', '2021-01-24 09:37:33', NULL, NULL, NULL, NULL, NULL, NULL, NULL, NULL, NULL, NULL, NULL, NULL, NULL, NULL),
(606, 'نورا خلف عبدالعزيز جمعه', '201510092', NULL, NULL, NULL, 1, NULL, NULL, NULL, NULL, NULL, 1, NULL, NULL, NULL, 1, 1, NULL, NULL, NULL, '0', NULL, NULL, '201510092', '201510092', NULL, NULL, NULL, NULL, NULL, NULL, NULL, NULL, NULL, NULL, NULL, NULL, NULL, NULL, NULL, NULL, NULL, NULL, NULL, NULL, NULL, NULL, NULL, NULL, NULL, NULL, NULL, NULL, NULL, NULL, '2021-01-24 09:37:33', '2021-01-24 09:37:33', NULL, NULL, NULL, NULL, NULL, NULL, NULL, NULL, NULL, NULL, NULL, NULL, NULL, NULL),
(607, 'نورا مصطفى رجب مصطفى', '201510417', NULL, NULL, NULL, 1, NULL, NULL, NULL, NULL, NULL, 1, NULL, NULL, NULL, 1, 1, NULL, NULL, NULL, '0', NULL, NULL, '201510417', '201510417', NULL, NULL, NULL, NULL, NULL, NULL, NULL, NULL, NULL, NULL, NULL, NULL, NULL, NULL, NULL, NULL, NULL, NULL, NULL, NULL, NULL, NULL, NULL, NULL, NULL, NULL, NULL, NULL, NULL, NULL, '2021-01-24 09:37:33', '2021-01-24 09:37:33', NULL, NULL, NULL, NULL, NULL, NULL, NULL, NULL, NULL, NULL, NULL, NULL, NULL, NULL),
(608, 'نورهان احمد عبدالقادر احمد', '201510544', NULL, NULL, NULL, 1, NULL, NULL, NULL, NULL, NULL, 1, NULL, NULL, NULL, 1, 1, NULL, NULL, NULL, '0', NULL, NULL, '201510544', '201510544', NULL, NULL, NULL, NULL, NULL, NULL, NULL, NULL, NULL, NULL, NULL, NULL, NULL, NULL, NULL, NULL, NULL, NULL, NULL, NULL, NULL, NULL, NULL, NULL, NULL, NULL, NULL, NULL, NULL, NULL, '2021-01-24 09:37:33', '2021-01-24 09:37:33', NULL, NULL, NULL, NULL, NULL, NULL, NULL, NULL, NULL, NULL, NULL, NULL, NULL, NULL),
(609, 'نورهان احمد فؤاد عبدالعزيز سيد', '201510558', NULL, NULL, NULL, 1, NULL, NULL, NULL, NULL, NULL, 1, NULL, NULL, NULL, 1, 1, NULL, NULL, NULL, '0', NULL, NULL, '201510558', '201510558', NULL, NULL, NULL, NULL, NULL, NULL, NULL, NULL, NULL, NULL, NULL, NULL, NULL, NULL, NULL, NULL, NULL, NULL, NULL, NULL, NULL, NULL, NULL, NULL, NULL, NULL, NULL, NULL, NULL, NULL, '2021-01-24 09:37:33', '2021-01-24 09:37:33', NULL, NULL, NULL, NULL, NULL, NULL, NULL, NULL, NULL, NULL, NULL, NULL, NULL, NULL),
(610, 'نورهان اشرف محمد شحاته', '201510096', NULL, NULL, NULL, 1, NULL, NULL, NULL, NULL, NULL, 1, NULL, NULL, NULL, 1, 1, NULL, NULL, NULL, '0', NULL, NULL, '201510096', '201510096', NULL, NULL, NULL, NULL, NULL, NULL, NULL, NULL, NULL, NULL, NULL, NULL, NULL, NULL, NULL, NULL, NULL, NULL, NULL, NULL, NULL, NULL, NULL, NULL, NULL, NULL, NULL, NULL, NULL, NULL, '2021-01-24 09:37:33', '2021-01-24 09:37:33', NULL, NULL, NULL, NULL, NULL, NULL, NULL, NULL, NULL, NULL, NULL, NULL, NULL, NULL),
(611, 'نورهان رفعت خليفه محمد', '201510361', NULL, NULL, NULL, 1, NULL, NULL, NULL, NULL, NULL, 1, NULL, NULL, NULL, 1, 1, NULL, NULL, NULL, '0', NULL, NULL, '201510361', '201510361', NULL, NULL, NULL, NULL, NULL, NULL, NULL, NULL, NULL, NULL, NULL, NULL, NULL, NULL, NULL, NULL, NULL, NULL, NULL, NULL, NULL, NULL, NULL, NULL, NULL, NULL, NULL, NULL, NULL, NULL, '2021-01-24 09:37:33', '2021-01-24 09:37:33', NULL, NULL, NULL, NULL, NULL, NULL, NULL, NULL, NULL, NULL, NULL, NULL, NULL, NULL),
(612, 'نورهان عصام جابر محمد', '201510463', NULL, NULL, NULL, 1, NULL, NULL, NULL, NULL, NULL, 1, NULL, NULL, NULL, 1, 1, NULL, NULL, NULL, '0', NULL, NULL, '201510463', '201510463', NULL, NULL, NULL, NULL, NULL, NULL, NULL, NULL, NULL, NULL, NULL, NULL, NULL, NULL, NULL, NULL, NULL, NULL, NULL, NULL, NULL, NULL, NULL, NULL, NULL, NULL, NULL, NULL, NULL, NULL, '2021-01-24 09:37:33', '2021-01-24 09:37:33', NULL, NULL, NULL, NULL, NULL, NULL, NULL, NULL, NULL, NULL, NULL, NULL, NULL, NULL),
(613, 'نورهان عمار عسقلانى عبدالوهاب', '201510293', NULL, NULL, NULL, 1, NULL, NULL, NULL, NULL, NULL, 1, NULL, NULL, NULL, 1, 1, NULL, NULL, NULL, '0', NULL, NULL, '201510293', '201510293', NULL, NULL, NULL, NULL, NULL, NULL, NULL, NULL, NULL, NULL, NULL, NULL, NULL, NULL, NULL, NULL, NULL, NULL, NULL, NULL, NULL, NULL, NULL, NULL, NULL, NULL, NULL, NULL, NULL, NULL, '2021-01-24 09:37:33', '2021-01-24 09:37:33', NULL, NULL, NULL, NULL, NULL, NULL, NULL, NULL, NULL, NULL, NULL, NULL, NULL, NULL),
(614, 'نورهان محمد عبدالحكيم محمد', '201510131', NULL, NULL, NULL, 1, NULL, NULL, NULL, NULL, NULL, 1, NULL, NULL, NULL, 1, 1, NULL, NULL, NULL, '0', NULL, NULL, '201510131', '201510131', NULL, NULL, NULL, NULL, NULL, NULL, NULL, NULL, NULL, NULL, NULL, NULL, NULL, NULL, NULL, NULL, NULL, NULL, NULL, NULL, NULL, NULL, NULL, NULL, NULL, NULL, NULL, NULL, NULL, NULL, '2021-01-24 09:37:33', '2021-01-24 09:37:33', NULL, NULL, NULL, NULL, NULL, NULL, NULL, NULL, NULL, NULL, NULL, NULL, NULL, NULL),
(615, 'نورهان مصطفى فؤاد احمد', '201510006', NULL, NULL, NULL, 1, NULL, NULL, NULL, NULL, NULL, 1, NULL, NULL, NULL, 1, 1, NULL, NULL, NULL, '0', NULL, NULL, '201510006', '201510006', NULL, NULL, NULL, NULL, NULL, NULL, NULL, NULL, NULL, NULL, NULL, NULL, NULL, NULL, NULL, NULL, NULL, NULL, NULL, NULL, NULL, NULL, NULL, NULL, NULL, NULL, NULL, NULL, NULL, NULL, '2021-01-24 09:37:33', '2021-01-24 09:37:33', NULL, NULL, NULL, NULL, NULL, NULL, NULL, NULL, NULL, NULL, NULL, NULL, NULL, NULL),
(616, 'نيره اشرف سيد محمود', '201510581', NULL, NULL, NULL, 1, NULL, NULL, NULL, NULL, NULL, 1, NULL, NULL, NULL, 1, 1, NULL, NULL, NULL, '0', NULL, NULL, '201510581', '201510581', NULL, NULL, NULL, NULL, NULL, NULL, NULL, NULL, NULL, NULL, NULL, NULL, NULL, NULL, NULL, NULL, NULL, NULL, NULL, NULL, NULL, NULL, NULL, NULL, NULL, NULL, NULL, NULL, NULL, NULL, '2021-01-24 09:37:33', '2021-01-24 09:37:33', NULL, NULL, NULL, NULL, NULL, NULL, NULL, NULL, NULL, NULL, NULL, NULL, NULL, NULL),
(617, 'نيره زغلول سعد على', '201510052', NULL, NULL, NULL, 1, NULL, NULL, NULL, NULL, NULL, 1, NULL, NULL, NULL, 1, 1, NULL, NULL, NULL, '0', NULL, NULL, '201510052', '201510052', NULL, NULL, NULL, NULL, NULL, NULL, NULL, NULL, NULL, NULL, NULL, NULL, NULL, NULL, NULL, NULL, NULL, NULL, NULL, NULL, NULL, NULL, NULL, NULL, NULL, NULL, NULL, NULL, NULL, NULL, '2021-01-24 09:37:33', '2021-01-24 09:37:33', NULL, NULL, NULL, NULL, NULL, NULL, NULL, NULL, NULL, NULL, NULL, NULL, NULL, NULL),
(618, 'هاجر حسين محمد محمود', '201510066', NULL, NULL, NULL, 1, NULL, NULL, NULL, NULL, NULL, 1, NULL, NULL, NULL, 1, 1, NULL, NULL, NULL, '0', NULL, NULL, '201510066', '201510066', NULL, NULL, NULL, NULL, NULL, NULL, NULL, NULL, NULL, NULL, NULL, NULL, NULL, NULL, NULL, NULL, NULL, NULL, NULL, NULL, NULL, NULL, NULL, NULL, NULL, NULL, NULL, NULL, NULL, NULL, '2021-01-24 09:37:33', '2021-01-24 09:37:33', NULL, NULL, NULL, NULL, NULL, NULL, NULL, NULL, NULL, NULL, NULL, NULL, NULL, NULL),
(619, 'هاجر خالد رزق محمد', '201510696', NULL, NULL, NULL, 1, NULL, NULL, NULL, NULL, NULL, 1, NULL, NULL, NULL, 1, 1, NULL, NULL, NULL, '0', NULL, NULL, '201510696', '201510696', NULL, NULL, NULL, NULL, NULL, NULL, NULL, NULL, NULL, NULL, NULL, NULL, NULL, NULL, NULL, NULL, NULL, NULL, NULL, NULL, NULL, NULL, NULL, NULL, NULL, NULL, NULL, NULL, NULL, NULL, '2021-01-24 09:37:33', '2021-01-24 09:37:33', NULL, NULL, NULL, NULL, NULL, NULL, NULL, NULL, NULL, NULL, NULL, NULL, NULL, NULL),
(620, 'هاجر عبداللطيف يعقوب عبداللطيف', '201510592', NULL, NULL, NULL, 1, NULL, NULL, NULL, NULL, NULL, 1, NULL, NULL, NULL, 1, 1, NULL, NULL, NULL, '0', NULL, NULL, '201510592', '201510592', NULL, NULL, NULL, NULL, NULL, NULL, NULL, NULL, NULL, NULL, NULL, NULL, NULL, NULL, NULL, NULL, NULL, NULL, NULL, NULL, NULL, NULL, NULL, NULL, NULL, NULL, NULL, NULL, NULL, NULL, '2021-01-24 09:37:33', '2021-01-24 09:37:33', NULL, NULL, NULL, NULL, NULL, NULL, NULL, NULL, NULL, NULL, NULL, NULL, NULL, NULL),
(621, 'هاجر ناصر على عبدالجواد', '201510054', NULL, NULL, NULL, 1, NULL, NULL, NULL, NULL, NULL, 1, NULL, NULL, NULL, 1, 1, NULL, NULL, NULL, '0', NULL, NULL, '201510054', '201510054', NULL, NULL, NULL, NULL, NULL, NULL, NULL, NULL, NULL, NULL, NULL, NULL, NULL, NULL, NULL, NULL, NULL, NULL, NULL, NULL, NULL, NULL, NULL, NULL, NULL, NULL, NULL, NULL, NULL, NULL, '2021-01-24 09:37:33', '2021-01-24 09:37:33', NULL, NULL, NULL, NULL, NULL, NULL, NULL, NULL, NULL, NULL, NULL, NULL, NULL, NULL),
(622, 'هاشم احمد محمد هاشم', '201510192', NULL, NULL, NULL, 1, NULL, NULL, NULL, NULL, NULL, 1, NULL, NULL, NULL, 1, 1, NULL, NULL, NULL, '0', NULL, NULL, '201510192', '201510192', NULL, NULL, NULL, NULL, NULL, NULL, NULL, NULL, NULL, NULL, NULL, NULL, NULL, NULL, NULL, NULL, NULL, NULL, NULL, NULL, NULL, NULL, NULL, NULL, NULL, NULL, NULL, NULL, NULL, NULL, '2021-01-24 09:37:33', '2021-01-24 09:37:33', NULL, NULL, NULL, NULL, NULL, NULL, NULL, NULL, NULL, NULL, NULL, NULL, NULL, NULL),
(623, 'هاله حجازى فالح حسن', '201510326', NULL, NULL, NULL, 1, NULL, NULL, NULL, NULL, NULL, 1, NULL, NULL, NULL, 1, 1, NULL, NULL, NULL, '0', NULL, NULL, '201510326', '201510326', NULL, NULL, NULL, NULL, NULL, NULL, NULL, NULL, NULL, NULL, NULL, NULL, NULL, NULL, NULL, NULL, NULL, NULL, NULL, NULL, NULL, NULL, NULL, NULL, NULL, NULL, NULL, NULL, NULL, NULL, '2021-01-24 09:37:33', '2021-01-24 09:37:33', NULL, NULL, NULL, NULL, NULL, NULL, NULL, NULL, NULL, NULL, NULL, NULL, NULL, NULL),
(624, 'هاله صبرى عبدالنعيم محمد', '201510083', NULL, NULL, NULL, 1, NULL, NULL, NULL, NULL, NULL, 1, NULL, NULL, NULL, 1, 1, NULL, NULL, NULL, '0', NULL, NULL, '201510083', '201510083', NULL, NULL, NULL, NULL, NULL, NULL, NULL, NULL, NULL, NULL, NULL, NULL, NULL, NULL, NULL, NULL, NULL, NULL, NULL, NULL, NULL, NULL, NULL, NULL, NULL, NULL, NULL, NULL, NULL, NULL, '2021-01-24 09:37:33', '2021-01-24 09:37:33', NULL, NULL, NULL, NULL, NULL, NULL, NULL, NULL, NULL, NULL, NULL, NULL, NULL, NULL),
(625, 'هانى وجيه فكرى عبدالله', '201510442', NULL, NULL, NULL, 1, NULL, NULL, NULL, NULL, NULL, 1, NULL, NULL, NULL, 1, 1, NULL, NULL, NULL, '0', NULL, NULL, '201510442', '201510442', NULL, NULL, NULL, NULL, NULL, NULL, NULL, NULL, NULL, NULL, NULL, NULL, NULL, NULL, NULL, NULL, NULL, NULL, NULL, NULL, NULL, NULL, NULL, NULL, NULL, NULL, NULL, NULL, NULL, NULL, '2021-01-24 09:37:33', '2021-01-24 09:37:33', NULL, NULL, NULL, NULL, NULL, NULL, NULL, NULL, NULL, NULL, NULL, NULL, NULL, NULL),
(626, 'هبه الله جمال عبدالعظيم حسين', '201510628', NULL, NULL, NULL, 1, NULL, NULL, NULL, NULL, NULL, 1, NULL, NULL, NULL, 1, 1, NULL, NULL, NULL, '0', NULL, NULL, '201510628', '201510628', NULL, NULL, NULL, NULL, NULL, NULL, NULL, NULL, NULL, NULL, NULL, NULL, NULL, NULL, NULL, NULL, NULL, NULL, NULL, NULL, NULL, NULL, NULL, NULL, NULL, NULL, NULL, NULL, NULL, NULL, '2021-01-24 09:37:33', '2021-01-24 09:37:33', NULL, NULL, NULL, NULL, NULL, NULL, NULL, NULL, NULL, NULL, NULL, NULL, NULL, NULL),
(627, 'هبه بكر ابوالسعود محمود', '201510517', NULL, NULL, NULL, 1, NULL, NULL, NULL, NULL, NULL, 1, NULL, NULL, NULL, 1, 1, NULL, NULL, NULL, '0', NULL, NULL, '201510517', '201510517', NULL, NULL, NULL, NULL, NULL, NULL, NULL, NULL, NULL, NULL, NULL, NULL, NULL, NULL, NULL, NULL, NULL, NULL, NULL, NULL, NULL, NULL, NULL, NULL, NULL, NULL, NULL, NULL, NULL, NULL, '2021-01-24 09:37:33', '2021-01-24 09:37:33', NULL, NULL, NULL, NULL, NULL, NULL, NULL, NULL, NULL, NULL, NULL, NULL, NULL, NULL),
(628, 'هبه شواف عبدالرحيم عبدالقادر', '201510637', NULL, NULL, NULL, 1, NULL, NULL, NULL, NULL, NULL, 1, NULL, NULL, NULL, 1, 1, NULL, NULL, NULL, '0', NULL, NULL, '201510637', '201510637', NULL, NULL, NULL, NULL, NULL, NULL, NULL, NULL, NULL, NULL, NULL, NULL, NULL, NULL, NULL, NULL, NULL, NULL, NULL, NULL, NULL, NULL, NULL, NULL, NULL, NULL, NULL, NULL, NULL, NULL, '2021-01-24 09:37:33', '2021-01-24 09:37:33', NULL, NULL, NULL, NULL, NULL, NULL, NULL, NULL, NULL, NULL, NULL, NULL, NULL, NULL),
(629, 'هبه عصام الدين على وهبه', '201510111', NULL, NULL, NULL, 1, NULL, NULL, NULL, NULL, NULL, 1, NULL, NULL, NULL, 1, 1, NULL, NULL, NULL, '0', NULL, NULL, '201510111', '201510111', NULL, NULL, NULL, NULL, NULL, NULL, NULL, NULL, NULL, NULL, NULL, NULL, NULL, NULL, NULL, NULL, NULL, NULL, NULL, NULL, NULL, NULL, NULL, NULL, NULL, NULL, NULL, NULL, NULL, NULL, '2021-01-24 09:37:33', '2021-01-24 09:37:33', NULL, NULL, NULL, NULL, NULL, NULL, NULL, NULL, NULL, NULL, NULL, NULL, NULL, NULL),
(630, 'هدى احمد كامل على', '201510543', NULL, NULL, NULL, 1, NULL, NULL, NULL, NULL, NULL, 1, NULL, NULL, NULL, 1, 1, NULL, NULL, NULL, '0', NULL, NULL, '201510543', '201510543', NULL, NULL, NULL, NULL, NULL, NULL, NULL, NULL, NULL, NULL, NULL, NULL, NULL, NULL, NULL, NULL, NULL, NULL, NULL, NULL, NULL, NULL, NULL, NULL, NULL, NULL, NULL, NULL, NULL, NULL, '2021-01-24 09:37:33', '2021-01-24 09:37:33', NULL, NULL, NULL, NULL, NULL, NULL, NULL, NULL, NULL, NULL, NULL, NULL, NULL, NULL),
(631, 'هدير عبدالله جاب الله على', '201510535', NULL, NULL, NULL, 1, NULL, NULL, NULL, NULL, NULL, 1, NULL, NULL, NULL, 1, 1, NULL, NULL, NULL, '0', NULL, NULL, '201510535', '201510535', NULL, NULL, NULL, NULL, NULL, NULL, NULL, NULL, NULL, NULL, NULL, NULL, NULL, NULL, NULL, NULL, NULL, NULL, NULL, NULL, NULL, NULL, NULL, NULL, NULL, NULL, NULL, NULL, NULL, NULL, '2021-01-24 09:37:33', '2021-01-24 09:37:33', NULL, NULL, NULL, NULL, NULL, NULL, NULL, NULL, NULL, NULL, NULL, NULL, NULL, NULL),
(632, 'هشام صبرى احمد ابراهيم', '201510639', NULL, NULL, NULL, 1, NULL, NULL, NULL, NULL, NULL, 1, NULL, NULL, NULL, 1, 1, NULL, NULL, NULL, '0', NULL, NULL, '201510639', '201510639', NULL, NULL, NULL, NULL, NULL, NULL, NULL, NULL, NULL, NULL, NULL, NULL, NULL, NULL, NULL, NULL, NULL, NULL, NULL, NULL, NULL, NULL, NULL, NULL, NULL, NULL, NULL, NULL, NULL, NULL, '2021-01-24 09:37:33', '2021-01-24 09:37:33', NULL, NULL, NULL, NULL, NULL, NULL, NULL, NULL, NULL, NULL, NULL, NULL, NULL, NULL),
(633, 'هشام محمد مساعد على', '201510707', NULL, NULL, NULL, 1, NULL, NULL, NULL, NULL, NULL, 1, NULL, NULL, NULL, 1, 1, NULL, NULL, NULL, '0', NULL, NULL, '201510707', '201510707', NULL, NULL, NULL, NULL, NULL, NULL, NULL, NULL, NULL, NULL, NULL, NULL, NULL, NULL, NULL, NULL, NULL, NULL, NULL, NULL, NULL, NULL, NULL, NULL, NULL, NULL, NULL, NULL, NULL, NULL, '2021-01-24 09:37:33', '2021-01-24 09:37:33', NULL, NULL, NULL, NULL, NULL, NULL, NULL, NULL, NULL, NULL, NULL, NULL, NULL, NULL),
(634, 'هشام محمود السيد محمد', '201510404', NULL, NULL, NULL, 1, NULL, NULL, NULL, NULL, NULL, 1, NULL, NULL, NULL, 1, 1, NULL, NULL, NULL, '0', NULL, NULL, '201510404', '201510404', NULL, NULL, NULL, NULL, NULL, NULL, NULL, NULL, NULL, NULL, NULL, NULL, NULL, NULL, NULL, NULL, NULL, NULL, NULL, NULL, NULL, NULL, NULL, NULL, NULL, NULL, NULL, NULL, NULL, NULL, '2021-01-24 09:37:33', '2021-01-24 09:37:33', NULL, NULL, NULL, NULL, NULL, NULL, NULL, NULL, NULL, NULL, NULL, NULL, NULL, NULL),
(635, 'هناء عبدالعزيز عبدالعزيز معوض', '201510595', NULL, NULL, NULL, 1, NULL, NULL, NULL, NULL, NULL, 1, NULL, NULL, NULL, 1, 1, NULL, NULL, NULL, '0', NULL, NULL, '201510595', '201510595', NULL, NULL, NULL, NULL, NULL, NULL, NULL, NULL, NULL, NULL, NULL, NULL, NULL, NULL, NULL, NULL, NULL, NULL, NULL, NULL, NULL, NULL, NULL, NULL, NULL, NULL, NULL, NULL, NULL, NULL, '2021-01-24 09:37:33', '2021-01-24 09:37:33', NULL, NULL, NULL, NULL, NULL, NULL, NULL, NULL, NULL, NULL, NULL, NULL, NULL, NULL),
(636, 'هنيه جمال اسماعيل حسين', '201510020', NULL, NULL, NULL, 1, NULL, NULL, NULL, NULL, NULL, 1, NULL, NULL, NULL, 1, 1, NULL, NULL, NULL, '0', NULL, NULL, '201510020', '201510020', NULL, NULL, NULL, NULL, NULL, NULL, NULL, NULL, NULL, NULL, NULL, NULL, NULL, NULL, NULL, NULL, NULL, NULL, NULL, NULL, NULL, NULL, NULL, NULL, NULL, NULL, NULL, NULL, NULL, NULL, '2021-01-24 09:37:33', '2021-01-24 09:37:33', NULL, NULL, NULL, NULL, NULL, NULL, NULL, NULL, NULL, NULL, NULL, NULL, NULL, NULL),
(637, 'هيثم علاء مبروك احمد', '201510248', NULL, NULL, NULL, 1, NULL, NULL, NULL, NULL, NULL, 1, NULL, NULL, NULL, 1, 1, NULL, NULL, NULL, '0', NULL, NULL, '201510248', '201510248', NULL, NULL, NULL, NULL, NULL, NULL, NULL, NULL, NULL, NULL, NULL, NULL, NULL, NULL, NULL, NULL, NULL, NULL, NULL, NULL, NULL, NULL, NULL, NULL, NULL, NULL, NULL, NULL, NULL, NULL, '2021-01-24 09:37:33', '2021-01-24 09:37:33', NULL, NULL, NULL, NULL, NULL, NULL, NULL, NULL, NULL, NULL, NULL, NULL, NULL, NULL),
(638, 'هيثم ناصر عبدالحميد احمد', '201510297', NULL, NULL, NULL, 1, NULL, NULL, NULL, NULL, NULL, 1, NULL, NULL, NULL, 1, 1, NULL, NULL, NULL, '0', NULL, NULL, '201510297', '201510297', NULL, NULL, NULL, NULL, NULL, NULL, NULL, NULL, NULL, NULL, NULL, NULL, NULL, NULL, NULL, NULL, NULL, NULL, NULL, NULL, NULL, NULL, NULL, NULL, NULL, NULL, NULL, NULL, NULL, NULL, '2021-01-24 09:37:33', '2021-01-24 09:37:33', NULL, NULL, NULL, NULL, NULL, NULL, NULL, NULL, NULL, NULL, NULL, NULL, NULL, NULL),
(639, 'وحيده سلامه سليمان شعبان', '201510686', NULL, NULL, NULL, 1, NULL, NULL, NULL, NULL, NULL, 1, NULL, NULL, NULL, 1, 1, NULL, NULL, NULL, '0', NULL, NULL, '201510686', '201510686', NULL, NULL, NULL, NULL, NULL, NULL, NULL, NULL, NULL, NULL, NULL, NULL, NULL, NULL, NULL, NULL, NULL, NULL, NULL, NULL, NULL, NULL, NULL, NULL, NULL, NULL, NULL, NULL, NULL, NULL, '2021-01-24 09:37:33', '2021-01-24 09:37:33', NULL, NULL, NULL, NULL, NULL, NULL, NULL, NULL, NULL, NULL, NULL, NULL, NULL, NULL),
(640, 'وسام بهاء رشدى عبدالعزيز', '201510541', NULL, NULL, NULL, 1, NULL, NULL, NULL, NULL, NULL, 1, NULL, NULL, NULL, 1, 1, NULL, NULL, NULL, '0', NULL, NULL, '201510541', '201510541', NULL, NULL, NULL, NULL, NULL, NULL, NULL, NULL, NULL, NULL, NULL, NULL, NULL, NULL, NULL, NULL, NULL, NULL, NULL, NULL, NULL, NULL, NULL, NULL, NULL, NULL, NULL, NULL, NULL, NULL, '2021-01-24 09:37:33', '2021-01-24 09:37:33', NULL, NULL, NULL, NULL, NULL, NULL, NULL, NULL, NULL, NULL, NULL, NULL, NULL, NULL),
(641, 'ولاء ابوالهوايل محمود ابوالهوايل', '201510498', NULL, NULL, NULL, 1, NULL, NULL, NULL, NULL, NULL, 1, NULL, NULL, NULL, 1, 1, NULL, NULL, NULL, '0', NULL, NULL, '201510498', '201510498', NULL, NULL, NULL, NULL, NULL, NULL, NULL, NULL, NULL, NULL, NULL, NULL, NULL, NULL, NULL, NULL, NULL, NULL, NULL, NULL, NULL, NULL, NULL, NULL, NULL, NULL, NULL, NULL, NULL, NULL, '2021-01-24 09:37:33', '2021-01-24 09:37:33', NULL, NULL, NULL, NULL, NULL, NULL, NULL, NULL, NULL, NULL, NULL, NULL, NULL, NULL),
(642, 'ولاء ربيع عبدالعليم عبدالنعيم', '201510275', NULL, NULL, NULL, 1, NULL, NULL, NULL, NULL, NULL, 1, NULL, NULL, NULL, 1, 1, NULL, NULL, NULL, '0', NULL, NULL, '201510275', '201510275', NULL, NULL, NULL, NULL, NULL, NULL, NULL, NULL, NULL, NULL, NULL, NULL, NULL, NULL, NULL, NULL, NULL, NULL, NULL, NULL, NULL, NULL, NULL, NULL, NULL, NULL, NULL, NULL, NULL, NULL, '2021-01-24 09:37:33', '2021-01-24 09:37:33', NULL, NULL, NULL, NULL, NULL, NULL, NULL, NULL, NULL, NULL, NULL, NULL, NULL, NULL),
(643, 'وليد حسين عرفه عويس', '201510035', NULL, NULL, NULL, 1, NULL, NULL, NULL, NULL, NULL, 1, NULL, NULL, NULL, 1, 1, NULL, NULL, NULL, '0', NULL, NULL, '201510035', '201510035', NULL, NULL, NULL, NULL, NULL, NULL, NULL, NULL, NULL, NULL, NULL, NULL, NULL, NULL, NULL, NULL, NULL, NULL, NULL, NULL, NULL, NULL, NULL, NULL, NULL, NULL, NULL, NULL, NULL, NULL, '2021-01-24 09:37:33', '2021-01-24 09:37:33', NULL, NULL, NULL, NULL, NULL, NULL, NULL, NULL, NULL, NULL, NULL, NULL, NULL, NULL),
(644, 'يارا جمال ابوسريع محمود', '201510233', NULL, NULL, NULL, 1, NULL, NULL, NULL, NULL, NULL, 1, NULL, NULL, NULL, 1, 1, NULL, NULL, NULL, '0', NULL, NULL, '201510233', '201510233', NULL, NULL, NULL, NULL, NULL, NULL, NULL, NULL, NULL, NULL, NULL, NULL, NULL, NULL, NULL, NULL, NULL, NULL, NULL, NULL, NULL, NULL, NULL, NULL, NULL, NULL, NULL, NULL, NULL, NULL, '2021-01-24 09:37:33', '2021-01-24 09:37:33', NULL, NULL, NULL, NULL, NULL, NULL, NULL, NULL, NULL, NULL, NULL, NULL, NULL, NULL),
(645, 'يارا رفعت عبدالله محمد', '201510527', NULL, NULL, NULL, 1, NULL, NULL, NULL, NULL, NULL, 1, NULL, NULL, NULL, 1, 1, NULL, NULL, NULL, '0', NULL, NULL, '201510527', '201510527', NULL, NULL, NULL, NULL, NULL, NULL, NULL, NULL, NULL, NULL, NULL, NULL, NULL, NULL, NULL, NULL, NULL, NULL, NULL, NULL, NULL, NULL, NULL, NULL, NULL, NULL, NULL, NULL, NULL, NULL, '2021-01-24 09:37:33', '2021-01-24 09:37:33', NULL, NULL, NULL, NULL, NULL, NULL, NULL, NULL, NULL, NULL, NULL, NULL, NULL, NULL),
(646, 'يارا عبدالرحمن عويس احمد', '201510475', NULL, NULL, NULL, 1, NULL, NULL, NULL, NULL, NULL, 1, NULL, NULL, NULL, 1, 1, NULL, NULL, NULL, '0', NULL, NULL, '201510475', '201510475', NULL, NULL, NULL, NULL, NULL, NULL, NULL, NULL, NULL, NULL, NULL, NULL, NULL, NULL, NULL, NULL, NULL, NULL, NULL, NULL, NULL, NULL, NULL, NULL, NULL, NULL, NULL, NULL, NULL, NULL, '2021-01-24 09:37:33', '2021-01-24 09:37:33', NULL, NULL, NULL, NULL, NULL, NULL, NULL, NULL, NULL, NULL, NULL, NULL, NULL, NULL),
(647, 'ياسمين امام ابوزيد امام', '201510333', NULL, NULL, NULL, 1, NULL, NULL, NULL, NULL, NULL, 1, NULL, NULL, NULL, 1, 1, NULL, NULL, NULL, '0', NULL, NULL, '201510333', '201510333', NULL, NULL, NULL, NULL, NULL, NULL, NULL, NULL, NULL, NULL, NULL, NULL, NULL, NULL, NULL, NULL, NULL, NULL, NULL, NULL, NULL, NULL, NULL, NULL, NULL, NULL, NULL, NULL, NULL, NULL, '2021-01-24 09:37:33', '2021-01-24 09:37:33', NULL, NULL, NULL, NULL, NULL, NULL, NULL, NULL, NULL, NULL, NULL, NULL, NULL, NULL),
(648, 'ياسمين حمدى عبدالعظيم بركات', '201510304', NULL, NULL, NULL, 1, NULL, NULL, NULL, NULL, NULL, 1, NULL, NULL, NULL, 1, 1, NULL, NULL, NULL, '0', NULL, NULL, '201510304', '201510304', NULL, NULL, NULL, NULL, NULL, NULL, NULL, NULL, NULL, NULL, NULL, NULL, NULL, NULL, NULL, NULL, NULL, NULL, NULL, NULL, NULL, NULL, NULL, NULL, NULL, NULL, NULL, NULL, NULL, NULL, '2021-01-24 09:37:34', '2021-01-24 09:37:34', NULL, NULL, NULL, NULL, NULL, NULL, NULL, NULL, NULL, NULL, NULL, NULL, NULL, NULL),
(649, 'ياسمين سيد ابراهيم ابوالنور', '201510185', NULL, NULL, NULL, 1, NULL, NULL, NULL, NULL, NULL, 1, NULL, NULL, NULL, 1, 1, NULL, NULL, NULL, '0', NULL, NULL, '201510185', '201510185', NULL, NULL, NULL, NULL, NULL, NULL, NULL, NULL, NULL, NULL, NULL, NULL, NULL, NULL, NULL, NULL, NULL, NULL, NULL, NULL, NULL, NULL, NULL, NULL, NULL, NULL, NULL, NULL, NULL, NULL, '2021-01-24 09:37:34', '2021-01-24 09:37:34', NULL, NULL, NULL, NULL, NULL, NULL, NULL, NULL, NULL, NULL, NULL, NULL, NULL, NULL),
(650, 'ياسمين نجيب ابراهيم عبدالله', '201510179', NULL, NULL, NULL, 1, NULL, NULL, NULL, NULL, NULL, 1, NULL, NULL, NULL, 1, 1, NULL, NULL, NULL, '0', NULL, NULL, '201510179', '201510179', NULL, NULL, NULL, NULL, NULL, NULL, NULL, NULL, NULL, NULL, NULL, NULL, NULL, NULL, NULL, NULL, NULL, NULL, NULL, NULL, NULL, NULL, NULL, NULL, NULL, NULL, NULL, NULL, NULL, NULL, '2021-01-24 09:37:34', '2021-01-24 09:37:34', NULL, NULL, NULL, NULL, NULL, NULL, NULL, NULL, NULL, NULL, NULL, NULL, NULL, NULL),
(651, 'ياسين محمد ناجى على', '201510467', NULL, NULL, NULL, 1, NULL, NULL, NULL, NULL, NULL, 1, NULL, NULL, NULL, 1, 1, NULL, NULL, NULL, '0', NULL, NULL, '201510467', '201510467', NULL, NULL, NULL, NULL, NULL, NULL, NULL, NULL, NULL, NULL, NULL, NULL, NULL, NULL, NULL, NULL, NULL, NULL, NULL, NULL, NULL, NULL, NULL, NULL, NULL, NULL, NULL, NULL, NULL, NULL, '2021-01-24 09:37:34', '2021-01-24 09:37:34', NULL, NULL, NULL, NULL, NULL, NULL, NULL, NULL, NULL, NULL, NULL, NULL, NULL, NULL),
(652, 'يحى ربيع عبدالعظيم جادالمولى', '201510715', NULL, NULL, NULL, 1, NULL, NULL, NULL, NULL, NULL, 1, NULL, NULL, NULL, 1, 1, NULL, NULL, NULL, '0', NULL, NULL, '201510715', '201510715', NULL, NULL, NULL, NULL, NULL, NULL, NULL, NULL, NULL, NULL, NULL, NULL, NULL, NULL, NULL, NULL, NULL, NULL, NULL, NULL, NULL, NULL, NULL, NULL, NULL, NULL, NULL, NULL, NULL, NULL, '2021-01-24 09:37:34', '2021-01-24 09:37:34', NULL, NULL, NULL, NULL, NULL, NULL, NULL, NULL, NULL, NULL, NULL, NULL, NULL, NULL),
(653, 'يحى ناصر فريز محمد', '201510376', NULL, NULL, NULL, 1, NULL, NULL, NULL, NULL, NULL, 1, NULL, NULL, NULL, 1, 1, NULL, NULL, NULL, '0', NULL, NULL, '201510376', '201510376', NULL, NULL, NULL, NULL, NULL, NULL, NULL, NULL, NULL, NULL, NULL, NULL, NULL, NULL, NULL, NULL, NULL, NULL, NULL, NULL, NULL, NULL, NULL, NULL, NULL, NULL, NULL, NULL, NULL, NULL, '2021-01-24 09:37:34', '2021-01-24 09:37:34', NULL, NULL, NULL, NULL, NULL, NULL, NULL, NULL, NULL, NULL, NULL, NULL, NULL, NULL),
(654, 'يسرا محمود عجمى احمد', '201510120', NULL, NULL, NULL, 1, NULL, NULL, NULL, NULL, NULL, 1, NULL, NULL, NULL, 1, 1, NULL, NULL, NULL, '0', NULL, NULL, '201510120', '201510120', NULL, NULL, NULL, NULL, NULL, NULL, NULL, NULL, NULL, NULL, NULL, NULL, NULL, NULL, NULL, NULL, NULL, NULL, NULL, NULL, NULL, NULL, NULL, NULL, NULL, NULL, NULL, NULL, NULL, NULL, '2021-01-24 09:37:34', '2021-01-24 09:37:34', NULL, NULL, NULL, NULL, NULL, NULL, NULL, NULL, NULL, NULL, NULL, NULL, NULL, NULL),
(655, 'يمنى صفى الدين عبداللطيف عبدالعليم', '201510318', NULL, NULL, NULL, 1, NULL, NULL, NULL, NULL, NULL, 1, NULL, NULL, NULL, 1, 1, NULL, NULL, NULL, '0', NULL, NULL, '201510318', '201510318', NULL, NULL, NULL, NULL, NULL, NULL, NULL, NULL, NULL, NULL, NULL, NULL, NULL, NULL, NULL, NULL, NULL, NULL, NULL, NULL, NULL, NULL, NULL, NULL, NULL, NULL, NULL, NULL, NULL, NULL, '2021-01-24 09:37:34', '2021-01-24 09:37:34', NULL, NULL, NULL, NULL, NULL, NULL, NULL, NULL, NULL, NULL, NULL, NULL, NULL, NULL),
(656, 'يوسف خالد عبدالعظيم عزب', '201510182', NULL, NULL, NULL, 1, NULL, NULL, NULL, NULL, NULL, 1, NULL, NULL, NULL, 1, 1, NULL, NULL, NULL, '0', NULL, NULL, '201510182', '201510182', NULL, NULL, NULL, NULL, NULL, NULL, NULL, NULL, NULL, NULL, NULL, NULL, NULL, NULL, NULL, NULL, NULL, NULL, NULL, NULL, NULL, NULL, NULL, NULL, NULL, NULL, NULL, NULL, NULL, NULL, '2021-01-24 09:37:34', '2021-01-24 09:37:34', NULL, NULL, NULL, NULL, NULL, NULL, NULL, NULL, NULL, NULL, NULL, NULL, NULL, NULL),
(657, 'مدحت محسن  زكى عبدالحفيظ', '201510590', NULL, NULL, NULL, 1, NULL, NULL, NULL, NULL, NULL, 1, NULL, NULL, NULL, 1, 1, NULL, NULL, NULL, '0', NULL, NULL, '201510590', '201510590', NULL, NULL, NULL, NULL, NULL, NULL, NULL, NULL, NULL, NULL, NULL, NULL, NULL, NULL, NULL, NULL, NULL, NULL, NULL, NULL, NULL, NULL, NULL, NULL, NULL, NULL, NULL, NULL, NULL, NULL, '2021-01-24 09:37:34', '2021-01-24 09:37:34', NULL, NULL, NULL, NULL, NULL, NULL, NULL, NULL, NULL, NULL, NULL, NULL, NULL, NULL),
(658, 'مى جمال رجب السيد', '201510236', NULL, NULL, NULL, 1, NULL, NULL, NULL, NULL, NULL, 1, NULL, NULL, NULL, 1, 1, NULL, NULL, NULL, '0', NULL, NULL, '201510236', '201510236', NULL, NULL, NULL, NULL, NULL, NULL, NULL, NULL, NULL, NULL, NULL, NULL, NULL, NULL, NULL, NULL, NULL, NULL, NULL, NULL, NULL, NULL, NULL, NULL, NULL, NULL, NULL, NULL, NULL, NULL, '2021-01-24 09:37:34', '2021-01-24 09:37:34', NULL, NULL, NULL, NULL, NULL, NULL, NULL, NULL, NULL, NULL, NULL, NULL, NULL, NULL),
(659, 'حازم مظهر عمر على', '201510418', NULL, NULL, NULL, 1, NULL, NULL, NULL, NULL, NULL, 1, NULL, NULL, NULL, 1, 1, NULL, NULL, NULL, '0', NULL, NULL, '201510418', '201510418', NULL, NULL, NULL, NULL, NULL, NULL, NULL, NULL, NULL, NULL, NULL, NULL, NULL, NULL, NULL, NULL, NULL, NULL, NULL, NULL, NULL, NULL, NULL, NULL, NULL, NULL, NULL, NULL, NULL, NULL, '2021-01-24 09:37:34', '2021-01-24 09:37:34', NULL, NULL, NULL, NULL, NULL, NULL, NULL, NULL, NULL, NULL, NULL, NULL, NULL, NULL),
(660, 'عادل عزت خليفه مرجان', '201510537', NULL, NULL, NULL, 1, NULL, NULL, NULL, NULL, NULL, 1, NULL, NULL, NULL, 1, 1, NULL, NULL, NULL, '0', NULL, NULL, '201510537', '201510537', NULL, NULL, NULL, NULL, NULL, NULL, NULL, NULL, NULL, NULL, NULL, NULL, NULL, NULL, NULL, NULL, NULL, NULL, NULL, NULL, NULL, NULL, NULL, NULL, NULL, NULL, NULL, NULL, NULL, NULL, '2021-01-24 09:37:34', '2021-01-24 09:37:34', NULL, NULL, NULL, NULL, NULL, NULL, NULL, NULL, NULL, NULL, NULL, NULL, NULL, NULL),
(661, 'شاهر عصام عيد ابراهيم', '201510259', NULL, NULL, NULL, 1, NULL, NULL, NULL, NULL, NULL, 1, NULL, NULL, NULL, 1, 1, NULL, NULL, NULL, '0', NULL, NULL, '201510259', '201510259', NULL, NULL, NULL, NULL, NULL, NULL, NULL, NULL, NULL, NULL, NULL, NULL, NULL, NULL, NULL, NULL, NULL, NULL, NULL, NULL, NULL, NULL, NULL, NULL, NULL, NULL, NULL, NULL, NULL, NULL, '2021-01-24 09:37:34', '2021-01-24 09:37:34', NULL, NULL, NULL, NULL, NULL, NULL, NULL, NULL, NULL, NULL, NULL, NULL, NULL, NULL),
(662, 'ساره سمير ابراهيم عطاالله', '201510701', NULL, NULL, NULL, 1, NULL, NULL, NULL, NULL, NULL, 1, NULL, NULL, NULL, 1, 1, NULL, NULL, NULL, '0', NULL, NULL, '201510701', '201510701', NULL, NULL, NULL, NULL, NULL, NULL, NULL, NULL, NULL, NULL, NULL, NULL, NULL, NULL, NULL, NULL, NULL, NULL, NULL, NULL, NULL, NULL, NULL, NULL, NULL, NULL, NULL, NULL, NULL, NULL, '2021-01-24 09:37:34', '2021-01-24 09:37:34', NULL, NULL, NULL, NULL, NULL, NULL, NULL, NULL, NULL, NULL, NULL, NULL, NULL, NULL),
(663, 'اسلام محمد محمود محمد', '201510726', NULL, NULL, NULL, 1, NULL, NULL, NULL, NULL, NULL, 1, NULL, NULL, NULL, 1, 1, NULL, NULL, NULL, '0', NULL, NULL, '201510726', '201510726', NULL, NULL, NULL, NULL, NULL, NULL, NULL, NULL, NULL, NULL, NULL, NULL, NULL, NULL, NULL, NULL, NULL, NULL, NULL, NULL, NULL, NULL, NULL, NULL, NULL, NULL, NULL, NULL, NULL, NULL, '2021-01-24 09:37:34', '2021-01-24 09:37:34', NULL, NULL, NULL, NULL, NULL, NULL, NULL, NULL, NULL, NULL, NULL, NULL, NULL, NULL),
(664, 'باسم محمد على عبدالرحيم', '201410475', NULL, NULL, NULL, 1, NULL, NULL, NULL, NULL, NULL, 1, NULL, NULL, NULL, 1, 1, NULL, NULL, NULL, '0', NULL, NULL, '201410475', '201410475', NULL, NULL, NULL, NULL, NULL, NULL, NULL, NULL, NULL, NULL, NULL, NULL, NULL, NULL, NULL, NULL, NULL, NULL, NULL, NULL, NULL, NULL, NULL, NULL, NULL, NULL, NULL, NULL, NULL, NULL, '2021-01-24 09:37:34', '2021-01-24 09:37:34', NULL, NULL, NULL, NULL, NULL, NULL, NULL, NULL, NULL, NULL, NULL, NULL, NULL, NULL),
(665, 'عبدالله عماد ابوبكر احمد', '201510702', NULL, NULL, NULL, 1, NULL, NULL, NULL, NULL, NULL, 1, NULL, NULL, NULL, 1, 1, NULL, NULL, NULL, '0', NULL, NULL, '201510702', '201510702', NULL, NULL, NULL, NULL, NULL, NULL, NULL, NULL, NULL, NULL, NULL, NULL, NULL, NULL, NULL, NULL, NULL, NULL, NULL, NULL, NULL, NULL, NULL, NULL, NULL, NULL, NULL, NULL, NULL, NULL, '2021-01-24 09:37:34', '2021-01-24 09:37:34', NULL, NULL, NULL, NULL, NULL, NULL, NULL, NULL, NULL, NULL, NULL, NULL, NULL, NULL),
(666, 'اميره عطيه عباس ابراهيم', '201510727', NULL, NULL, NULL, 1, NULL, NULL, NULL, NULL, NULL, 1, NULL, NULL, NULL, 1, 1, NULL, NULL, NULL, '0', NULL, NULL, '201510727', '201510727', NULL, NULL, NULL, NULL, NULL, NULL, NULL, NULL, NULL, NULL, NULL, NULL, NULL, NULL, NULL, NULL, NULL, NULL, NULL, NULL, NULL, NULL, NULL, NULL, NULL, NULL, NULL, NULL, NULL, NULL, '2021-01-24 09:37:34', '2021-01-24 09:37:34', NULL, NULL, NULL, NULL, NULL, NULL, NULL, NULL, NULL, NULL, NULL, NULL, NULL, NULL),
(667, 'ابانوب نبيل منير عجيلى', '201510660', NULL, NULL, NULL, 1, NULL, NULL, NULL, NULL, NULL, 1, NULL, NULL, NULL, 1, 1, NULL, NULL, NULL, '0', NULL, NULL, '201510660', '201510660', NULL, NULL, NULL, NULL, NULL, NULL, NULL, NULL, NULL, NULL, NULL, NULL, NULL, NULL, NULL, NULL, NULL, NULL, NULL, NULL, NULL, NULL, NULL, NULL, NULL, NULL, NULL, NULL, NULL, NULL, '2021-01-24 09:37:34', '2021-01-24 09:37:34', NULL, NULL, NULL, NULL, NULL, NULL, NULL, NULL, NULL, NULL, NULL, NULL, NULL, NULL),
(668, 'احمد عماد مصطفى سلامة', '201510728', NULL, NULL, NULL, 1, NULL, NULL, NULL, NULL, NULL, 1, NULL, NULL, NULL, 1, 1, NULL, NULL, NULL, '0', NULL, NULL, '201510728', '201510728', NULL, NULL, NULL, NULL, NULL, NULL, NULL, NULL, NULL, NULL, NULL, NULL, NULL, NULL, NULL, NULL, NULL, NULL, NULL, NULL, NULL, NULL, NULL, NULL, NULL, NULL, NULL, NULL, NULL, NULL, '2021-01-24 09:37:34', '2021-01-24 09:37:34', NULL, NULL, NULL, NULL, NULL, NULL, NULL, NULL, NULL, NULL, NULL, NULL, NULL, NULL),
(669, 'محمود شريف محمود سالم', '201510365', NULL, NULL, NULL, 1, NULL, NULL, NULL, NULL, NULL, 1, NULL, NULL, NULL, 1, 1, NULL, NULL, NULL, '0', NULL, NULL, '201510365', '201510365', NULL, NULL, NULL, NULL, NULL, NULL, NULL, NULL, NULL, NULL, NULL, NULL, NULL, NULL, NULL, NULL, NULL, NULL, NULL, NULL, NULL, NULL, NULL, NULL, NULL, NULL, NULL, NULL, NULL, NULL, '2021-01-24 09:37:34', '2021-01-24 09:37:34', NULL, NULL, NULL, NULL, NULL, NULL, NULL, NULL, NULL, NULL, NULL, NULL, NULL, NULL),
(670, 'عبدالرحمن عثمان المنتصر عبدالرحمن', '20130325', NULL, NULL, NULL, 1, NULL, NULL, NULL, NULL, NULL, 1, NULL, NULL, NULL, 1, 1, NULL, NULL, NULL, '0', NULL, NULL, '20130325', '20130325', NULL, NULL, NULL, NULL, NULL, NULL, NULL, NULL, NULL, NULL, NULL, NULL, NULL, NULL, NULL, NULL, NULL, NULL, NULL, NULL, NULL, NULL, NULL, NULL, NULL, NULL, NULL, NULL, NULL, NULL, '2021-01-24 09:37:34', '2021-01-24 09:37:34', NULL, NULL, NULL, NULL, NULL, NULL, NULL, NULL, NULL, NULL, NULL, NULL, NULL, NULL),
(671, 'سيف الاسلام', '202110001', NULL, NULL, NULL, 8, NULL, 1, '2021-01-27', 1, NULL, 1, NULL, NULL, NULL, 1, 1, NULL, NULL, NULL, '0', NULL, NULL, '12357487457744', NULL, 230, NULL, NULL, NULL, NULL, 3, NULL, NULL, NULL, NULL, NULL, NULL, NULL, NULL, NULL, NULL, NULL, NULL, '/uploads/students/671/161173987893198.jpg', NULL, NULL, NULL, NULL, NULL, NULL, NULL, NULL, NULL, NULL, 2, '2021-01-27 07:28:39', '2021-01-27 07:33:35', NULL, NULL, NULL, NULL, NULL, NULL, 0, '2021-01-27-09:28:39-32721', 1, NULL, NULL, NULL, NULL, NULL),
(672, 'لطفى احمد محمد', '202110002', NULL, NULL, NULL, 8, NULL, 10, '2021-01-27', 2, NULL, 1, NULL, NULL, NULL, 1, 1, NULL, NULL, NULL, '0', NULL, NULL, '30203102201038', NULL, 300, NULL, NULL, NULL, NULL, 3, NULL, NULL, NULL, NULL, NULL, NULL, NULL, NULL, NULL, NULL, NULL, NULL, '/uploads/students/672/161174088311251.jpg', NULL, NULL, NULL, NULL, NULL, NULL, NULL, NULL, NULL, NULL, 2, '2021-01-27 07:48:03', '2021-01-27 07:49:34', NULL, NULL, NULL, NULL, NULL, NULL, 0, '2021-01-27-09:48:03-70234', 1, NULL, NULL, NULL, NULL, NULL),
(673, 'ابانوب محب', '2021-01-27-10:33:10-19541', NULL, NULL, 'male', 8, NULL, 2, '2021-01-27', 1, NULL, 1, NULL, NULL, NULL, 1, 1, NULL, NULL, NULL, '0', NULL, NULL, '29308192200419', NULL, 230, NULL, NULL, NULL, NULL, 2, 2, NULL, NULL, NULL, NULL, NULL, NULL, NULL, NULL, NULL, NULL, NULL, '/uploads/students/673/161174359062537.jpg', NULL, NULL, NULL, NULL, NULL, NULL, NULL, NULL, NULL, NULL, 2, '2021-01-27 08:33:10', '2021-01-27 08:33:10', NULL, NULL, NULL, NULL, NULL, NULL, NULL, NULL, NULL, NULL, NULL, NULL, NULL, NULL);

-- --------------------------------------------------------

--
-- Table structure for table `student_attributes`
--

CREATE TABLE `student_attributes` (
  `id` bigint(20) UNSIGNED NOT NULL,
  `student_id` int(10) UNSIGNED NOT NULL,
  `attributes_id` int(10) UNSIGNED NOT NULL,
  `notes` varchar(191) COLLATE utf8mb4_unicode_ci DEFAULT NULL,
  `created_at` timestamp NULL DEFAULT NULL,
  `updated_at` timestamp NULL DEFAULT NULL
) ENGINE=InnoDB DEFAULT CHARSET=utf8mb4 COLLATE=utf8mb4_unicode_ci;

-- --------------------------------------------------------

--
-- Table structure for table `student_code_series`
--

CREATE TABLE `student_code_series` (
  `id` int(11) NOT NULL,
  `academic_year_id` int(11) NOT NULL,
  `level_id` int(11) NOT NULL,
  `code` varchar(191) COLLATE utf8_unicode_ci NOT NULL,
  `created_at` timestamp NULL DEFAULT NULL,
  `updated_at` timestamp NULL DEFAULT NULL
) ENGINE=MyISAM DEFAULT CHARSET=utf8 COLLATE=utf8_unicode_ci;

--
-- Dumping data for table `student_code_series`
--

INSERT INTO `student_code_series` (`id`, `academic_year_id`, `level_id`, `code`, `created_at`, `updated_at`) VALUES
(3, 1, 1, '202010001', '2020-08-11 16:40:45', '2020-11-23 14:30:42'),
(2, 1, 2, '202020001', '2020-08-11 16:30:10', '2020-11-23 14:30:48'),
(8, 8, 1, '202110001', '2021-01-27 07:26:00', '2021-01-27 07:26:00'),
(7, 1, 4, '202040001', '2020-11-23 14:31:08', '2020-11-23 14:31:08'),
(6, 1, 3, '202030001', '2020-08-12 13:02:29', '2021-01-27 07:26:45'),
(9, 8, 2, '202120001', '2021-01-27 07:26:19', '2021-01-27 07:26:19'),
(10, 8, 3, '202130001', '2021-01-27 07:27:02', '2021-01-27 07:27:02'),
(11, 8, 4, '202140001', '2021-01-27 07:27:15', '2021-01-27 07:27:15');

-- --------------------------------------------------------

--
-- Table structure for table `student_logs`
--

CREATE TABLE `student_logs` (
  `id` bigint(20) UNSIGNED NOT NULL,
  `from` date NOT NULL,
  `to` date NOT NULL,
  `student_status_id` int(10) UNSIGNED NOT NULL,
  `notes` varchar(191) COLLATE utf8mb4_unicode_ci DEFAULT NULL,
  `created_at` timestamp NULL DEFAULT NULL,
  `updated_at` timestamp NULL DEFAULT NULL
) ENGINE=InnoDB DEFAULT CHARSET=utf8mb4 COLLATE=utf8mb4_unicode_ci;

-- --------------------------------------------------------

--
-- Table structure for table `student_military_history`
--

CREATE TABLE `student_military_history` (
  `id` bigint(20) UNSIGNED NOT NULL,
  `student_id` int(10) UNSIGNED NOT NULL,
  `date_from` date NOT NULL,
  `date_to` date NOT NULL,
  `military_status_id` int(11) NOT NULL,
  `military_settings_id` int(11) NOT NULL,
  `notes` varchar(191) COLLATE utf8mb4_unicode_ci DEFAULT NULL,
  `created_at` timestamp NULL DEFAULT NULL,
  `updated_at` timestamp NULL DEFAULT NULL
) ENGINE=InnoDB DEFAULT CHARSET=utf8mb4 COLLATE=utf8mb4_unicode_ci;

-- --------------------------------------------------------

--
-- Table structure for table `student_required_documents`
--

CREATE TABLE `student_required_documents` (
  `id` bigint(20) UNSIGNED NOT NULL,
  `required_document_id` int(10) UNSIGNED NOT NULL,
  `student_id` int(10) UNSIGNED NOT NULL,
  `path` varchar(191) COLLATE utf8mb4_unicode_ci NOT NULL,
  `notes` varchar(191) COLLATE utf8mb4_unicode_ci DEFAULT NULL,
  `type` enum('original','copy') COLLATE utf8mb4_unicode_ci DEFAULT NULL,
  `created_at` timestamp NULL DEFAULT NULL,
  `updated_at` timestamp NULL DEFAULT NULL
) ENGINE=InnoDB DEFAULT CHARSET=utf8mb4 COLLATE=utf8mb4_unicode_ci;

--
-- Dumping data for table `student_required_documents`
--

INSERT INTO `student_required_documents` (`id`, `required_document_id`, `student_id`, `path`, `notes`, `type`, `created_at`, `updated_at`) VALUES
(1, 17, 1, '/uploads/students/1/160613233040718.png', NULL, NULL, '2020-11-23 09:52:10', '2020-11-23 09:52:10'),
(2, 18, 1, '/uploads/students/1/160613233040735.jpg', NULL, NULL, '2020-11-23 09:52:10', '2020-11-23 09:52:10'),
(3, 19, 1, '/uploads/students/1/160613233012001.jpg', NULL, NULL, '2020-11-23 09:52:10', '2020-11-23 09:52:10'),
(4, 17, 2, '/uploads/students/2/160613369450911.webp', NULL, NULL, '2020-11-23 10:14:54', '2020-11-23 10:14:54'),
(5, 18, 2, '/uploads/students/2/160613369455502.jpg', NULL, NULL, '2020-11-23 10:14:54', '2020-11-23 10:14:54'),
(6, 19, 2, '/uploads/students/2/160613369456635.jpg', NULL, NULL, '2020-11-23 10:14:54', '2020-11-23 10:14:54'),
(7, 17, 3, '/uploads/students/3/160614479016669.jpg', NULL, NULL, '2020-11-23 13:19:50', '2020-11-23 13:19:50'),
(8, 18, 3, '/uploads/students/3/160614479050262.png', NULL, NULL, '2020-11-23 13:19:51', '2020-11-23 13:19:51'),
(9, 19, 3, '/uploads/students/3/160614479145920.jpg', NULL, NULL, '2020-11-23 13:19:51', '2020-11-23 13:19:51'),
(10, 17, 4, '/uploads/students/4/160614486757262.png', NULL, NULL, '2020-11-23 13:21:07', '2020-11-23 13:21:07'),
(11, 18, 4, '/uploads/students/4/160614486748892.jpg', NULL, NULL, '2020-11-23 13:21:07', '2020-11-23 13:21:07'),
(12, 19, 4, '/uploads/students/4/160614486879729.jpg', NULL, NULL, '2020-11-23 13:21:08', '2020-11-23 13:21:08'),
(13, 17, 5, '/uploads/students/5/160614494737513.jpg', NULL, NULL, '2020-11-23 13:22:27', '2020-11-23 13:22:27'),
(14, 18, 5, '/uploads/students/5/160614494748779.jpg', NULL, NULL, '2020-11-23 13:22:27', '2020-11-23 13:22:27'),
(15, 19, 5, '/uploads/students/5/160614494771627.webp', NULL, NULL, '2020-11-23 13:22:27', '2020-11-23 13:22:27'),
(16, 17, 6, '/uploads/students/6/160614502015516.png', NULL, NULL, '2020-11-23 13:23:40', '2020-11-23 13:23:40'),
(17, 18, 6, '/uploads/students/6/160614502054830.jpg', NULL, NULL, '2020-11-23 13:23:40', '2020-11-23 13:23:40'),
(18, 19, 6, '/uploads/students/6/160614502070904.jpg', NULL, NULL, '2020-11-23 13:23:40', '2020-11-23 13:23:40'),
(19, 17, 7, '/uploads/students/7/160614509463172.jpg', NULL, NULL, '2020-11-23 13:24:54', '2020-11-23 13:24:54'),
(20, 18, 7, '/uploads/students/7/160614509494995.webp', NULL, NULL, '2020-11-23 13:24:54', '2020-11-23 13:24:54'),
(21, 19, 7, '/uploads/students/7/160614509555094.webp', NULL, NULL, '2020-11-23 13:24:55', '2020-11-23 13:24:55'),
(22, 1, 8, '/uploads/students/8/160614579037005.png', NULL, NULL, '2020-11-23 13:36:30', '2020-11-23 13:36:30'),
(23, 2, 8, '/uploads/students/8/160614579050580.jpg', NULL, NULL, '2020-11-23 13:36:30', '2020-11-23 13:36:30'),
(24, 20, 8, '/uploads/students/8/160614579047995.webp', NULL, NULL, '2020-11-23 13:36:30', '2020-11-23 13:36:30'),
(25, 2, 9, '/uploads/students/9/160614592414169.jpg', NULL, NULL, '2020-11-23 13:38:44', '2020-11-23 13:38:44'),
(26, 7, 9, '/uploads/students/9/160614592438595.png', NULL, NULL, '2020-11-23 13:38:44', '2020-11-23 13:38:44'),
(27, 19, 9, '/uploads/students/9/160614592458247.jpg', NULL, NULL, '2020-11-23 13:38:44', '2020-11-23 13:38:44'),
(28, 1, 10, '/uploads/students/10/160614606487731.jpg', NULL, NULL, '2020-11-23 13:41:04', '2020-11-23 13:41:04'),
(29, 2, 10, '/uploads/students/10/160614606418093.jpg', NULL, NULL, '2020-11-23 13:41:04', '2020-11-23 13:41:04'),
(30, 20, 10, '/uploads/students/10/160614606445736.png', NULL, NULL, '2020-11-23 13:41:04', '2020-11-23 13:41:04'),
(31, 1, 11, '/uploads/students/11/160614648026215.jpg', NULL, NULL, '2020-11-23 13:48:00', '2020-11-23 13:48:00'),
(32, 2, 11, '/uploads/students/11/160614648025364.png', NULL, NULL, '2020-11-23 13:48:00', '2020-11-23 13:48:00'),
(33, 20, 11, '/uploads/students/11/160614648079550.jpg', NULL, NULL, '2020-11-23 13:48:00', '2020-11-23 13:48:00'),
(34, 1, 12, '/uploads/students/12/160614652899726.jpg', NULL, NULL, '2020-11-23 13:48:48', '2020-11-23 13:48:48'),
(35, 2, 12, '/uploads/students/12/160614652869570.jpg', NULL, NULL, '2020-11-23 13:48:48', '2020-11-23 13:48:48'),
(36, 20, 12, '/uploads/students/12/160614652896231.jpg', NULL, NULL, '2020-11-23 13:48:48', '2020-11-23 13:48:48'),
(37, 17, 13, '/uploads/students/13/160614665989282.jpg', NULL, NULL, '2020-11-23 13:50:59', '2020-11-23 13:50:59'),
(38, 18, 13, '/uploads/students/13/160614665943559.jpg', NULL, NULL, '2020-11-23 13:50:59', '2020-11-23 13:50:59'),
(39, 19, 13, '/uploads/students/13/160614665912416.jpg', NULL, NULL, '2020-11-23 13:50:59', '2020-11-23 13:50:59'),
(40, 1, 14, '/uploads/students/14/160614675457542.jpg', NULL, NULL, '2020-11-23 13:52:34', '2020-11-23 13:52:34'),
(41, 2, 14, '/uploads/students/14/160614675421672.png', NULL, NULL, '2020-11-23 13:52:34', '2020-11-23 13:52:34'),
(42, 20, 14, '/uploads/students/14/160614675471245.jpg', NULL, NULL, '2020-11-23 13:52:35', '2020-11-23 13:52:35'),
(43, 17, 15, '/uploads/students/15/160620754530577.jpg', NULL, NULL, '2020-11-24 06:45:46', '2020-11-24 06:45:46'),
(44, 18, 15, '/uploads/students/15/160620754673233.png', NULL, NULL, '2020-11-24 06:45:46', '2020-11-24 06:45:46'),
(45, 19, 15, '/uploads/students/15/160620754647227.jpg', NULL, NULL, '2020-11-24 06:45:46', '2020-11-24 06:45:46'),
(46, 17, 16, '/uploads/students/16/160854039388857.png', NULL, NULL, '2020-12-21 06:46:34', '2020-12-21 06:46:34'),
(47, 18, 16, '/uploads/students/16/160854039455339.jpg', NULL, NULL, '2020-12-21 06:46:34', '2020-12-21 06:46:34'),
(48, 19, 16, '/uploads/students/16/160854039422014.jpg', NULL, NULL, '2020-12-21 06:46:34', '2020-12-21 06:46:34'),
(49, 17, 17, '/uploads/students/17/160897225472427.png', NULL, NULL, '2020-12-26 06:44:14', '2020-12-26 06:44:14'),
(50, 18, 17, '/uploads/students/17/160897225429935.png', NULL, NULL, '2020-12-26 06:44:14', '2020-12-26 06:44:14'),
(51, 19, 17, '/uploads/students/17/160897225496780.jpg', NULL, NULL, '2020-12-26 06:44:14', '2020-12-26 06:44:14'),
(52, 17, 671, '/uploads/students/671/161173971993784.jpg', NULL, NULL, '2021-01-27 07:28:39', '2021-01-27 07:28:39'),
(53, 18, 671, '/uploads/students/671/161173971972536.jpg', NULL, NULL, '2021-01-27 07:28:39', '2021-01-27 07:28:39'),
(54, 19, 671, '/uploads/students/671/161173971972297.jpg', NULL, NULL, '2021-01-27 07:28:39', '2021-01-27 07:28:39'),
(55, 17, 672, '/uploads/students/672/161174088356328.png', NULL, NULL, '2021-01-27 07:48:03', '2021-01-27 07:48:03'),
(56, 18, 672, '/uploads/students/672/161174088348250.png', NULL, NULL, '2021-01-27 07:48:03', '2021-01-27 07:48:03'),
(57, 19, 672, '/uploads/students/672/161174088361488.jpg', NULL, NULL, '2021-01-27 07:48:03', '2021-01-27 07:48:03'),
(58, 17, 673, '/uploads/students/673/161174359040699.jpg', NULL, NULL, '2021-01-27 08:33:10', '2021-01-27 08:33:10'),
(59, 18, 673, '/uploads/students/673/161174359071877.jpg', NULL, NULL, '2021-01-27 08:33:10', '2021-01-27 08:33:10'),
(60, 19, 673, '/uploads/students/673/161174359027080.png', NULL, NULL, '2021-01-27 08:33:10', '2021-01-27 08:33:10');

-- --------------------------------------------------------

--
-- Table structure for table `student_status`
--

CREATE TABLE `student_status` (
  `id` bigint(20) UNSIGNED NOT NULL,
  `status` varchar(191) COLLATE utf8mb4_unicode_ci NOT NULL,
  `reason` varchar(191) COLLATE utf8mb4_unicode_ci NOT NULL,
  `notes` varchar(191) COLLATE utf8mb4_unicode_ci DEFAULT NULL,
  `created_at` timestamp NULL DEFAULT NULL,
  `updated_at` timestamp NULL DEFAULT NULL
) ENGINE=InnoDB DEFAULT CHARSET=utf8mb4 COLLATE=utf8mb4_unicode_ci;

-- --------------------------------------------------------

--
-- Table structure for table `team_work`
--

CREATE TABLE `team_work` (
  `id` bigint(20) UNSIGNED NOT NULL,
  `name` varchar(191) COLLATE utf8mb4_unicode_ci NOT NULL,
  `sign_image` varchar(191) COLLATE utf8mb4_unicode_ci NOT NULL,
  `notes` varchar(191) COLLATE utf8mb4_unicode_ci NOT NULL,
  `created_at` timestamp NULL DEFAULT NULL,
  `updated_at` timestamp NULL DEFAULT NULL,
  `value` varchar(191) COLLATE utf8mb4_unicode_ci NOT NULL
) ENGINE=InnoDB DEFAULT CHARSET=utf8mb4 COLLATE=utf8mb4_unicode_ci;

--
-- Dumping data for table `team_work`
--

INSERT INTO `team_work` (`id`, `name`, `sign_image`, `notes`, `created_at`, `updated_at`, `value`) VALUES
(1, 'institute_manager', '', '', NULL, NULL, 'أ.د/ احمد ابو القمصان'),
(2, 'student manager', '', '', NULL, NULL, 'أ.د/ عماد طلعت نجيب ');

-- --------------------------------------------------------

--
-- Table structure for table `terms`
--

CREATE TABLE `terms` (
  `id` bigint(20) UNSIGNED NOT NULL,
  `created_at` timestamp NULL DEFAULT NULL,
  `updated_at` timestamp NULL DEFAULT NULL,
  `start_date` varchar(255) COLLATE utf8mb4_unicode_ci NOT NULL,
  `end_date` varchar(255) COLLATE utf8mb4_unicode_ci NOT NULL,
  `name` varchar(255) COLLATE utf8mb4_unicode_ci NOT NULL
) ENGINE=InnoDB DEFAULT CHARSET=utf8mb4 COLLATE=utf8mb4_unicode_ci;

--
-- Dumping data for table `terms`
--

INSERT INTO `terms` (`id`, `created_at`, `updated_at`, `start_date`, `end_date`, `name`) VALUES
(1, NULL, NULL, '09-01', '01-01', 'ترم اول'),
(2, NULL, NULL, '09-01', '01-01', 'ترم ثانى'),
(3, NULL, NULL, '09-01', '01-01', 'ترم صيفى');

-- --------------------------------------------------------

--
-- Table structure for table `translations`
--

CREATE TABLE `translations` (
  `id` bigint(20) UNSIGNED NOT NULL,
  `key` varchar(191) COLLATE utf8mb4_unicode_ci NOT NULL,
  `name_ar` varchar(255) COLLATE utf8mb4_unicode_ci DEFAULT NULL,
  `name_en` varchar(255) COLLATE utf8mb4_unicode_ci DEFAULT NULL,
  `created_at` timestamp NULL DEFAULT NULL,
  `updated_at` timestamp NULL DEFAULT NULL
) ENGINE=InnoDB DEFAULT CHARSET=utf8mb4 COLLATE=utf8mb4_unicode_ci;

--
-- Dumping data for table `translations`
--

INSERT INTO `translations` (`id`, `key`, `name_ar`, `name_en`, `created_at`, `updated_at`) VALUES
(3, 'main_settings', 'الاعدادات الرئيسيه ', 'main_settings', '2020-08-08 11:36:07', '2020-10-12 12:33:08'),
(4, 'not_found', 'رابط غير موجود ', 'Not Found', '2020-08-08 11:36:07', '2020-10-12 12:33:08'),
(5, 'academic_year', 'السنه الدراسيه ', 'academic_year', '2020-08-08 11:36:50', '2020-10-12 12:33:08'),
(6, 'adminsion_status', 'نوع التقديم ', 'adminsion status', '2020-08-08 22:38:59', '2020-10-12 12:33:07'),
(7, 'global_setting', 'الاعدادات العامه ', 'global setting', '2020-08-08 23:41:58', '2020-10-12 12:33:07'),
(8, 'change_password', 'تغيير الرقم السرى ', 'change password', '2020-08-08 23:41:58', '2020-10-12 12:33:07'),
(9, 'activities', 'نشط ', 'activities', '2020-08-08 23:41:58', '2020-10-12 12:33:07'),
(10, 'login_history', 'سجل النشاطات ', 'login history', '2020-08-08 23:41:58', '2020-10-12 12:33:07'),
(11, 'main', 'الرئيسيه ', 'main', '2020-08-08 23:56:50', '2020-10-12 12:33:06'),
(12, 'adminsion_metods', 'وسيله التعارف ', 'adminsion methods', '2020-08-08 23:56:50', '2020-10-12 12:33:06'),
(13, 'academin_sections', 'المستويات والفرق ', 'academin sections', '2020-08-08 23:56:50', '2020-10-12 12:33:06'),
(14, 'levels', 'المستوى الدراسى ', 'levels', '2020-08-08 23:56:50', '2020-10-12 12:33:06'),
(15, 'departments', 'الأقسام الدراسيه ', 'departments', '2020-08-08 23:56:50', '2020-10-12 12:33:06'),
(16, 'divisions', 'الشعب الدراسيه ', 'divisions', '2020-08-08 23:56:50', '2020-10-12 12:33:06'),
(17, 'qualifications', 'المؤهلات ', 'qualifications', '2020-08-08 23:56:50', '2020-10-12 12:33:06'),
(18, 'qualification_types', 'انواع المؤهل ', 'qualification_types', '2020-08-08 23:56:50', '2020-10-12 12:33:06'),
(19, 'roles', 'الصلاحيات ', 'roles', '2020-08-08 23:56:50', '2020-10-12 12:33:06'),
(20, 'users', 'المستخدمين ', 'users', '2020-08-08 23:56:50', '2020-10-12 12:33:06'),
(21, 'countroies_and_cities', 'الدول والمحافظات ', 'countroies and cities', '2020-08-08 23:56:50', '2020-10-12 12:33:07'),
(22, 'countroies', 'الدول ', 'countroies', '2020-08-08 23:56:50', '2020-10-12 12:33:07'),
(23, 'governments', 'المحافظات ', 'governments', '2020-08-08 23:56:50', '2020-10-12 12:33:07'),
(24, 'cities', 'المدن ', 'cities', '2020-08-08 23:56:50', '2020-10-12 12:33:07'),
(25, 'nationalities', 'الجنسيات ', 'nationalities', '2020-08-08 23:56:50', '2020-10-12 12:33:07'),
(26, 'relative_relations', 'صله القرابه ', 'relative relations', '2020-08-08 23:56:50', '2020-10-12 12:33:07'),
(27, 'languages', 'اللغات ', 'languages', '2020-08-08 23:56:50', '2020-10-12 12:33:07'),
(28, 'parent_jobs', 'وظيفه ولى الامر ', 'parent jobs', '2020-08-08 23:56:50', '2020-10-12 12:33:07'),
(29, 'applications', 'ملفات التقديم ', 'applications', '2020-08-08 23:56:50', '2020-10-12 12:33:07'),
(30, 'application_requirments', 'طلبات التقديم ', 'application requirments', '2020-08-08 23:56:50', '2020-10-12 12:33:07'),
(31, 'military', 'التجنيد ', 'military', '2020-08-08 23:56:50', '2020-10-12 12:33:07'),
(32, 'military_status', 'حالات التجنيد ', 'military_status', '2020-08-08 23:56:50', '2020-10-12 12:33:07'),
(33, 'military_areas', 'مناطق التجنيد ', 'military areas', '2020-08-08 23:56:50', '2020-10-12 12:33:07'),
(34, 'profile', 'الملف الشخصى ', 'profile', '2020-08-09 00:06:14', '2020-10-12 12:33:06'),
(35, 'create', 'إضافه ', 'create', '2020-08-09 00:20:59', '2020-10-12 12:33:06'),
(36, 'setting', 'الإعدادات ', 'setting', '2020-08-09 00:22:04', '2020-10-12 12:33:06'),
(37, 'user_profile_info', 'الحساب الشخصى للمستخدم ', 'user profile info', '2020-08-09 00:23:46', '2020-10-12 12:33:06'),
(38, 'name', 'الاسم ', 'name', '2020-08-09 00:23:46', '2020-10-12 12:33:06'),
(39, 'username', 'اسم المستخدم ', 'username', '2020-08-09 00:26:02', '2020-10-12 12:33:06'),
(40, 'email', 'البريد الالكترونى ', 'email', '2020-08-09 00:26:02', '2020-10-12 12:33:06'),
(41, 'phone', 'رقم الهاتف ', 'phone', '2020-08-09 00:26:02', '2020-10-12 12:33:06'),
(42, 'save', 'حفظ ', 'save', '2020-08-09 00:26:08', '2020-10-12 12:33:06'),
(43, 'datetime', 'التاريخ والوقت ', 'datetime', '2020-08-09 00:55:32', '2020-10-12 12:33:05'),
(44, 'ip', 'IP ', 'IP', '2020-08-09 00:55:32', '2020-10-12 12:33:05'),
(45, 'device_info', 'معلومات الجهاز ', 'device info', '2020-08-09 00:55:32', '2020-10-12 12:33:06'),
(46, 'save_changes', 'حفظ التغيرات ', 'save changes', '2020-08-09 00:57:37', '2020-10-13 06:38:20'),
(47, 'old_password', 'الرقم السرى القديم ', 'old password', '2020-08-09 00:57:37', '2020-10-12 12:33:05'),
(48, 'new_password', 'الرقم السرى الجديد ', 'new password', '2020-08-09 00:57:37', '2020-10-12 12:33:05'),
(49, 'confirm_new_password', 'تاكيد الرقم السرى الجديد ', 'confirm new password', '2020-08-09 00:57:37', '2020-10-12 12:33:05'),
(50, 'add_city', 'إضافه مدينه ', 'add city', '2020-08-09 01:07:13', '2020-10-12 12:33:05'),
(51, 'add_city_', 'إضافه مدينه ', 'add city', '2020-08-09 01:07:13', '2020-10-12 12:33:05'),
(52, 'process_has_been_success', 'تمت العمليه  بنجاح ', 'process has been success', '2020-08-09 01:07:14', '2020-10-12 12:33:05'),
(53, 'city', 'المدينه ', 'city', '2020-08-09 16:44:45', '2020-10-12 12:33:05'),
(54, 'government', 'المحافظه ', 'government', '2020-08-09 16:45:53', '2020-10-12 12:33:05'),
(55, 'country', 'الدوله ', 'country', '2020-08-09 16:45:53', '2020-10-12 12:33:05'),
(56, 'notes', 'ملاحظات ', 'notes', '2020-08-09 16:45:53', '2020-10-12 12:33:05'),
(57, 'are_you_sure_?', 'هل انت متأكد ؟ ', 'are you sure ?', '2020-08-09 16:50:52', '2020-10-12 12:33:05'),
(58, 'are_you_sure', 'هل انت متأكد ؟ ', 'are you sure', '2020-08-09 16:54:14', '2020-10-12 12:33:05'),
(59, 'when_deleted,_the_data_cannot_be_recovered', 'عند تاكيد الحذف سيتم فقد البيانات ولا يمكن لك استرجاعها ', 'When deleted, the data cannot be recovered', '2020-08-09 16:56:09', '2020-10-12 12:33:05'),
(60, 'yes,_delete', 'نعم , اكد الحذف ', 'yes, delete', '2020-08-09 16:56:09', '2020-10-12 12:33:05'),
(61, 'countries', 'الدول ', 'countries', '2020-08-09 17:09:16', '2020-10-12 12:33:05'),
(62, 'change_translation', 'تغير الترجمه ', 'change translation', '2020-08-09 17:23:05', '2020-10-12 12:33:05'),
(63, 'add', 'اضافة ', 'add', '2020-08-09 17:23:14', '2020-10-12 12:33:05'),
(64, 'language', 'اللغه ', 'language', '2020-08-09 17:23:14', '2020-10-12 12:33:05'),
(65, 'key', 'رمز الكلمة ', 'key', '2020-08-09 17:36:48', '2020-10-12 12:33:04'),
(66, 'name_in_english', 'الكلمة بالانجليزيه ', 'Name in English', '2020-08-09 17:36:48', '2020-10-12 12:33:04'),
(67, 'name_in_arabic', 'الكلمة بالعربيه ', 'Name in Arabic', '2020-08-09 17:36:48', '2020-10-12 12:33:05'),
(68, 'nationality', 'الجنسيه ', 'nationality', '2020-08-09 17:46:04', '2020-10-12 12:33:04'),
(69, 'relative_relation', 'صلة القرابه ', 'relative_relation', '2020-08-09 17:58:36', '2020-10-12 12:33:04'),
(70, 'academic_years', 'السنه الدراسيه ', 'academic_years', '2020-08-09 18:35:46', '2020-10-12 12:33:04'),
(71, 'starts_in', 'بيدا فى ', 'starts in', '2020-08-09 18:41:39', '2020-10-12 12:33:04'),
(72, 'ends_in_', 'ينتهى فى ', 'ends in', '2020-08-09 18:41:39', '2020-10-12 12:33:04'),
(73, 'new', 'جديد ', 'New', '2020-08-09 18:46:02', '2020-10-12 12:33:04'),
(74, 'app_notifications', 'اشعارات النظام ', 'App Notifications', '2020-08-09 18:46:02', '2020-10-12 12:33:04'),
(75, '', '-     ', '-', '2020-08-09 18:46:02', '2020-08-18 19:25:24'),
(76, 'read_all_notifications', 'قرائه كل الاشعارات ', 'Read all notifications', '2020-08-09 18:49:03', '2020-10-12 12:33:04'),
(77, 'home', 'الرئيسيه ', 'home', '2020-08-09 19:04:56', '2020-10-12 12:33:04'),
(78, 'types_of_submissions', 'نوع التقديم ', 'types of submissions', '2020-08-09 19:08:46', '2020-10-12 12:33:04'),
(79, 'submissions_type_name', 'اسم وسيله التعارف ', 'submissions type name', '2020-08-09 19:08:46', '2020-10-12 12:33:04'),
(80, 'a_letter_sending_the_file_transferred_to_the_institute', 'خطاب ارسال الملف محول الى المعهد ', 'A letter sending the file transferred to the institute', '2020-08-09 19:55:11', '2020-10-12 12:33:04'),
(81, 'translation', 'الترجمه ', 'translation', '2020-08-09 19:56:09', '2020-10-12 12:33:04'),
(82, 'translations', 'الترجمه ', 'translations', '2020-08-09 19:57:23', '2020-10-12 12:33:04'),
(83, 'print', 'طباعه ', 'print', '2020-08-09 20:16:27', '2020-10-12 12:33:04'),
(84, 'division_name', 'اسم الشعبه ', 'division name', '2020-08-09 20:17:37', '2020-10-12 12:33:04'),
(85, 'department_name', 'اسم القسم ', 'department name', '2020-08-09 20:17:37', '2020-10-12 12:33:04'),
(86, 'level', 'المستوى ', 'level', '2020-08-09 20:17:37', '2020-10-12 12:33:04'),
(87, 'select_country', 'اسم الدوله ', 'select country', '2020-08-09 21:07:32', '2020-10-12 12:33:04'),
(88, 'select_government', 'إختر المحافظه ', 'select government', '2020-08-09 21:07:32', '2020-10-12 12:33:04'),
(89, 'submission_type', 'وسيله التعارف ', 'submission type', '2020-08-09 21:09:21', '2020-10-12 12:33:03'),
(90, 'submission_status', 'وسيله التعارف ', 'submission status', '2020-08-09 21:09:21', '2020-10-12 12:33:03'),
(91, 'student_name', 'اسم الطالب ', 'student name', '2020-08-09 21:09:21', '2020-10-12 12:32:47'),
(92, 'student_address', 'العنوان ', 'student address', '2020-08-09 21:09:21', '2020-10-12 12:33:03'),
(93, 'birth_place', 'محل الميلاد ', 'birth place', '2020-08-09 21:09:21', '2020-10-12 12:33:03'),
(94, 'national_id', 'الرقم القومى ', 'national id', '2020-08-09 21:09:21', '2020-10-12 12:32:47'),
(95, 'national_id_date', 'تاريخ الهوية الوطنية ', 'national_id_date', '2020-08-09 21:09:21', '2020-10-12 12:33:03'),
(96, 'national_id_place', 'مكان الهوية الوطنية ', 'national_id_place', '2020-08-09 21:09:21', '2020-10-12 12:33:03'),
(97, 'triple_number', 'الرقم الثلاثى ', 'triple_number', '2020-08-09 21:09:21', '2020-10-12 12:33:03'),
(98, 'registration_date', 'تاريخ التقديم ', 'registration date', '2020-08-09 21:09:21', '2020-10-12 12:33:03'),
(99, 'military_area', 'مناطق التجنيد ', 'military_area', '2020-08-09 21:09:21', '2020-10-12 12:33:03'),
(100, 'select_military_area', 'إختر منطقه التجنيد ', 'select military area', '2020-08-09 21:09:21', '2020-10-12 12:33:03'),
(101, 'select_military_status', 'إختر حاله التجنيد ', 'select military status', '2020-08-09 21:09:21', '2020-10-12 12:33:04'),
(102, 'select_academic_year', 'إختر السنه الدراسيه ', 'select academic year', '2020-08-09 21:09:21', '2020-10-12 12:33:04'),
(103, 'image', 'صوره ', 'image', '2020-08-09 21:35:14', '2020-10-12 12:33:03'),
(104, 'application_code', 'كود ملف التقديم ', 'application code', '2020-08-09 21:35:14', '2020-10-12 12:33:03'),
(105, 'student_phone', 'رقم التليفون ', 'student phone', '2020-08-09 21:35:14', '2020-10-12 12:33:03'),
(106, 'tanseeq_password', 'رقم السرى للتنسيق ', 'tanseeq password', '2020-08-09 21:35:17', '2020-10-12 12:33:02'),
(107, 'qualification_type', 'نوع المؤهل ', 'qualification type', '2020-08-09 21:35:17', '2020-10-12 12:33:02'),
(108, 'select_qualification_type', 'إختر نوع المؤهل ', 'select qualification type', '2020-08-09 21:35:17', '2020-10-12 12:33:02'),
(109, 'qualification_date', 'تاريخ الحصول على المؤهل ', 'qualification_date', '2020-08-09 21:35:17', '2020-10-12 12:33:02'),
(110, 'setting_number', 'رقم جلوس المؤهل ', 'setting number', '2020-08-09 21:35:17', '2020-10-12 12:33:02'),
(111, 'select_nationality', 'إختر الجنسيه ', 'select nationality', '2020-08-09 21:35:17', '2020-10-12 12:33:02'),
(112, 'religion', 'الديانه ', 'religion', '2020-08-09 21:35:17', '2020-10-12 12:33:02'),
(113, 'muslim', 'مسلم ', 'muslim', '2020-08-09 21:35:17', '2020-10-12 12:33:02'),
(114, 'christian', 'مسيحى ', 'christian', '2020-08-09 21:35:17', '2020-10-12 12:33:02'),
(115, 'sex', 'النوع ', 'sex', '2020-08-09 21:35:17', '2020-10-12 12:33:03'),
(116, 'male', 'ذكر ', 'male', '2020-08-09 21:35:17', '2020-10-12 12:33:03'),
(117, 'female', 'انثى ', 'female', '2020-08-09 21:35:17', '2020-10-12 12:33:03'),
(118, 'select_city', 'إختر المدينه ', 'select city', '2020-08-09 21:35:17', '2020-10-12 12:33:03'),
(119, 'first_foreign_language', 'اللغه الاجنبيه الاولى ', 'first foreign language', '2020-08-09 21:35:17', '2020-10-12 12:33:03'),
(120, 'select_first_foreign_language', 'إختر اللغه الاجنبيه الاولى ', 'select first foreign language', '2020-08-09 21:35:17', '2020-10-12 12:33:03'),
(121, 'second_foreign_language', 'اللغه الاجنبيه الثانيه ', 'second foreign language', '2020-08-09 21:35:17', '2020-10-12 12:33:03'),
(122, 'select_second_foreign_language', 'إختر اللغه الاجنبيه الثانيه ', 'select second foreign language', '2020-08-09 21:35:17', '2020-10-12 12:33:03'),
(123, 'student_grade', 'درجه الطالب ', 'student grade', '2020-08-09 21:35:18', '2020-10-12 12:33:01'),
(124, 'parent_name', 'اسم ولى الامر ', 'parent_name', '2020-08-09 21:35:18', '2020-10-12 12:33:02'),
(125, 'parent_national_id', 'الرقم القومى لولى الامر ', 'parent_national_id', '2020-08-09 21:35:18', '2020-10-12 12:33:02'),
(126, 'parent_job', 'مهنة ولى الامر ', 'parent_job', '2020-08-09 21:35:18', '2020-10-12 12:33:02'),
(127, 'select_parent_job', 'إختر وظيفه ولى الامر ', 'select parent job', '2020-08-09 21:35:18', '2020-10-12 12:33:02'),
(128, 'parent_address', 'عنوان ولى الامر ', 'parent_address', '2020-08-09 21:35:18', '2020-10-12 12:33:02'),
(129, 'parent_phone', 'هاتف ولى الامر ', 'parent_phone', '2020-08-09 21:35:18', '2020-10-12 12:33:02'),
(130, 'submissions_status', 'وسيله التعارف ', 'submissions status', '2020-08-09 21:48:02', '2020-10-12 12:33:01'),
(131, 'report_setting', 'اعدادات التقرير ', 'report setting', '2020-08-09 21:52:39', '2020-10-12 12:33:01'),
(132, 'letter_sending_to_institute', 'خطاب ارسال الملف المحول الى المعهد ', 'letter_sending_to_institute', '2020-08-09 21:52:40', '2020-10-12 12:33:01'),
(133, 'change_report_setting', 'تغير اعدادات التقارير ', 'change report setting', '2020-08-09 22:07:17', '2020-10-12 12:33:01'),
(134, 'reports', 'التقارير ', 'reports', '2020-08-09 22:17:41', '2020-10-12 12:33:01'),
(135, 'settings', 'الاعدادات ', 'settings', '2020-08-09 22:17:41', '2020-10-12 12:33:01'),
(136, 'area', 'المنظقه ', 'area', '2020-08-09 22:28:07', '2020-10-12 12:33:01'),
(137, 'area_name', 'اسم المنطقه ', 'area name', '2020-08-09 22:30:10', '2020-10-12 12:33:01'),
(138, 'pdf', 'pdf ', 'pdf', '2020-08-09 22:45:35', '2020-10-12 12:33:01'),
(139, 'countries_and_cities', 'المحافظات والمدن ', 'countries and cities', '2020-08-09 23:13:05', '2020-10-12 12:33:01'),
(140, 'letter_sending_from_institute', 'خطاب ارسال الملف المحول من المعهد ', 'letter_sending_from_institute', '2020-08-09 23:16:14', '2020-10-12 12:33:01'),
(141, 'a_letter_sending_the_file_transferred_from_the_institute', 'خطاب ارسال ملف طالب محول من المعهد ', 'A letter sending the file transferred from the institute', '2020-08-09 23:19:52', '2020-10-12 12:33:01'),
(142, 'responsible_user', 'الموظف المختص ', 'responsible user', '2020-08-09 23:34:26', '2020-10-12 12:33:01'),
(143, 'student_manager', 'مدير شئون الطلاب ', 'student manager', '2020-08-09 23:34:26', '2020-10-12 12:33:01'),
(144, 'institute_manager', 'عميد المعهد ', 'institute_manager', '2020-08-09 23:34:26', '2020-10-12 12:33:01'),
(145, 'header1_of_report', 'عنوان التقارير ', 'header1_of_report', '2020-08-09 23:41:25', '2020-10-12 12:33:01'),
(146, 'higher_education', 'وزارة التعليم العالى ', 'higher_education', '2020-08-10 00:03:56', '2020-10-12 12:33:01'),
(147, 'ends_is', 'ينتهى فى ', 'ends is', '2020-08-10 00:10:58', '2020-10-12 12:33:01'),
(148, 'level_name', 'level name ', 'level name', '2020-08-10 00:40:17', '2020-10-12 12:32:46'),
(149, 'edit', 'تعديل ', 'edit', '2020-08-10 00:59:30', '2020-10-12 12:33:01'),
(150, 'qualification', 'المؤهل ', 'qualification', '2020-08-10 01:07:36', '2020-10-12 12:33:01'),
(151, 'qualification_grade', 'درجه المؤهل ', 'qualification grade', '2020-08-10 01:07:36', '2020-10-12 12:33:01'),
(152, 'grade', 'الدرجه ', 'grade', '2020-08-10 01:08:31', '2020-10-12 12:33:01'),
(153, 'qualification_type_name', 'اسم نوع المؤهل ', 'qualification type name', '2020-08-10 01:09:09', '2020-10-12 12:33:01'),
(154, 'required_grade', 'الدرجه المطلوبه ', 'required grade', '2020-08-10 01:09:09', '2020-10-12 12:33:01'),
(155, 'application_requirements', 'الخانات الاساسيه والثانويه ', 'application requirements', '2020-08-10 06:37:14', '2020-10-12 12:33:00'),
(156, 'required', 'اساسى ', 'required', '2020-08-10 06:37:14', '2020-10-12 12:33:00'),
(157, 'not_required', 'غير اساسى ', 'not required', '2020-08-10 06:37:14', '2020-10-12 12:33:00'),
(158, 'qualification_name', 'اسم المؤهل الدراسى ', 'qualification name', '2020-08-10 17:29:18', '2020-10-12 12:33:00'),
(159, 'military_area_updated', 'تحديث مناطق التجنيد ', 'military area updated', '2020-08-10 18:48:30', '2020-10-12 12:33:00'),
(160, 'military_area_updated_', 'تحديث مناطق التجنيد ', 'military area updated', '2020-08-10 18:48:30', '2020-10-12 12:33:00'),
(161, 'deleted_successfully', 'تم الحذف بنجاح ', 'deleted successfully', '2020-08-10 18:52:12', '2020-10-12 12:33:00'),
(162, 'military_area_deleted', 'حذف منطقه تجنيد ', 'military area deleted', '2020-08-10 18:52:12', '2020-10-12 12:33:00'),
(163, 'military_area_deleted_', 'حذف منطقه تجنيد ', 'military area deleted', '2020-08-10 18:52:12', '2020-10-12 12:33:00'),
(164, 'recommendationcard', 'بطاقة الترشيح ', 'recommendationcard', '2020-08-10 19:34:42', '2020-10-12 12:33:00'),
(165, 'recommendation_card', 'بطاقة الترشيح ', 'recommendation card', '2020-08-10 19:35:40', '2020-10-12 12:33:00'),
(166, 'certificate_of_academic_qualification', 'شهادة المؤهل الدراسى ', 'certificate of academic qualification', '2020-08-10 20:16:46', '2020-10-12 12:33:00'),
(167, 'role', 'الصلاحيات ', 'role', '2020-08-10 20:22:58', '2020-10-12 12:33:00'),
(168, 'birth_certificate', 'شهادة الميلاد ', 'birth certificate', '2020-08-10 20:25:46', '2020-10-12 12:33:00'),
(169, 'bitrh_certificate', 'شهادة الميلاد ', 'bitrh certificate', '2020-08-10 20:45:10', '2020-10-12 12:33:00'),
(170, 'dark_mode', 'الوضع المظلم ', 'dark mode', '2020-08-10 20:46:17', '2020-10-12 12:33:00'),
(171, 'personal_identification_photo', 'صورة تحقيق الشخصيه ', 'personal identification photo', '2020-08-10 20:47:29', '2020-10-12 12:33:00'),
(172, 'personal_photo', 'الصوره الشخصيه ', 'personal photo', '2020-08-10 20:51:52', '2020-10-12 12:33:00'),
(173, 'model_2_jund', 'إستماره 2 جند ', 'model 2 jund', '2020-08-10 21:04:27', '2020-10-12 12:32:59'),
(174, 'model_6_jund', 'إستماره 6 جند ', 'model 6 jund', '2020-08-10 21:04:27', '2020-10-12 12:32:59'),
(175, 'receipt_letter', 'خطاب استلام ', 'receipt letter', '2020-08-10 21:04:27', '2020-10-12 12:33:00'),
(176, 'estimates_statement', 'بيان التقديرات ', 'estimates statement', '2020-08-10 21:04:27', '2020-10-12 12:33:00'),
(177, 'qualification_certificate', 'صورة شهادة المؤهل ', 'qualification certificate', '2020-08-10 21:22:15', '2020-10-12 12:32:59'),
(178, 'full_name', 'الاسم بالكامل ', 'full name', '2020-08-10 21:51:04', '2020-10-12 12:32:59'),
(179, 'select_all', 'اختيار الكل ', 'select all', '2020-08-10 21:59:31', '2020-10-12 12:32:59'),
(180, 'show', 'عرض ', 'show', '2020-08-10 21:59:31', '2020-10-12 12:32:59'),
(181, 'delete', 'حذف ', 'delete', '2020-08-10 21:59:31', '2020-10-12 12:32:59'),
(182, 'case_status', 'بيان حاله ', 'case status', '2020-08-10 22:07:28', '2020-10-12 12:32:59'),
(183, 'degree_status', 'بيان درجات ', 'degree status', '2020-08-10 22:07:28', '2020-10-12 12:32:59'),
(184, 'degree_statement', 'بيان درجات ', 'degree statement', '2020-08-10 22:07:28', '2020-10-12 12:32:59'),
(185, 'egyptians_lab_speechs', 'خطابات معامل المصريين ', 'egyptians lab speechs', '2020-08-10 22:07:28', '2020-10-12 12:32:59'),
(186, '-_select_academic_year_-', 'إختر السنه الداسيه ', '- select academic year -', '2020-08-10 23:16:59', '2020-10-12 12:32:59'),
(187, 'search', 'بحث ', 'search', '2020-08-10 23:50:13', '2020-10-12 12:32:59'),
(188, 'students', 'الطلاب ', 'students', '2020-08-11 16:27:14', '2020-10-12 12:32:59'),
(189, 'academic_year_id', 'رقم السنه الدراسيه ', 'academic_year_id', '2020-08-11 17:23:30', '2020-10-12 12:32:58'),
(190, 'field_name', 'اسم الحقل ', 'field name', '2020-08-11 17:35:41', '2020-10-12 12:32:58'),
(191, 'job_name', 'اسم الوظيفه ', 'job name', '2020-08-11 17:45:49', '2020-10-12 12:32:58'),
(192, 'password', 'الرقم السرى ', 'password', '2020-08-11 18:30:50', '2020-10-12 12:32:58'),
(193, 'upload_image', 'ارفاق صورة ', 'upload image', '2020-08-11 18:30:50', '2020-10-12 12:32:58'),
(194, 'super_admin', 'مدير بصلاحيات اعلى ', 'super_admin', '2020-08-11 19:19:51', '2020-10-12 12:32:58'),
(195, 'hr', 'شئون الطلاب ', 'hr', '2020-08-11 19:19:51', '2020-10-12 12:32:58'),
(196, 'military_status_reason', 'ادارة مواقف التجنيد ', 'military status reason', '2020-08-11 20:11:20', '2020-10-12 12:32:58'),
(197, 'military-area-submission', 'ادارة مناطق التجنيد ', 'military area submission', '2020-08-11 20:13:57', '2020-10-12 12:32:58'),
(198, 'student_code_series', 'مسلسل كود الطلاب ', 'student_code_series', '2020-08-11 20:19:56', '2020-10-12 12:32:58'),
(199, 'code', 'الكود ', 'code', '2020-08-11 20:26:48', '2020-10-12 12:32:58'),
(200, 'add_student_code_series', 'اضافة مسلسل كود ', 'add student code series', '2020-08-11 20:27:36', '2020-10-12 12:32:58'),
(201, 'add_student_code_series_2020001', '- ', 'add student code series 2020001', '2020-08-11 20:27:36', '2020-10-12 12:32:58'),
(202, 'add_student_code_series_20202001', '- ', 'add student code series 20202001', '2020-08-11 20:30:10', '2020-10-12 12:32:58'),
(203, 'edit_student_code_series', 'تعديل مسلسل اكواد الطلاب ', 'edit student code series', '2020-08-11 20:33:33', '2020-10-12 12:32:58'),
(204, 'edit_student_code_series_20202001', '- ', 'edit student code series 20202001', '2020-08-11 20:33:33', '2020-10-12 12:32:58'),
(205, 'condition_age', 'سن التجنيد ', 'condition age', '2020-08-11 20:37:00', '2020-10-12 12:32:58'),
(206, 'remove_student_code_series', 'احذف مسلسل اكواد الطلاب ', 'remove student code series', '2020-08-11 20:39:00', '2020-10-12 12:32:58'),
(207, 'remove_student_code_series_of_id_', 'حذف رقم مسلسل الطالب ', 'remove student code series of id', '2020-08-11 20:39:00', '2020-10-12 12:32:58'),
(208, 'reasons', 'الاسباب ', 'reasons', '2020-08-11 20:39:38', '2020-10-12 12:32:58'),
(209, 'reason', 'السبب ', 'reason', '2020-08-11 20:39:38', '2020-10-12 12:32:58'),
(210, 'add_military_status_settings', 'إضافه اعدادات حالات التجنيد ', 'add military status settings', '2020-08-11 21:02:12', '2020-10-12 12:32:58'),
(211, 'data_updated_successfully', 'تم تعديل البيانات بنجاح ', 'data updated successfully', '2020-08-11 21:18:34', '2020-10-12 12:32:58'),
(212, 'data_deleted_successfully', 'تم حذف البيانات بنجاح ', 'data deleted successfully', '2020-08-11 21:22:30', '2020-10-12 12:32:58'),
(213, 'military_status_settings_deleted', 'حذف اعدادات حالات التجنيد ', 'military status settings deleted', '2020-08-11 21:22:30', '2020-10-12 12:32:58'),
(214, 'military_status_settings_deleted_', 'حذف اعدادات حالات التجنيد ', 'military status settings deleted', '2020-08-11 21:22:30', '2020-10-12 12:32:58'),
(215, 'military_area_submission', 'ادارة مناطق التجنيد ', 'military area submission', '2020-08-11 21:25:28', '2020-10-12 12:32:57'),
(216, 'report', 'تقرير ', 'report', '2020-08-11 21:31:08', '2020-10-12 12:32:57'),
(217, 'repo', '- ', 'repo', '2020-08-11 21:31:08', '2020-10-12 12:32:57'),
(218, 'select_student', 'إختر الطالب ', 'select student', '2020-08-11 21:31:08', '2020-10-12 12:32:57'),
(219, 'application', 'ملف التقديم ', 'application', '2020-08-11 21:43:05', '2020-10-12 12:32:57'),
(220, 'application_files', 'ملفات تقديم (غير مكتملة) ', 'application files', '2020-08-11 21:43:05', '2020-10-12 12:32:57'),
(221, 'deselect_all', 'الغاء اختيار الكل ', 'deselect all', '2020-08-11 21:59:36', '2020-10-12 12:32:57'),
(222, 'low_roles', 'صلاحيات ذات مستوى ضعيف ', 'low_roles', '2020-08-11 22:12:51', '2020-10-12 12:32:57'),
(223, 'select_level_name', 'اختر اسم المستوى ', 'select level name', '2020-08-11 22:17:06', '2020-10-12 12:32:57'),
(224, 'select_division_name', 'اختر اسم القسم ', 'select division name', '2020-08-11 22:22:29', '2020-10-12 12:32:57'),
(225, 'report_header1', 'عنوان التقرير ', 'report header1', '2020-08-11 22:41:17', '2020-10-12 12:32:57'),
(226, 'this_item_can_not_be_deleted', 'هذا المدخل لا يمكن الغاءه ', 'this item can not be deleted', '2020-08-11 22:57:44', '2020-10-12 12:32:57'),
(227, 'registration_certificate', 'شهاده قيد ', 'registration_certificate', '2020-08-11 23:10:59', '2020-10-12 12:32:57'),
(228, 'add_military_area_submission', 'اضافة منطقة تجنيد ', 'add military area submission', '2020-08-11 23:46:07', '2020-10-12 12:32:57'),
(229, 'military_setting', 'اعدادات التجنيد ', 'military setting', '2020-08-12 00:01:02', '2020-10-12 12:32:57'),
(230, 'date_of_age_calculate', 'تاريخ بدا حساب عمر الطالب ', 'date of age calculate', '2020-08-12 00:01:02', '2020-10-12 12:32:57'),
(231, 'change_setting', 'تعديل الاعدادات ', 'change setting', '2020-08-12 00:01:28', '2020-10-12 12:32:57'),
(232, 'change_setting_', 'تعديل الاعدادات ', 'change setting', '2020-08-12 00:01:28', '2020-10-12 12:32:57'),
(233, 'select_department_name', 'اختر اسم القسم ', 'select department name', '2020-08-12 00:39:20', '2020-10-12 12:32:57'),
(234, 'application_added_successfully', 'تم اضافه الملف بنجاح ', 'application added successfully', '2020-08-12 01:15:41', '2020-10-12 12:32:57'),
(235, 'add_application', 'اضافه ملف تقديم ', 'add application', '2020-08-12 01:15:41', '2020-10-12 12:32:57'),
(236, 'add_application_', 'اضافه ملف تقديم ', 'add application', '2020-08-12 01:15:41', '2020-10-12 12:32:57'),
(237, 'student_added_successfully', 'تم اضافه الطالب بنجاح ', 'student added successfully', '2020-08-12 06:12:16', '2020-10-12 12:32:57'),
(238, 'add_student', 'اضافه طالب ', 'add student', '2020-08-12 06:12:16', '2020-11-14 12:18:42'),
(239, 'add_student_', 'اضافه طالب ', 'add student', '2020-08-12 06:12:16', '2020-10-12 12:32:57'),
(240, 'student_code', 'كود الطالب ', 'student code', '2020-08-12 06:41:15', '2020-10-12 12:32:47'),
(241, 'submission_method', 'طرق التقديم ', 'submission method', '2020-08-12 07:20:30', '2020-10-12 12:32:57'),
(242, 'page_expired', 'انتهت فتره التحميل ', 'Page Expired', '2020-08-12 13:45:18', '2020-10-12 12:32:56'),
(243, 'select_qualification', 'اختر اسم المؤهل الدراسى ', 'select qualification', '2020-08-12 15:30:17', '2020-10-12 12:32:56'),
(244, 'not_match', 'غير مطابق للشروط ', 'not match', '2020-08-12 16:46:17', '2020-10-12 12:32:56'),
(245, 'add_as_student', 'اضافه كاطالب ', 'add as student', '2020-08-12 17:27:06', '2020-10-12 12:32:56'),
(246, 'conditions_not_completed', 'غير مكتملة الشروط ', 'conditions not completed', '2020-08-12 18:22:52', '2020-10-12 12:32:56'),
(247, 'auth.failed', '- ', 'auth.failed', '2020-08-14 04:18:09', '2020-10-12 12:32:56'),
(248, 'military_course', 'دورات التربية العسكرية ', 'military course', '2020-08-16 21:52:48', '2020-10-12 12:32:56'),
(249, 'military_course_collection', 'مجموعات التربية العسكرية ', 'military course collection', '2020-08-16 21:52:48', '2020-10-12 12:32:56'),
(250, 'ends_in', 'ينتهى فى ', 'ends in', '2020-08-16 21:56:27', '2020-10-12 12:32:56'),
(251, 'students_registration', 'تسجيل الطلاب ', 'Students registration', '2020-08-16 21:56:27', '2020-10-12 12:32:56'),
(252, 'military_course_collection_students', 'عرض الطلبة المسجلين ', 'military course collection students', '2020-08-16 21:59:10', '2020-10-12 12:32:56'),
(253, 'student_information', 'معلومات الطالب ', 'student information', '2020-08-16 22:17:27', '2020-10-12 12:32:56'),
(254, 'military_information', 'معلومات التجنيد ', 'military information', '2020-08-16 23:38:10', '2020-10-12 12:32:56'),
(255, 'other_information', 'باقى المعلومات ', 'other information', '2020-08-16 23:38:10', '2020-10-12 12:32:56'),
(256, 'parent_information', 'معلومات الاب ', 'parent information', '2020-08-16 23:38:10', '2020-10-12 12:32:56'),
(257, 'required_documents', 'الاوراق المطلوبه ', 'required_documents', '2020-08-16 23:40:23', '2020-10-12 12:32:56'),
(258, 'sorry_no_students_found_on_this_military_collection', 'عفوا لم يتم تسجيل اى طالب فى هذه الدوره ', 'sorry no students found on this military collection', '2020-08-16 23:42:57', '2020-10-12 12:32:56'),
(259, 'students_have_been_successfully_added_to_the_military_course', 'تم إضافه الطلاب الى المقرر بنجاح ', 'Students have been successfully added to the military course', '2020-08-16 23:48:15', '2020-10-12 12:32:56'),
(260, 'military_course_updated_', 'تعديل مقرر التربيه العسكريه ', 'military course updated', '2020-08-16 23:48:15', '2020-10-12 12:32:56'),
(261, 'registred_students', 'ادخال النتيجة ', 'Registred Students', '2020-08-16 23:54:51', '2020-10-12 12:32:56'),
(262, 'add_military_course', 'اضافه مقرر التربيه العسكريه ', 'add military course', '2020-08-17 01:07:50', '2020-10-12 12:32:55'),
(263, 'military_course_updated', 'تعديل مقرر التربيه العسكريه ', 'military course updated', '2020-08-17 01:08:08', '2020-10-12 12:32:55'),
(264, 'the_data_has_been_modified_successfully', 'تم تعديل البيانات بنجاح ', 'The data has been modified successfully', '2020-08-17 01:08:08', '2020-10-12 12:32:55'),
(265, 'please_choose_students', 'من فضلك قم بإختيار الطالب ', 'please choose students', '2020-08-17 16:31:26', '2020-10-12 12:32:55'),
(266, 'military_course_collection_code', 'قم بادخال رقم مقرر التربيه العسكريه ', 'military course collection code', '2020-08-17 16:48:04', '2020-10-12 12:32:55'),
(267, 'select_military_course', 'قم باختيار مقرر التربيه العسكريه ', 'select military course', '2020-08-17 16:48:04', '2020-10-12 12:32:55'),
(268, 'add_military_course_collection', '- ', 'add military course collection', '2020-08-17 16:48:27', '2020-10-12 12:32:55'),
(269, 'type', 'النوع ', 'type', '2020-08-17 17:29:19', '2020-10-12 12:32:55'),
(270, 'original', 'نسخه اصليه ', 'original', '2020-08-17 17:31:20', '2020-10-12 12:32:55'),
(271, 'copy', 'صوره ', 'copy', '2020-08-17 17:31:20', '2020-10-12 12:32:55'),
(272, 'both', 'نسخه اصليه و صوره ', 'both', '2020-08-17 17:31:20', '2020-10-12 12:32:55'),
(273, 'upload_file', 'قم برفع الملف ', 'upload file', '2020-08-17 18:09:27', '2020-10-12 12:32:55'),
(274, 'the_result_has_been_approved_successfully', 'تم حفظ النتيجه بنجاح ', 'the result has been approved successfully', '2020-08-17 18:58:06', '2020-10-12 12:32:55'),
(275, 'the_result_of_the_military_course_group_is_entered', 'تم ادخال نتيجه مجموعه التربيه العسكريه ', 'The result of the Military Course group is entered', '2020-08-17 18:58:06', '2020-10-12 12:32:55'),
(276, 'id', 'الكود ', 'ID', '2020-08-17 19:14:21', '2020-10-12 12:32:55'),
(277, 'successfull', 'ناجح / حاصل ', 'successfull', '2020-08-17 20:19:14', '2020-10-12 12:32:55'),
(278, 'precipitate', 'راسب / غير حاصل ', 'precipitate', '2020-08-17 20:19:14', '2020-10-12 12:32:55'),
(279, 'assign_required_documents', 'حدد الأوراق المطلوبه ', 'assign required documents', '2020-08-17 20:26:11', '2020-10-12 12:32:55'),
(280, 'select_required_documents', 'حدد الأوراق المطلوبه ', 'select required documents', '2020-08-17 20:26:35', '2020-10-12 12:32:55'),
(281, 'close', 'اغلاق ', 'close', '2020-08-17 20:26:35', '2020-10-12 12:32:55'),
(282, 'military_course_deleted', 'حذف مقرر التربيه العسكريه ', 'military course deleted', '2020-08-17 22:46:19', '2020-10-12 12:32:54'),
(283, 'name_is_required', 'حقل الاسم مطلوب ', 'name is required', '2020-08-18 16:54:36', '2020-10-12 12:32:54'),
(284, 'qualification_is_required', 'حقل المؤهل مطلوب ', 'qualification is required', '2020-08-18 16:54:36', '2020-10-12 12:32:54'),
(285, 'registration_status_is_required', 'حقل نوع التقديم مطلوب ', 'registration_status is required', '2020-08-18 16:54:36', '2020-10-12 12:32:54'),
(286, 'national_id_is_required', 'حقل الرقم القومى مطلوب ', 'national_id is required', '2020-08-18 16:54:36', '2020-10-12 12:32:54'),
(287, 'academic_years_is_required', 'حقل العام الدراسى مطلوب ', 'academic_years is required', '2020-08-18 16:54:36', '2020-10-12 12:32:54'),
(288, 'grade_is_required', 'حقل الدرجه مطلوب ', 'grade is required', '2020-08-18 16:54:36', '2020-10-12 12:32:54'),
(289, 'qualification_date_is_required', 'حقل تاريخ الحصول على المؤهل مطلوب ', 'qualification_date is required', '2020-08-18 16:54:36', '2020-10-12 12:32:54'),
(290, 'qualification_types_is_required', 'حقل نوع المؤهل مطلوب ', 'qualification_types is required', '2020-08-18 16:54:36', '2020-10-12 12:32:54'),
(291, 'new_application', 'ملف تقديم جديد ', 'new application', '2020-08-18 18:17:31', '2020-10-12 12:32:54'),
(292, 'proccess_has_been_success', 'تمت العملية بنجاح ', 'proccess has been success', '2020-08-18 19:25:26', '2020-10-12 12:32:54'),
(293, 'acceptance_code', 'كود الموافقه ', 'acceptance_code', '2020-08-18 21:16:33', '2020-10-12 12:32:54'),
(294, 'acceptance_date', 'تاريخ الموافقه ', 'acceptance_date', '2020-08-18 21:16:33', '2020-10-12 12:32:54'),
(295, 'search_with_application_info', 'بحث بمعلومات ملف التقديم ', 'search with application info', '2020-08-18 22:07:25', '2020-10-12 12:32:54'),
(297, 'registration_status', 'حالات التسجيل ', 'registration_status', '2020-08-18 22:30:40', '2020-10-12 12:32:54'),
(298, 'add_students_to_military_course', 'اضافة طلاب ', 'Add Students to military course', '2020-08-18 22:34:52', '2020-10-12 12:32:54'),
(301, 'cancel', 'تراجع ', 'cancel', '2020-08-18 22:43:40', '2020-10-12 12:32:54'),
(302, 'this_item_cannot_be_deleted', 'لا يمكن حذف هذا العنصر ', 'This item cannot be deleted', '2020-08-18 23:01:39', '2020-10-12 12:32:54'),
(303, 'military_course_student_collection', '- ', 'military course student collection', '2020-08-18 23:30:05', '2020-10-12 12:32:54'),
(304, 'excel', 'اكسيل ', 'excel', '2020-08-18 23:35:02', '2020-10-12 12:32:54'),
(305, 'search_here', 'ابحث هنا ', 'search here', '2020-08-19 18:11:26', '2020-10-12 12:32:54'),
(306, '0', NULL, NULL, '2020-08-19 18:25:57', '2020-09-20 12:31:29'),
(307, 'stores', 'الخزينه ', 'stores', '2020-08-22 21:33:18', '2020-10-12 12:32:54'),
(308, 'resource_name', '- ', 'resource name', '2020-08-22 21:33:18', '2020-10-12 12:32:54'),
(309, 'add_store', 'اضافة خزنه ', 'add store', '2020-08-22 21:33:18', '2020-10-12 12:32:54'),
(310, 'init_balance', 'رصيد بداية المده ', 'init_balance', '2020-08-22 21:43:36', '2020-10-12 12:32:53'),
(311, 'address', 'العنوان ', 'address', '2020-08-22 21:43:36', '2020-10-12 12:32:54'),
(312, 'balance', 'الرصيد الحالى ', 'balance', '2020-08-22 22:01:06', '2020-10-12 12:32:53'),
(313, 'user', 'المستخدم ', 'user', '2020-08-22 22:01:06', '2020-10-12 12:32:53'),
(314, 'edit_store', 'تعديل خزنه ', 'edit store', '2020-08-22 22:12:07', '2020-10-12 12:32:53'),
(315, 'remove_store', 'حذف خزنه ', 'remove store', '2020-08-22 22:18:46', '2020-10-12 12:32:53'),
(316, 'remove_store_of_id_', 'حذف الخزنه رقم ', 'remove store of id', '2020-08-22 22:18:46', '2020-10-12 12:32:53'),
(317, 'banks', 'البنوك ', 'banks', '2020-08-22 22:29:30', '2020-10-12 12:32:53'),
(318, 'add_bank', 'اضافة بنك ', 'add bank', '2020-08-22 22:29:30', '2020-10-12 12:32:53'),
(319, 'account_number', 'رقم الحساب ', 'account_number', '2020-08-22 22:30:05', '2020-10-12 12:32:53'),
(320, 'branche', 'الفرع ', 'branche', '2020-08-22 22:30:05', '2020-10-12 12:32:53'),
(321, 'edit_bank', 'تعديل بنك ', 'edit bank', '2020-08-22 22:35:20', '2020-10-12 12:32:53'),
(322, 'remove_bank', 'حذف بنك ', 'remove bank', '2020-08-22 22:39:42', '2020-10-12 12:32:53'),
(323, 'transformations', 'التحويلات الماليه ', 'transformations', '2020-08-22 23:13:57', '2020-10-12 12:32:52'),
(324, 'date', 'التاريخ ', 'date', '2020-08-22 23:13:57', '2020-10-12 12:32:52'),
(325, 'bank_id', 'البنك ', 'bank_id', '2020-08-22 23:13:57', '2020-10-12 12:32:52'),
(326, 'store_id', 'الخزنه ', 'store_id', '2020-08-22 23:13:57', '2020-10-12 12:32:52'),
(327, 'value', 'المبلغ ', 'value', '2020-08-22 23:13:57', '2020-10-12 12:32:52'),
(328, 'attachment', 'مرفق ', 'attachment', '2020-08-22 23:13:57', '2020-10-12 12:32:53'),
(329, 'user_id', 'المستخدم ', 'user_id', '2020-08-22 23:13:57', '2020-10-12 12:32:53'),
(330, 'add_transformation', 'اضافة تحويل مالى ', 'add transformation', '2020-08-22 23:13:57', '2020-10-12 12:32:53'),
(331, 'bank', 'البنك ', 'bank', '2020-08-22 23:13:57', '2020-10-12 12:32:53'),
(332, 'bank_to_store', 'من بنك الى خزنه ', 'bank_to_store', '2020-08-22 23:13:57', '2020-10-12 12:32:53'),
(333, 'store_to_bank', 'من خزنه الى بنك ', 'store_to_bank', '2020-08-22 23:13:57', '2020-10-12 12:32:53'),
(334, 'store', 'الخزنه ', 'store', '2020-08-22 23:15:13', '2020-10-12 12:32:52'),
(335, 'transformation_id', 'رقم التحويل ', 'transformation_id', '2020-08-22 23:52:05', '2020-10-12 12:32:52'),
(336, 'remove_transformation', 'حذف التحويل ', 'remove transformation', '2020-08-22 23:52:11', '2020-10-12 12:32:52'),
(337, 'edit_transformation', 'تعديل التحويل ', 'edit transformation', '2020-08-23 00:08:02', '2020-10-12 12:32:52'),
(338, 'date_from', 'من تاريخ ', 'date_from', '2020-08-23 00:14:51', '2020-10-12 12:32:52'),
(339, 'date_to', 'الى تاريخ ', 'date_to', '2020-08-23 00:14:51', '2020-10-12 12:32:52'),
(340, 'expense_maincategorys', 'اقسام المصروفات الرئيسيه ', 'expense_maincategorys', '2020-08-23 00:39:51', '2020-10-12 12:32:52'),
(341, 'priority', 'الاولويات ', 'priority', '2020-08-23 00:39:51', '2020-10-12 12:32:52'),
(342, 'add_expense_maincategory', 'اضافه مصروف رئيسى ', 'add expense_maincategory', '2020-08-23 00:39:51', '2020-10-12 12:32:52'),
(343, 'edit_expense_maincategory', 'تعديل مصروف رئيسى ', 'edit expense_maincategory', '2020-08-23 00:44:46', '2020-10-12 12:32:52'),
(344, 'accounting', 'الحسابات ', 'accounting', '2020-08-23 22:29:12', '2020-10-12 12:32:52'),
(345, 'expense_subcategorys', 'اقسام المصروفات الفرعيه ', 'expense_subcategorys', '2020-08-23 22:29:12', '2020-10-12 12:32:52'),
(346, 'are_you_sure?', 'هل انت متاكد؟ ', 'Are you sure?', '2020-08-23 22:29:12', '2020-10-12 12:32:52'),
(347, 'search_with_student_info', 'ابحث بمعلومات الطالب ', 'search with student info', '2020-08-23 22:30:00', '2020-10-12 12:32:52'),
(348, 'institute_name', 'اسم المعهد ', 'institute name', '2020-08-24 20:20:41', '2020-10-12 12:32:52'),
(349, 'signature', 'التوقيع ', 'signature', '2020-08-24 22:03:50', '2020-10-12 12:32:52'),
(350, 'course_supervisor', 'مشرف الدورة ', 'course Supervisor', '2020-08-24 22:03:50', '2020-10-12 12:32:52'),
(351, 'coordinator_general_of_the_institute', 'المنسق العام للمعهد ', 'Coordinator General of the Institute', '2020-08-24 22:03:50', '2020-10-12 12:32:52'),
(352, 'military_education_administration', 'ادارة التربية العسكرية ', 'Military Education Administration', '2020-08-24 22:26:24', '2020-10-12 12:32:51'),
(353, 'student_affairs_administration', 'ادارة شئون الطلاب ', 'Student Affairs Administration', '2020-08-24 22:26:24', '2020-10-12 12:32:51'),
(354, 'data_not_found', 'لا يوجد بيانات ', 'data not found', '2020-08-25 00:04:26', '2020-10-12 12:32:51'),
(355, 'installments', 'نظام التقسيط ', 'installments', '2020-08-25 16:56:54', '2020-10-12 12:32:50'),
(356, 'student', 'الطالب ', 'student', '2020-08-25 16:56:54', '2020-10-12 12:32:50'),
(357, 'installment', 'نظام التقسيط ', 'installment', '2020-08-25 16:56:54', '2020-10-12 12:32:50'),
(358, 'sub_installment', 'الاقساط الفرعيه ', 'sub_installment', '2020-08-25 16:56:54', '2020-10-12 12:32:50'),
(359, 'main_installment', 'الاقساط الاساسيه ', 'main_installment', '2020-08-25 16:56:54', '2020-10-12 12:32:50'),
(360, 'target', 'البيان ', 'target', '2020-08-25 16:56:54', '2020-10-12 12:32:50'),
(361, 'add_installment', 'أضافة قسط ', 'add installment', '2020-08-25 16:56:54', '2020-10-12 12:32:50'),
(362, 'madunia', 'مديونيه سابقه ', 'madunia', '2020-08-25 16:56:54', '2020-10-12 12:32:50'),
(363, 'install', 'تقسيط ', 'install', '2020-08-25 17:02:57', '2020-10-12 12:32:50'),
(364, 'pay', 'دفع ', 'pay', '2020-08-25 17:02:57', '2020-10-12 12:32:50'),
(365, 'sum', 'المجموع ', 'sum', '2020-08-25 17:03:06', '2020-10-12 12:32:50'),
(366, 'sum_of_values_must_be_equal_to_', 'مجموع المبلغ لا بد ان يساوى ', 'sum of values must be equal to', '2020-08-25 17:03:25', '2020-10-12 12:32:50'),
(367, 'install_installment', 'تقسيط القسط رقم ', 'install installment', '2020-08-25 17:03:32', '2020-10-12 12:32:50'),
(368, 'install_installment_', 'تقسيط القسط رقم ', 'install installment', '2020-08-25 17:03:32', '2020-10-12 12:32:50'),
(369, 'edit_installment', 'تعديل القسط ', 'edit installment', '2020-08-25 17:03:41', '2020-10-12 12:32:49'),
(370, 'priority_already_exist', 'الاولويه موجوده بالفعل ', 'priority already exist', '2020-08-25 09:22:30', '2020-10-12 12:32:51'),
(371, 'remove_expense_maincategory', 'حذف مصروف اساسى ', 'remove expense_maincategory', '2020-08-25 09:23:06', '2020-10-12 12:32:51'),
(372, 'balance_of_bank_not_enough', 'ميزانة البنك غير كافيه ', 'balance of bank not enough', '2020-08-25 09:37:51', '2020-10-12 12:32:51'),
(373, 'sale_bill', 'sale bill ', 'sale bill', '2020-08-25 10:22:44', '2020-10-12 12:32:51'),
(374, 'products', 'products ', 'products', '2020-08-25 10:22:44', '2020-10-12 12:32:51'),
(375, 'customers', 'customers ', 'customers', '2020-08-25 10:22:44', '2020-10-12 12:32:51'),
(376, 'add_product', 'add product ', 'add product', '2020-08-25 10:22:45', '2020-10-12 12:32:51'),
(377, 'sales', 'sales ', 'sales', '2020-08-25 10:22:45', '2020-10-12 12:32:51'),
(378, 'deposites', 'الايداعات ', 'deposites', '2020-08-25 11:41:45', '2020-10-12 12:32:51'),
(379, 'add_deposite', NULL, 'add deposite', '2020-08-25 11:42:33', '2020-08-25 11:42:33'),
(380, 'filter', 'الفلتر ', 'filter', '2020-08-25 11:48:40', '2020-10-12 12:32:51'),
(381, 'assign_expense_maincategorys', 'المصروفات الرئيسيه ', 'assign expense_maincategorys', '2020-08-25 12:31:13', '2020-10-12 12:32:51'),
(382, 'select_expense_maincategorys', 'اختار المصروفات الرئيسيه ', 'select expense_maincategorys', '2020-08-25 12:31:30', '2020-10-12 12:32:51'),
(383, 'paid_value', 'المبلغ المدفوع ', 'paid value', '2020-08-25 13:00:48', '2020-10-12 12:32:47'),
(384, 'remain_value', 'المبلغ المتبقى ', 'remain_value', '2020-08-25 13:00:48', '2020-10-12 12:32:51'),
(385, 'show_installment', 'عرض اقساط الطالب ', 'show installment', '2020-08-25 13:01:11', '2020-10-12 12:32:51'),
(386, 'payment_details', 'تفصيل الدفع ', 'payment details', '2020-08-25 13:14:47', '2020-10-12 12:32:51'),
(387, 'payment_details_of_installment', 'تفصيل دفع الاقساط ', 'payment details of installment', '2020-08-25 13:14:47', '2020-10-12 12:32:51'),
(388, 'installment_value', 'قيمة القسط ', 'installment_value', '2020-08-25 13:14:47', '2020-10-12 12:32:51'),
(389, 'payment_value', 'قيمة المبلغ ', 'payment_value', '2020-08-25 13:14:47', '2020-10-12 12:32:51'),
(390, 'discount', 'الخصم ', 'discount', '2020-08-25 13:14:47', '2020-10-12 12:32:51'),
(391, 'sub', NULL, 'sub', '2020-08-25 13:14:47', '2020-08-25 13:14:47'),
(392, 'pay_installment', 'دفع القسط ', 'pay installment', '2020-08-25 13:15:06', '2020-10-12 12:32:50'),
(393, 'payment_type', 'نوع الدفع ', 'payment_type', '2020-08-25 13:15:06', '2020-10-12 12:32:50'),
(394, 'for_store', 'الدفع لخزنه ', 'for_store', '2020-08-25 13:15:06', '2020-10-12 12:32:50'),
(395, 'for_check', 'الدفع عن طريق شيك ', 'for_check', '2020-08-25 13:15:06', '2020-10-12 12:32:50'),
(396, 'check_number', 'رقم الشيك ', 'check_number', '2020-08-25 13:15:06', '2020-10-12 12:32:51'),
(397, 'bank_name', 'رقم البنك ', 'bank_name', '2020-08-25 13:15:06', '2020-10-12 12:32:51'),
(398, 'branch', 'فرع البنك ', 'branch', '2020-08-25 13:15:06', '2020-10-12 12:32:51'),
(399, 'pay_installment_', 'تقسيط ', 'pay installment', '2020-08-25 13:26:11', '2020-10-12 12:32:50'),
(400, 'plans', 'الخطط الدراسيه ', 'plans', '2020-08-25 15:49:19', '2020-10-12 12:32:50'),
(401, 'expense_maincategory', 'قائمه المصروفات الرئيسيه ', 'expense_maincategory', '2020-08-25 15:49:19', '2020-10-12 12:32:50'),
(402, 'add_plan', 'اضافه خطه ', 'add plan', '2020-08-25 15:49:19', '2020-10-12 12:32:50'),
(403, 'case_constaints', 'حالات القيد ', 'case_constaints', '2020-08-25 15:51:36', '2020-10-12 12:32:50'),
(404, 'select_case_constaints', 'اختر حاله القيد ', 'select_case_constaints', '2020-08-25 15:51:36', '2020-10-12 12:32:50'),
(405, 'expense_maincategories', 'القائمه الرئيسيه للمصروفات ', 'expense_maincategories', '2020-08-25 16:25:03', '2020-10-12 12:32:50'),
(406, 'sum_of_values_must_equal_', 'مجموع المبلغ لابد ان يساوى ', 'sum of values must equal', '2020-08-25 17:06:17', '2020-10-12 12:32:49'),
(407, 'details', 'التفاصيل ', 'details', '2020-08-25 17:39:44', '2020-10-12 12:32:49'),
(408, 'select_type', 'اختر النوع ', 'select type', '2020-08-25 17:43:20', '2020-10-12 12:32:49'),
(409, 'rewords', 'المكافات ', 'rewords', '2020-08-26 09:46:23', '2020-10-12 12:32:49'),
(410, 'add_reword', 'اضافه مكافاه ', 'add reword', '2020-08-26 09:48:25', '2020-10-12 12:32:49'),
(411, 'users_and_roles', 'المستخدمين والصلاحيات ', 'users and roles', '2020-08-29 09:49:24', '2020-10-12 12:32:49'),
(412, 'other_settings', 'اعدادات اخرى ', 'other settings', '2020-08-29 09:49:24', '2020-10-12 12:32:49'),
(413, 'case-constraint', 'حالات لقيد ', 'case-constraint', '2020-08-29 09:49:24', '2020-10-12 12:32:49'),
(414, 'constraint-status', 'نوع القيد ', 'constraint-status', '2020-08-29 10:07:52', '2020-10-12 12:32:49'),
(415, 'fines', 'الغرامات ', 'fines', '2020-08-29 10:07:52', '2020-10-12 12:32:49'),
(416, 'add_fine', 'اضافه غرامه ', 'add fine', '2020-08-29 10:08:14', '2020-10-12 12:32:49'),
(417, 'edit_fine', 'تعديل الغرامه ', 'edit fine', '2020-08-29 10:10:33', '2020-10-12 12:32:49'),
(418, 'payments', 'المدفوعات ', 'payments', '2020-08-29 11:07:17', '2020-10-12 12:32:49'),
(419, 'student_id', 'الطالب ', 'student_id', '2020-08-29 11:07:18', '2020-10-12 12:32:49'),
(420, 'add_payment', 'اضافه عمليه دفع ', 'add payment', '2020-08-29 11:07:44', '2020-10-12 12:32:49'),
(421, 'select_payment_type', 'اختر نوع الدفع ', 'select payment_type', '2020-08-29 11:08:25', '2020-10-12 12:32:49'),
(422, 'reword_id', 'رقم المكافاه ', 'reword_id', '2020-08-29 11:24:55', '2020-10-12 12:32:49'),
(423, 'fine', 'غرامه ', 'fine', '2020-08-29 11:39:13', '2020-10-12 12:32:49'),
(424, 'add_expense_subcategory', 'اضافه قائمه مصروفات فرعيه ', 'add expense_subcategory', '2020-08-29 12:42:43', '2020-10-12 12:32:49'),
(425, 'tree', 'شجره المصروفات ', 'tree', '2020-08-29 14:22:40', '2020-10-12 12:32:49'),
(426, 'dailys', 'اليوميات ', 'dailys', '2020-08-29 15:41:49', '2020-10-12 12:32:48'),
(427, 'add_daily', 'اضافه يوميه ', 'add daily', '2020-08-29 15:41:49', '2020-10-12 12:32:48'),
(428, 'account_setting', 'اعدادات الخسابات ', 'account setting', '2020-08-29 16:21:08', '2020-10-12 12:32:48'),
(429, 'trees', 'شجره المصروفات ', 'trees', '2020-08-29 16:21:08', '2020-10-12 12:32:48'),
(430, 'deposite_details', 'تفاصيل الايداع ', 'deposite details', '2020-08-29 16:33:49', '2020-10-12 12:32:48'),
(431, 'data_created_successfully', 'تمت الاضافه بنجاح ', 'data created successfully', '2020-09-07 12:47:25', '2020-10-12 12:32:48'),
(432, 'all', 'الكل ', 'all', '2020-09-08 09:15:54', '2020-10-12 12:32:48'),
(433, 'completed_files', 'ملفات مكتمله ', 'completed files', '2020-09-08 09:15:54', '2020-10-12 12:32:48'),
(434, 'completed', 'مكتمل ', 'completed', '2020-09-08 09:15:54', '2020-10-12 12:32:48'),
(435, 'not_completed', 'غير مكتمل ', 'not completed', '2020-09-08 09:15:54', '2020-10-12 12:32:48'),
(436, 'writen_by', 'تم الاضافه بواسطه ', 'writen by', '2020-09-08 09:15:54', '2020-10-12 12:32:48'),
(437, 'done_in', 'تم الاضافه بتاريخ ', 'done in', '2020-09-08 09:15:54', '2020-10-12 12:32:48'),
(438, 'login_first', 'سجل اولا ', 'login first', '2020-09-08 09:23:02', '2020-10-12 12:32:48'),
(439, 'sum_of_installments_must_equal_', 'مجموع الاقساط لابد ان يساوى ', 'sum of installments must equal', '2020-09-08 10:09:57', '2020-10-12 12:32:48'),
(440, 'cant_install_balance_0', 'لا يمكن تقسيط مبلغ 0 ', 'cant install balance 0', '2020-09-08 10:13:00', '2020-10-12 12:32:48'),
(441, 'install_the_balance_of_student', 'تقسيط رسوم الطالب ', 'install the balance of student', '2020-09-08 10:27:11', '2020-10-12 12:32:48'),
(442, 'done', 'تم ', 'done', '2020-09-08 10:30:18', '2020-10-12 12:32:48'),
(443, 'fill_all_required_data', 'قم بملئ جميع الحقول المطلوبه ', 'fill all required data', '2020-09-08 12:23:22', '2020-10-12 12:32:48'),
(444, 'add_service_', 'اضافة خدمه ', 'add service', '2020-09-08 12:26:20', '2020-10-12 12:32:47'),
(445, 'name_already_exist', 'الاسم موجود بالفعل ', 'name already exist', '2020-09-08 12:27:21', '2020-10-12 12:32:47'),
(446, 'edit_service_', 'تعديل الخدمه ', 'edit service', '2020-09-08 12:32:31', '2020-10-12 12:32:47'),
(447, 'add_academic_year_expense_', 'اضافة مصروف سنه دراسيه ', 'add academic year expense', '2020-09-08 12:51:54', '2020-10-12 12:32:47'),
(448, 'edit_academic_year_expense_', 'تعديل صروف سنه دراسيه ', 'edit academic year expense', '2020-09-08 12:58:38', '2020-10-12 12:32:47'),
(449, 'student_{name}_pay_{value}_in_store', 'الطالب {name} دفع {value} فى الخزينه ', 'student {name} pay {value} in store', '2020-09-17 12:05:28', '2020-10-12 12:32:47'),
(450, 'remove_service_', 'حذف خدمه ', 'remove service', '2020-09-18 14:54:54', '2020-10-12 12:32:47'),
(451, 'removed', 'محذوف ', 'removed', '2020-08-08 11:36:07', '2020-10-12 12:33:08'),
(452, 'remove_academic_year_expense_', 'حذف مصروف دراسى ', 'remove academic year expense', '2020-09-19 14:13:39', '2020-10-12 12:32:47'),
(453, 'get money from safe', 'تحصيل الرسوم من الخزينه     ', 'get money from safe', '2020-09-20 12:12:35', '2020-09-20 23:57:09'),
(454, 'student payments', 'مدفوعات الطالب     ', 'student payments', '2020-09-20 12:12:35', '2020-09-20 23:57:09'),
(455, 'student services', 'متنوعات الطالب     ', 'student services', '2020-09-20 12:12:35', '2020-09-20 23:57:09'),
(456, 'student installments', 'اقساط الطالب     ', 'student installments', '2020-09-20 12:12:35', '2020-09-20 23:57:09'),
(459, 'write note', 'اكتب ملاحظه     ', 'write note', '2020-09-20 12:14:45', '2020-09-20 23:57:09'),
(460, 'student info', 'معلومات الطالب     ', 'student info', '2020-09-20 12:14:46', '2020-09-20 23:57:09'),
(461, 'student name', 'اسم الطالب     ', 'student name', '2020-09-20 12:14:46', '2020-09-20 23:57:09'),
(462, 'student code', 'كود الطالب     ', 'student code', '2020-09-20 12:14:46', '2020-09-20 23:57:09'),
(463, 'national id', 'الرقم القومى     ', 'national id', '2020-09-20 12:14:46', '2020-09-20 23:57:09'),
(464, 'gpa', 'المعدل التراكمى ', 'gpa', '2020-09-20 12:14:46', '2020-10-12 12:32:47'),
(465, 'department', 'القسم ', 'department', '2020-09-20 12:14:46', '2020-10-12 12:32:47'),
(466, 'case constraint', 'نوع القيد     ', 'case constraint', '2020-09-20 12:14:46', '2020-09-20 23:57:09'),
(467, 'constraint status', 'حالة القيد     ', 'constraint status', '2020-09-20 12:14:46', '2020-09-20 23:57:09'),
(468, 'payment info', 'معلومات الدفع     ', 'payment info', '2020-09-20 12:14:46', '2020-09-20 23:57:10'),
(469, 'required value', 'المبلغ المطلوب     ', 'required value', '2020-09-20 12:14:46', '2020-09-20 23:57:10'),
(470, 'old balance', 'رسوم سابقه     ', 'old balance', '2020-09-20 12:14:46', '2020-09-20 23:57:10'),
(471, 'current balance', 'رسوم حاليه     ', 'current balance', '2020-09-20 12:14:46', '2020-09-20 23:57:10');
INSERT INTO `translations` (`id`, `key`, `name_ar`, `name_en`, `created_at`, `updated_at`) VALUES
(472, 'paid value', 'المبلغ المدفوع     ', 'paid value', '2020-09-20 12:14:46', '2020-09-20 23:57:10'),
(473, 'save & print', 'حفظ وطباعه     ', 'save & print', '2020-09-20 12:14:46', '2020-09-20 23:57:10'),
(474, 'services', 'الخدمات ', 'services', '2020-09-20 12:14:47', '2020-10-12 12:32:46'),
(475, 'exit', 'خروج ', 'exit', '2020-09-20 12:14:47', '2020-10-12 12:32:46'),
(476, '#', '# ', '#', '2020-09-20 12:14:47', '2020-10-12 12:32:46'),
(477, 'expenses_type', 'نوع المصروف ', 'expenses_type', '2020-09-20 12:14:47', '2020-10-12 12:32:47'),
(478, 'total', 'الاجمالى ', 'total', '2020-09-20 12:14:47', '2020-10-12 12:32:47'),
(479, 'additional_value', 'مبلغ اضافى ', 'additional_value', '2020-09-20 12:14:47', '2020-10-12 12:32:47'),
(480, 'paids', 'المدفوع ', 'paids', '2020-09-20 12:14:47', '2020-10-12 12:32:47'),
(481, 'student available services', 'خدمات الطالب المتاحه     ', 'student available services', '2020-09-20 12:14:47', '2020-09-20 23:57:11'),
(482, 'account', 'الحسابات ', 'account', '2020-09-20 12:14:47', '2020-10-12 12:32:47'),
(483, 'except_level', 'ماعد المستوى ', 'except_level', '2020-09-20 12:14:47', '2020-10-12 12:32:47'),
(484, 'division', 'الشعبه ', 'division', '2020-09-20 12:14:48', '2020-10-12 12:32:46'),
(485, 'repeat', 'تكرار ', 'repeat', '2020-09-20 12:14:48', '2020-10-12 12:32:46'),
(486, 'installment_percent', 'نسبة القسط ', 'installment_percent', '2020-09-20 12:14:48', '2020-10-12 12:32:46'),
(487, 'from_installment', 'من قسط رقم ', 'from_installment', '2020-09-20 12:14:48', '2020-10-12 12:32:46'),
(488, 'wz', 'وزارى ', 'wz', '2020-09-20 12:14:48', '2020-10-12 12:32:46'),
(489, 'in', 'المعهد ', 'in', '2020-09-20 12:14:48', '2020-10-12 12:32:46'),
(490, 'remove services', 'remove services     ', 'remove services', '2020-09-20 12:14:48', '2020-09-20 12:14:48'),
(491, 'add service', 'add service     ', 'add service', '2020-09-20 12:14:48', '2020-09-20 12:14:48'),
(492, 'copying', 'نسخ ', 'copying', '2020-09-20 12:14:48', '2020-10-12 12:32:46'),
(493, 'update service', 'update service     ', 'update service', '2020-09-20 12:14:48', '2020-09-20 12:14:48'),
(494, 'academic_year_expenses', 'المصاريف الدراسيه ', 'academic_year_expenses', '2020-09-20 12:14:49', '2020-10-12 12:32:46'),
(495, 'academic_years_expenses', 'المصاريف الدراسيه ', 'academic_years_expenses', '2020-09-20 12:14:49', '2020-10-12 12:32:46'),
(496, 'priorty', 'الاولويه ', 'priorty', '2020-09-20 12:14:49', '2020-10-12 12:32:46'),
(497, 'term', 'الترم ', 'term', '2020-09-20 12:14:49', '2020-10-12 12:32:46'),
(498, 'are your sure', 'are your sure     ', 'are your sure', '2020-09-20 12:14:49', '2020-09-20 12:14:49'),
(499, 'name_en', 'الكلمة بالانجليزيه ', 'name_en', '2020-09-20 12:14:50', '2020-10-12 12:32:46'),
(500, 'name_ar', 'الكلمة بالعربيه ', 'name_ar', '2020-09-20 12:14:50', '2020-10-12 12:32:46'),
(501, 'save changes', 'حفظ التغيرات ', 'save changes', '2020-09-20 12:14:50', '2020-09-20 12:14:50'),
(502, 'percentage', 'النسبه ', 'percentage', '2020-09-20 12:14:50', '2020-10-12 12:32:46'),
(503, 'level name', 'level name     ', 'level name', '2020-09-20 12:14:50', '2020-09-20 12:14:50'),
(504, 'get_money_from_safe', 'تحصيل الرسوم من الخزينه ', 'get money from safe', '2020-09-21 00:02:30', '2020-10-12 12:32:45'),
(505, 'student_payments', 'مدفوعات الطالب ', 'student payments', '2020-09-21 00:02:30', '2020-10-12 12:32:45'),
(506, 'student_services', 'متنوعات الطالب ', 'student services', '2020-09-21 00:02:30', '2020-10-12 12:32:45'),
(507, 'student_installments', 'اقساط الطالب ', 'student installments', '2020-09-21 00:02:30', '2020-10-12 12:32:46'),
(508, 'write_note', 'اكتب ملاحظه ', 'write note', '2020-09-21 00:02:30', '2020-10-12 12:32:46'),
(509, 'student_info', 'معلومات الطالب ', 'student info', '2020-09-21 00:02:30', '2020-10-12 12:32:46'),
(510, 'case_constraint', 'نوع القيد ', 'case constraint', '2020-09-21 00:02:30', '2020-10-12 12:32:46'),
(511, 'constraint_status', 'حالة القيد ', 'constraint status', '2020-09-21 00:02:30', '2020-10-12 12:32:46'),
(512, 'payment_info', 'معلومات الدفع ', 'payment info', '2020-09-21 00:02:30', '2020-10-12 12:32:45'),
(513, 'required_value', 'المبلغ المطلوب ', 'required value', '2020-09-21 00:02:30', '2020-10-12 12:32:45'),
(514, 'old_balance', 'رسوم سابقه ', 'old balance', '2020-09-21 00:02:30', '2020-10-12 12:32:45'),
(515, 'current_balance', 'رسوم حاليه ', 'current balance', '2020-09-21 00:02:30', '2020-10-12 12:32:45'),
(516, 'save_&_print', 'حفظ وطباعه ', 'save & print', '2020-09-21 00:02:30', '2020-10-12 12:32:45'),
(517, 'student_available_services', 'خدمات الطالب المتاحه ', 'student available services', '2020-09-21 00:02:30', '2020-10-12 12:32:45'),
(518, 'remove_services', 'remove services ', 'remove services', '2020-09-21 00:02:31', '2020-10-12 12:32:45'),
(519, 'add_service', 'add service ', 'add service', '2020-09-21 00:02:31', '2020-10-12 12:32:45'),
(520, 'update_service', 'update service ', 'update service', '2020-09-21 00:02:31', '2020-10-12 12:32:45'),
(521, 'are_your_sure', 'are your sure ', 'are your sure', '2020-09-21 00:02:31', '2020-10-12 12:32:45'),
(522, 'email_or_password_error', 'كلمة المرور او الاميل خطا ', 'email or password error', '2020-09-21 02:01:50', '2020-10-12 12:32:45'),
(523, 'write_a_notes_for_student', 'كتابة ملاحظه بشان الطالب ', 'write_a_notes_for_student', '2020-09-21 15:55:18', '2020-10-12 12:32:45'),
(524, 'send_notes', 'ارسل الملاحظه ', 'send_notes', '2020-09-21 15:55:18', '2020-10-12 12:32:45'),
(525, 'write_some_notes', 'اكتب بعض الملاحظات ', 'write_some_notes', '2020-09-21 15:55:18', '2020-10-12 12:32:45'),
(526, 'please_enter_all_data', 'من فضلك قم بكتابة كل البيانات المطلوبه ', 'please_enter_all_data', '2020-09-21 15:55:18', '2020-10-12 12:32:45'),
(527, 'sign_in', 'تسجيل الدخول ', 'sign_in', '2020-09-21 15:55:19', '2020-10-12 12:32:45'),
(528, 'sign_out', 'تسجيل الخروج ', 'sign_out', '2020-09-21 15:55:22', '2020-10-12 12:32:44'),
(529, 'adminision_settings', 'اعدادت التقديم ', 'adminision_settings', '2020-09-21 15:55:22', '2020-10-12 12:32:44'),
(530, 'add_required_document', 'اضافة ملف مطلوب ', 'add_required_document', '2020-09-21 15:55:22', '2020-10-12 12:32:45'),
(531, 'remove_required_documents', 'حذف ملف مطلوب ', 'remove_required_documents', '2020-09-21 15:55:23', '2020-10-12 12:32:44'),
(532, 'applications_section', 'ملفات التقديم ', 'applications_section', '2020-09-21 15:55:23', '2020-10-12 12:32:44'),
(533, 'create_application', 'انشاء ملف تقديم ', 'create_application', '2020-09-21 15:55:23', '2020-10-12 12:32:44'),
(534, 'student_basic_info', 'معلومات الطالب الاساسيه ', 'student_basic_info', '2020-09-21 15:55:23', '2020-10-12 12:32:44'),
(535, 'registeration_date', 'تاريخ التسجيل ', 'registeration_date', '2020-09-21 15:55:23', '2020-10-12 12:32:44'),
(536, 'phone_1', 'رقم الهاتف ', 'phone_1', '2020-09-21 15:55:23', '2020-10-12 12:32:44'),
(537, 'registration_method', 'طريقة التقديم ', 'registration_method', '2020-09-21 15:55:23', '2020-10-12 12:32:44'),
(538, 'qualification_set_number', 'رقم جلوس المؤهل ', 'qualification_set_number', '2020-09-21 15:55:23', '2020-10-12 12:32:44'),
(539, 'coordination_password', 'كلمة سر التنسيق ', 'coordination_password', '2020-09-21 15:55:23', '2020-10-12 12:32:44'),
(540, 'gender', 'النوع ', 'gender', '2020-09-21 15:55:23', '2020-10-12 12:32:44'),
(541, 'additional_info', 'المعلومات الاضافيه ', 'additional_info', '2020-09-21 15:55:23', '2020-10-12 12:32:44'),
(542, 'language_1', 'لغه اجنبيه 1 ', 'language_1', '2020-09-21 15:55:23', '2020-10-12 12:32:44'),
(543, 'language_2', 'لغه اجنبيه 2 ', 'language_2', '2020-09-21 15:55:24', '2020-10-12 12:32:43'),
(544, 'birth_address', 'محل الميلاد ', 'birth_address', '2020-09-21 15:55:24', '2020-10-12 12:32:43'),
(545, 'military_info', 'معلومات التجنيد ', 'military_info', '2020-09-21 15:55:24', '2020-10-12 12:32:43'),
(546, 'parent_info', 'معلومات ولى الامر ', 'parent_info', '2020-09-21 15:55:24', '2020-10-12 12:32:43'),
(547, 'send_application', 'ارسل الملف ', 'send_application', '2020-09-21 15:55:24', '2020-10-12 12:32:43'),
(548, 'required_documents_info', 'معلومات الاوراق المطلوبه ', 'required_documents_info', '2020-09-21 15:55:24', '2020-10-12 12:32:44'),
(549, 'fill_all_requird_data', 'قم بكتابة جميع الحقول المطلوبه ', 'fill_all_requird_data', '2020-09-21 15:55:24', '2020-10-12 12:32:44'),
(550, 'grade_must_be_equal_or_bigger_than_', 'درجد الطالب لابد ان تكون اكبر من او تساوى ', 'grade_must_be_equal_or_bigger_than_', '2020-09-21 15:55:24', '2020-10-12 12:32:44'),
(551, 'student_enrolled_in_level', 'الطالب تحول الى المستوى ', 'student enrolled in level', '2020-09-21 20:01:29', '2020-10-12 12:32:43'),
(552, 'all_info', 'كل المعلومات ', 'all_info', '2020-09-22 09:03:37', '2020-10-12 12:32:43'),
(553, 'create_student', 'انشاء طالب ', 'create_student', '2020-09-22 09:03:38', '2020-10-12 12:32:43'),
(554, 'update_application', 'تعديل ملف تقديم ', 'update application', '2020-09-22 11:58:39', '2020-10-12 12:32:43'),
(555, 'show_application', 'عرض ملف التقديم ', 'show_application', '2020-09-22 23:12:20', '2020-10-12 12:32:43'),
(556, 'enroll_student', 'تحويل الى طالب ', 'enroll_student', '2020-09-22 23:12:20', '2020-10-12 12:32:43'),
(557, 'application_enroll_to_student', 'التحويل من متقدم الى مقيد ', 'application enroll to student', '2020-09-22 23:36:18', '2020-10-12 12:32:43'),
(558, 'new_student', 'طالب جديد ', 'new Student', '2020-09-23 00:46:13', '2020-10-12 12:32:43'),
(559, 'add_store_', 'اضافة خزينه ', 'add Store', '2020-09-27 03:31:21', '2020-10-12 12:32:43'),
(560, 'remove_store_', 'حذف الخزينه ', 'remove Store', '2020-09-27 03:35:33', '2020-10-12 12:32:43'),
(561, 'edit_store_', 'تعديل الخزينه ', 'edit Store', '2020-09-27 03:53:11', '2020-10-12 12:32:43'),
(562, 'update_profile_info', 'تعديل معلومات الملف الشخصى ', 'update profile info', '2020-09-27 15:26:35', '2020-10-12 12:32:43'),
(563, 'update_old_balance_store_settings_', 'تعديل خزينة الرسوم السابقه ', 'update old balance store settings', '2020-10-05 06:19:04', '2020-10-12 12:32:43'),
(564, 'the_service_is_only_available_for_division_', 'الخدمه متاحه فقط للشعبه ', 'The service is only available for division', '2020-10-07 05:49:32', '2020-10-12 12:32:43'),
(565, 'the_student_was_given_a_previous_fee', 'الطالب مدين برسوم سابقه ', 'The student was given a previous fee', '2020-10-07 06:13:54', '2020-10-12 12:32:43'),
(566, 'the_student_got_the_service_before', 'الطالب حصل على  الخدمه من قبل ', 'The student got the service before', '2020-10-07 06:13:54', '2020-10-12 12:32:43'),
(567, 'the_student_did_not_pay_the_required_percentage_of_the_installment_number_', 'الطالب لم يدفع النسبه المطلوبه من القسط رقم ', 'The student did not pay the required percentage of the installment number', '2020-10-07 06:13:55', '2020-10-12 12:32:43'),
(568, 'the_service_is_not_available_for_the_student_level', 'الخدمه غير متاحه لمستوى الطالب ', 'The service is not available for the student level', '2020-10-07 06:13:55', '2020-10-12 12:32:43'),
(569, 'the_service_is_not_available_for_an_application', 'الخدمه غير متاحه لطالب متقدم ', 'The service is not available for an application', '2020-10-07 07:26:20', '2020-10-12 12:32:43'),
(570, 'student_{name}_refund_{value}_in_store', 'الطالب {name} رد رسوم بقيمة {value} فى الخزينه ', 'student {name} refund {value} in store', '2020-10-07 09:27:15', '2020-10-12 12:32:43'),
(571, 'payment_value_removed_from_store_', 'مبلغ الايصال طرح من الخزينه ', 'payment value removed from store', '2020-10-07 10:26:17', '2020-10-12 12:32:42'),
(572, 'edit_payment_info_of_number_', 'تعديل بيانات الايصال رقم ', 'edit payment info of number', '2020-10-07 11:10:09', '2020-10-12 12:32:42'),
(573, 'you_have_{n}_notifications', 'لديك {n} من الاشعارات ', 'you_have_{n}_notifications', '2020-10-10 09:58:53', '2020-10-12 12:32:42'),
(574, 'view_all', 'عرض الكل ', 'view_all', '2020-10-10 09:58:53', '2020-10-12 12:32:42'),
(575, 'search_with_student_name_code_national_id', 'ابحث باسم الطالب او الكود او الرقم القومى ', 'search_with_student_name_code_national_id', '2020-10-10 09:58:54', '2020-10-12 12:32:42'),
(576, 'pay_refund', 'رد الرسوم ', 'pay_refund', '2020-10-10 09:58:54', '2020-10-12 12:32:42'),
(577, 'number', 'العدد ', 'number', '2020-10-10 09:58:54', '2020-10-12 12:32:42'),
(578, 'valid', 'الاتاحه ', 'valid', '2020-10-10 09:58:54', '2020-10-12 12:32:42'),
(579, 'registeration_status', 'حالات التسجيل ', 'registeration_status', '2020-10-10 09:58:54', '2020-10-12 12:32:42'),
(580, 'remove', 'حذف ', 'remove', '2020-10-10 09:58:54', '2020-10-12 12:32:42'),
(581, 'old_balance_store', 'خزينة الرسوم السابقه ', 'old_balance_store', '2020-10-10 09:58:55', '2020-10-12 12:32:42'),
(582, 'المصاريف_الدراسيه_', 'المصاريف_الدراسيه_ ', 'المصاريف_الدراسيه_', '2020-10-10 09:58:55', '2020-10-12 12:32:42'),
(583, 'general_settings', 'الاعدادات العامه ', 'general_settings', '2020-10-10 09:58:55', '2020-10-12 12:32:42'),
(584, 'is_refund', 'مسموح برد الرسوم ', 'is_refund', '2020-10-10 09:58:55', '2020-10-12 12:32:42'),
(585, 'select_level', 'اختر المستوى ', 'select_level', '2020-10-10 09:58:55', '2020-10-12 12:32:42'),
(586, 'select_division', 'اختر الشعبه ', 'select_division', '2020-10-10 09:58:55', '2020-10-12 12:32:42'),
(587, 'المصاريف_الدراسيه', 'المصاريف_الدراسيه ', 'المصاريف_الدراسيه', '2020-10-10 10:15:23', '2020-10-12 12:32:42'),
(588, 'payment_refunded', 'رسوم مردوده ', 'payment_refunded', '2020-10-10 10:15:23', '2020-10-12 12:32:42'),
(589, 'student_payments_report', 'تقرير مدفوعات الطلاب ', 'student_payments_report', '2020-10-10 13:42:32', '2020-10-12 12:32:42'),
(590, 'from_date', 'من تاريخ ', 'from_date', '2020-10-10 13:42:33', '2020-10-12 12:32:41'),
(591, 'to_date', 'الى تاريخ ', 'to_date', '2020-10-10 13:42:33', '2020-10-12 12:32:41'),
(592, 'academic_year_expense', 'المصاريف الدارسيه ', 'academic_year_expense', '2020-10-10 13:42:33', '2020-10-12 12:32:41'),
(593, 'payment_name', 'البيان ', 'payment_name', '2020-10-10 13:42:33', '2020-10-12 12:32:42'),
(594, 'payment_type_academic_year_expense', 'رسوم دراسيه ', 'payment_type_academic_year_expense', '2020-10-10 13:42:34', '2020-10-12 12:32:41'),
(595, 'payment_type_installment', 'قسط ', 'payment_type_installment', '2020-10-10 13:42:34', '2020-10-12 12:32:41'),
(596, 'payment_type_old_academic_year_expense', 'رسوم سابقه ', 'payment_type_old_academic_year_expense', '2020-10-10 13:42:35', '2020-10-12 12:32:41'),
(597, 'payment_type_service', 'خدمات ', 'payment_type_service', '2020-10-10 13:42:35', '2020-10-12 12:32:41'),
(598, 'payment_type_refund', 'رد رسوم ', 'payment_type_refund', '2020-10-10 13:42:35', '2020-10-12 12:32:41'),
(599, 'payments_incomes', 'ايرادات ', 'payments_incomes', '2020-10-10 13:42:36', '2020-10-12 12:32:41'),
(600, 'payments_returns', 'مرتجعات ', 'payments_returns', '2020-10-10 13:42:36', '2020-10-12 12:32:41'),
(601, 'students_payments_report', 'تقرير مدفوعات الطلاب ', 'students_payments_report', '2020-10-10 13:42:37', '2020-10-12 12:32:41'),
(602, 'wz_value', 'وزارى ', 'wz_value', '2020-10-11 11:12:24', '2020-10-12 12:32:41'),
(603, 'analysis', 'اجماليات ', 'analysis', '2020-10-11 11:12:24', '2020-10-12 12:32:41'),
(604, 'student_search', 'بحث بالطالب ', 'student_search', '2020-10-11 11:12:24', '2020-10-12 12:32:41'),
(605, 'update', 'تحديث ', 'update', '2020-10-11 11:12:25', '2020-10-12 12:32:41'),
(606, 'show_student', 'عرض الطالب ', 'show_student', '2020-10-12 11:04:22', '2020-10-12 12:32:40'),
(607, 'edit_user', 'تعديل المستخدم ', 'edit_user', '2020-10-12 11:04:22', '2020-10-12 12:32:40'),
(608, 'add_user', 'اضافة مستخدم ', 'add_user', '2020-10-12 11:04:22', '2020-10-12 12:32:41'),
(609, 'update_store', 'تحديث الخزينه ', 'update_store', '2020-10-12 11:04:23', '2020-10-12 12:32:40'),
(610, 'old_balance_notes', 'ملاحظات الرسوم السابقه ', 'old_balance_notes', '2020-10-12 11:04:23', '2020-10-12 12:32:40'),
(611, 'total_of_selected_services', 'اجمالى مبلغ الخدمات ', 'total_of_selected_services', '2020-10-12 11:04:23', '2020-10-12 12:32:40'),
(612, 'years_of_adminision', 'سنوات التقديم ', 'years_of_adminision', '2020-10-12 11:04:24', '2020-10-12 12:32:40'),
(613, 'application_required', 'متطلبات التقديم ', 'application_required', '2020-10-12 11:04:24', '2020-10-12 12:32:40'),
(614, 'current_term', 'الترم الحالى ', 'current_term', '2020-10-12 11:04:24', '2020-10-12 12:32:40'),
(615, 'different_year_of_qualification_must_be_less_of_equal_than_3', 'فرق سنوات التقديم لا يمكن ان يزيد عن 3 سنين ', 'different_year_of_qualification_must_be_less_of_equal_than_3', '2020-10-12 11:04:24', '2020-10-12 12:32:40'),
(616, 'edit_role', 'تعديل الصلاحيه ', 'edit_role', '2020-10-14 04:43:08', '2020-10-14 04:50:45'),
(617, 'add_role', 'اضافة صلاحيه ', 'add_role', '2020-10-14 04:43:08', '2020-10-14 04:50:45'),
(618, 'show_in_store', 'عرض فى الخزينه ', 'show_in_store', '2020-10-14 04:43:08', '2020-10-14 04:50:45'),
(619, 'active', 'التفعيل ', 'active', '2020-10-14 04:43:09', '2020-10-14 04:48:33'),
(620, 'is_in_store', 'عرض فى الخزينه ', 'is_in_store', '2020-10-14 04:43:09', '2020-10-14 04:50:44'),
(621, 'card_export_unit', 'وحدة اصدار الكارنيهات ', 'card_export_unit', '2020-11-10 08:47:23', '2020-11-10 08:54:47'),
(622, 'card_export_report', 'تقرير اصدار الكارنيهات ', 'card_export_report', '2020-11-10 08:47:23', '2020-11-10 08:54:47'),
(623, 'academic', 'الارشاد الاكاديمى ', 'academic', '2020-11-10 08:47:23', '2020-11-10 08:54:47'),
(624, 'academic_plan', 'الخطة الدراسية ', 'academic_plan', '2020-11-10 08:47:23', '2020-11-10 08:54:47'),
(625, 'academic_setting', 'أعدادات الارشاد الاكاديمى ', 'academic_setting', '2020-11-10 08:47:23', '2020-11-10 08:54:47'),
(626, 'open_courses', 'المقررات المفتوحة ', 'open_courses', '2020-11-10 08:47:23', '2020-11-10 08:54:47'),
(627, 'register_academic_plan', 'تسجيل الخطة الدراسية ', 'register_academic_plan', '2020-11-10 08:47:24', '2020-11-10 08:54:45'),
(628, 'courses', 'المقررات ', 'courses', '2020-11-10 08:47:24', '2020-11-10 08:54:45'),
(629, 'create_course', 'انشاء مقرر ', 'create_course', '2020-11-10 08:47:24', '2020-11-10 08:54:45'),
(630, 'create_course_category', 'انشاء نوع مقرر ', 'create_course_category', '2020-11-10 08:47:24', '2020-11-10 08:54:45'),
(631, 'create_degree_map', 'انشاء تقدير ', 'create_degree_map', '2020-11-10 08:47:24', '2020-11-10 08:54:45'),
(632, 'course_category', 'نوع مقرر ', 'course_category', '2020-11-10 08:47:24', '2020-11-10 08:54:45'),
(633, 'total_degree', 'اجمالى الساعات ', 'total_degree', '2020-11-10 08:47:24', '2020-11-10 08:54:46'),
(634, 'required_degree', 'الساعات المطلوبة ', 'required_degree', '2020-11-10 08:47:24', '2020-11-10 08:54:46'),
(635, 'degree_map', 'التقديرات ', 'degree_map', '2020-11-10 08:47:24', '2020-11-10 08:54:46'),
(636, 'from', 'من ', 'from', '2020-11-10 08:47:24', '2020-11-10 08:54:46'),
(637, 'to', 'الى ', 'to', '2020-11-10 08:47:24', '2020-11-10 08:54:46'),
(638, 'create_new_course', 'انشاء مقرر ', 'create_new_course', '2020-11-10 08:47:24', '2020-11-10 08:54:46'),
(639, 'credit_hour', 'الساعات المعتمدة ', 'credit_hour', '2020-11-10 08:47:24', '2020-11-10 08:54:46'),
(640, 'year_work_degree', 'اعمال السنة ', 'year_work_degree', '2020-11-10 08:47:24', '2020-11-10 08:54:46'),
(641, 'practical_degree', 'العملى ', 'practical_degree', '2020-11-10 08:47:24', '2020-11-10 08:54:46'),
(642, 'academic_degree', 'التحريرى ', 'academic_degree', '2020-11-10 08:47:24', '2020-11-10 08:54:46'),
(643, 'small_degree', 'نهاية صغرى ', 'small_degree', '2020-11-10 08:47:24', '2020-11-10 08:54:46'),
(644, 'large_degree', 'نهاية عظمى ', 'large_degree', '2020-11-10 08:47:25', '2020-11-10 08:54:44'),
(645, 'has_project', 'مشروع ', 'has_project', '2020-11-10 08:47:25', '2020-11-10 08:54:44'),
(646, 'is_required', 'مطلوبة ', 'is_required', '2020-11-10 08:47:25', '2020-11-10 08:54:44'),
(647, 'book_price', 'سعر الكتاب ', 'book_price', '2020-11-10 08:47:25', '2020-11-10 08:54:44'),
(648, 'failed_degree', 'درجة الرسوب ', 'failed_degree', '2020-11-10 08:47:25', '2020-11-10 08:54:44'),
(649, 'prequsites', 'المتطلب السابق ', 'prequsites', '2020-11-10 08:47:25', '2020-11-10 08:54:44'),
(650, 'create_new_degree_map', 'أنشاء تقدير جديد ', 'create_new_degree_map', '2020-11-10 08:47:25', '2020-11-10 08:54:44'),
(651, 'percent_from', 'من نسبة ', 'percent_from', '2020-11-10 08:47:25', '2020-11-10 08:54:44'),
(652, 'percent_to', 'الى نسبة ', 'percent_to', '2020-11-10 08:47:25', '2020-11-10 08:54:44'),
(653, 'create_new_course_category', 'أنشاء نوع مقرر ', 'create_new_course_category', '2020-11-10 08:47:26', '2020-11-10 08:54:43'),
(654, 'total_hours', 'اجمالى الساعات ', 'total_hours', '2020-11-10 08:47:26', '2020-11-10 08:54:44'),
(655, 'required_hours', 'الساعات المطلوبة ', 'required_hours', '2020-11-10 08:47:26', '2020-11-10 08:54:44'),
(656, 'open_course_this_term', 'فتح المقرر هذا الترم ', 'open_course_this_term', '2020-11-10 08:47:26', '2020-11-10 08:54:44'),
(657, 'card_types', 'أنواع الكارنيهات ', 'card_types', '2020-11-10 08:47:26', '2020-11-10 08:54:44'),
(658, 'card_terms_&_conditions', 'شروط و احكام الكارنية ', 'card_terms_&_conditions', '2020-11-10 08:47:26', '2020-11-10 08:54:44'),
(659, 'available_cards', 'الكارنيهات المتاحة ', 'available_cards', '2020-11-10 08:47:26', '2020-11-10 08:54:44'),
(660, 'please_wait', 'من فضلك انتظر ', 'please_wait', '2020-11-10 08:47:26', '2020-11-10 08:54:44'),
(661, 'cards_total', 'اجمالى الكارنيهات ', 'cards_total', '2020-11-10 08:47:26', '2020-11-10 08:54:44'),
(662, 'student_count', 'عدد الطلاب ', 'student_count', '2020-11-10 08:47:26', '2020-11-10 08:54:44'),
(663, 'card_type', 'أنواع الكارنيهات ', 'card_type', '2020-11-10 08:47:27', '2020-11-10 08:54:43'),
(664, 'price', 'السعر ', 'price', '2020-11-10 08:47:27', '2020-11-10 08:54:43'),
(665, 'create_new_course_category_', 'انشاء نوع مقرر ', 'create new course category', '2020-11-10 08:56:43', '2020-11-10 09:40:29'),
(666, 'create_new_degree_map_', 'انشاء تقدير جديد ', 'create new degree map', '2020-11-10 08:57:11', '2020-11-10 09:40:29'),
(667, 'create_new_course_', 'انشاء مقرر جديد ', 'create new course', '2020-11-10 09:03:27', '2020-11-10 09:40:29'),
(668, 'update_course_', 'تعديل مقرر ', 'update course', '2020-11-10 09:19:11', '2020-11-10 09:40:29'),
(669, 'add_discount_type_', 'اضافة نوع خصم ', 'add discount_type', '2020-11-10 10:01:35', '2020-11-22 10:56:40'),
(670, 'open_courses_', 'فتح المقررات ', 'open courses', '2020-11-10 10:45:46', '2020-11-22 10:56:40'),
(671, 'change_academic_settings_', 'تعديل اعدادات الارشاد الاكاديمى ', 'change academic settings', '2020-11-10 11:13:24', '2020-11-22 10:56:40'),
(672, 'update_degree_map_', 'تعديل تقدير ', 'update degree map', '2020-11-11 07:47:42', '2020-11-22 10:56:40'),
(673, 'remove_course_', 'حذف مقرر ', 'remove course', '2020-11-11 09:27:52', '2020-11-22 10:56:40'),
(674, 'update_settings', 'تغير الاعدادات ', 'update_settings', '2020-11-11 09:40:34', '2020-11-22 10:56:40'),
(675, 'create_discount_request', 'انشاء طلب اعفاء من الرسوم ', 'create_discount_request', '2020-11-11 09:40:34', '2020-11-22 10:56:40'),
(676, 'create_balance_reset', 'تصفير مديونية طالب ', 'create_balance_reset', '2020-11-11 09:40:34', '2020-11-22 10:56:40'),
(677, 'update_student_info', 'تعديل بيانات الطالب ', 'update_student_info', '2020-11-11 09:40:34', '2020-11-22 10:56:40'),
(678, 'histroy_of_discount', 'سجل الاعفاءات ', 'histroy_of_discount', '2020-11-11 09:40:34', '2020-11-22 10:56:40'),
(679, 'discount_type', 'انواع الخصومات ', 'discount_type', '2020-11-11 09:40:34', '2020-11-22 10:56:40'),
(680, 'student_affairs_notes', 'ملاحظات شئون الطالاب ', 'student_affairs_notes', '2020-11-11 09:40:34', '2020-11-22 10:56:40'),
(681, 'histroy_of_balance_reset', 'سجل قيود المديونية ', 'histroy_of_balance_reset', '2020-11-11 09:40:34', '2020-11-22 10:56:40'),
(682, 'discount_types', 'المنح و الاعفائات ', 'discount_types', '2020-11-11 09:40:35', '2020-11-11 09:42:20'),
(683, 'students_details_report', 'كشف حساب طالب ', 'students_details_report', '2020-11-11 09:40:35', '2020-11-11 09:42:20'),
(684, 'students_balances_report', 'كشف حساب طالب ', 'students_balances_report', '2020-11-11 09:40:35', '2020-11-22 10:56:39'),
(685, 'report_creator', 'معالج التقارير ', 'report_creator', '2020-11-11 09:40:35', '2020-11-22 10:56:40'),
(686, 'students_installment_report', 'تقرير الاقساط ', 'students_installment_report', '2020-11-11 09:40:35', '2020-11-22 10:56:40'),
(687, 'students_discount_report', 'تقرير المنح و الخصومات ', 'students_discount_report', '2020-11-11 09:40:35', '2020-11-22 10:56:40'),
(688, 'student_register_course', 'تسجيل الارشاد الاكاديمى ', 'student_register_course', '2020-11-11 09:40:35', '2020-11-11 09:42:20'),
(689, 'register_courses', 'تسجيل الارشاد الاكاديمى ', 'register_courses', '2020-11-11 09:40:35', '2020-11-11 09:42:20'),
(690, 'available_hours', 'الساعات المتاحة ', 'available_hours', '2020-11-14 06:17:47', '2020-11-14 06:18:27'),
(691, 'available_courses', 'المقررات المتاحة ', 'available_courses', '2020-11-14 06:17:47', '2020-11-14 06:18:27'),
(692, 'register_hours', 'الساعات المسجلة ', 'register_hours', '2020-11-14 06:17:47', '2020-11-14 06:18:27'),
(693, 'student_register_courses', 'المقررات المسجلة ', 'student_register_courses', '2020-11-14 06:19:05', '2020-11-14 06:19:24'),
(694, 'student_register_document', 'ملف الارشاد الاكاديمى للطالب ', 'student_register_document', '2020-11-14 10:25:04', '2020-11-14 10:26:12'),
(695, 'register_hours_total', 'اجمالى الساعات المسجلة ', 'register_hours_total', '2020-11-14 10:25:04', '2020-11-14 10:26:12'),
(696, 'student_register_courses_count', 'عدد المقررات المسجلة ', 'student_register_courses_count', '2020-11-14 10:25:04', '2020-11-14 10:26:12'),
(697, 'register_date', 'تاريخ التسجيل ', 'register_date', '2020-11-14 10:25:04', '2020-11-14 10:26:12'),
(698, 'degree', 'الدرجة ', 'degree', '2020-11-14 10:25:04', '2020-11-14 10:26:12'),
(699, 'student_degree', 'درجة الطالب ', 'student_degree', '2020-11-14 10:25:04', '2020-11-14 10:26:12'),
(700, 'total_registeration_required_hours', 'اجمالى الساعات المطلوبة للتخرج ', 'total_registeration_required_hours', '2020-11-14 10:29:39', '2020-11-14 10:30:05'),
(701, 'service', 'الخدمات ', 'service', '2020-11-14 11:47:46', '2020-11-22 10:56:39'),
(702, 'discounttypes', 'انواع الخصومات ', 'discounttypes', '2020-11-14 11:47:46', '2020-11-22 10:56:39'),
(703, 'add_discount_type', 'اضافة نوع خصم ', 'add_discount_type', '2020-11-14 11:47:46', '2020-11-22 10:56:39'),
(704, 'update_discount_type', 'تعديل نوع الخصم ', 'update_discount_type', '2020-11-14 11:47:46', '2020-11-22 10:56:39'),
(705, 'payment_code', 'رقم القسيمة ', 'payment_code', '2020-11-14 11:47:46', '2020-11-22 10:56:39'),
(706, 'student_affairs', 'شئون الطلاب ', 'student_affairs', '2020-11-14 11:47:46', '2020-11-14 12:38:06'),
(707, 'resize', 'تصغير ', 'resize', '2020-11-14 11:47:46', '2020-11-14 11:48:04'),
(708, 'no_data_available', 'لا توجد سجلات متاحة ', 'no_data_available', '2020-11-14 11:47:46', '2020-11-22 10:56:39'),
(709, 'check_all', 'تحديد الكل ', 'check_all', '2020-11-14 12:06:22', '2020-11-14 12:22:33'),
(710, 'decheck_all', 'الغاء تحديد الكل ', 'decheck_all', '2020-11-14 12:06:22', '2020-11-17 06:09:46'),
(711, 'too_many_requests', NULL, 'Too Many Requests', '2020-11-14 12:29:31', '2020-11-14 12:29:31'),
(712, 'student_affiars', 'شئون الطلاب ', 'student_affiars', '2020-11-14 12:36:27', '2020-11-14 12:36:59'),
(713, 'national_id_is_unique', 'الرقم القومى موجود مسبقا ', 'national_id is unique', '2020-11-16 06:49:14', '2020-11-17 06:09:46'),
(714, 'set_number', 'رقم الجلوس ', 'set_number', '2020-11-17 06:06:15', '2020-11-17 06:09:46'),
(715, 'prerequsites', 'المقررات السابقه ', 'prerequsites', '2020-11-17 06:06:16', '2020-11-17 06:09:46'),
(716, 'register_times', 'مرات التسجيل ', 'register_times', '2020-11-17 06:06:16', '2020-11-17 06:09:46'),
(717, 'select_student_first', 'اختر طالب اولا ', 'select_student_first', '2020-11-17 06:06:16', '2020-11-17 06:09:46'),
(718, 'student_register_hours_less_than_', 'تنبيه عدد ساعات التسجيل اقل من ', 'student_register_hours_less_than_', '2020-11-17 06:06:16', '2020-11-17 06:09:46'),
(719, 'sort', 'ترتيب ', 'sort', '2020-11-17 07:58:10', '2020-11-17 08:00:00'),
(720, 'sort_with_prerequsites', 'رتيب بالمتطلب السابق ', 'sort_with_prerequsites', '2020-11-17 07:58:10', '2020-11-17 08:00:40'),
(721, 'sort_with_register_times', 'رتب بمرات التسجيل ', 'sort_with_register_times', '2020-11-17 07:58:10', '2020-11-17 08:00:40'),
(722, 'update_course_category_', 'تعديل بيانات نوع مقرر ', 'update course category', '2020-11-17 10:09:12', '2020-11-17 11:58:57'),
(723, 'update_doctor_', 'تعديل بيانات عضو هيئة تدريس ', 'update doctor', '2020-11-17 11:29:59', '2020-11-17 11:58:57'),
(724, 'required_for_graduation', 'مطلوبة للتخرج ', 'required_for_graduation', '2020-11-17 11:56:11', '2020-11-17 11:58:57'),
(725, 'is_credit_hour', 'is_credit_hour ', 'is_credit_hour', '2020-11-17 11:56:11', '2020-11-17 11:56:11'),
(726, 'is_not_credit_hour', 'لا تدخل فى حساب المعدل التراكمى ', 'is_not_credit_hour', '2020-11-17 11:56:11', '2020-11-17 11:58:57'),
(727, 'doctors', 'اعضاء هئية التدريس ', 'doctors', '2020-11-17 11:56:12', '2020-11-17 11:58:57'),
(728, 'description', 'الوصف ', 'description', '2020-11-17 11:56:12', '2020-11-17 11:58:57'),
(729, 'create_new_doctor', 'أنشاء عضو هيئة تدريس جديد ', 'create_new_doctor', '2020-11-17 11:56:12', '2020-11-17 11:58:57'),
(730, 'create_doctor', 'أنشاء عضو هيئة تدريس ', 'create_doctor', '2020-11-17 11:56:12', '2020-11-17 11:58:57'),
(731, 'update_doctor', 'تعديل بيانات عضو هيئة تدريس ', 'update_doctor', '2020-11-17 11:56:12', '2020-11-17 11:58:57'),
(732, 'assign_result_for_the_students_', 'تعين النتيجه للطلاب ', 'assign result for the students', '2020-11-18 08:04:23', '2020-11-18 08:30:07'),
(733, 'control', 'الكنترول ', 'control', '2020-11-18 08:28:40', '2020-11-18 08:30:06'),
(734, 'course_code', 'كود المقرر ', 'course_code', '2020-11-18 08:28:40', '2020-11-18 08:30:06'),
(735, 'course_name', 'اسم المقرر ', 'course_name', '2020-11-18 08:28:40', '2020-11-18 08:30:06'),
(736, 'course', 'المقرر ', 'course', '2020-11-18 08:28:40', '2020-11-18 08:30:06'),
(737, 'please_select_course', 'من فضلك اختر مقررا ', 'please_select_course', '2020-11-18 08:28:40', '2020-11-18 08:30:07'),
(738, 'password_not_correct', 'كلمة المرور غير صحيحه ', 'password not correct', '2020-11-18 09:43:56', '2020-11-18 09:54:49'),
(739, 'change_publish_result_of_', 'تغير اعتماد النتيجة ', 'change publish result of', '2020-11-18 09:44:06', '2020-11-18 09:54:49'),
(740, 'publish_result', 'اعلان النتيجة ', 'publish_result', '2020-11-18 09:54:08', '2020-11-22 10:50:17'),
(741, 'password_of_publish_result', 'كلمة مرور النتيجة ', 'password_of_publish_result', '2020-11-18 09:54:08', '2020-11-22 10:50:17'),
(742, 'fill_all_data', 'ادخل كل البيانات ', 'fill_all_data', '2020-11-18 09:54:08', '2020-11-22 10:50:17'),
(743, 'cancel_publish_result', 'الغاء اعتماد النتيجة ', 'cancel_publish_result', '2020-11-18 09:54:08', '2020-11-22 10:50:17'),
(744, 'register_discount_requests', 'تسجيل طلب اعفاء ', 'register_discount_requests', '2020-11-22 08:38:38', '2020-11-22 10:50:16'),
(745, 'last_exam', 'اخر متحان ', 'last_exam', '2020-11-22 08:38:38', '2020-11-22 10:50:17'),
(746, 'currency', 'العملة ', 'currency', '2020-11-22 08:38:38', '2020-11-22 10:50:17'),
(747, 'balance_info', 'المديونية ', 'balance_info', '2020-11-22 08:38:38', '2020-11-22 10:50:17'),
(748, 'total_balance', 'اجمالى المديونية ', 'total_balance', '2020-11-22 08:38:38', '2020-11-22 10:50:17'),
(749, 'paid_balance', 'المدفوع ', 'paid_balance', '2020-11-22 08:38:38', '2020-11-22 10:50:17'),
(750, 'rewords_discounts', 'منح وخصومات ', 'rewords_discounts', '2020-11-22 08:38:38', '2020-11-22 10:50:17'),
(751, 'student_balance', 'مديونية الطالب ', 'student_balance', '2020-11-22 08:38:38', '2020-11-22 10:50:17'),
(752, 'payment_type_undefined', 'payment_type_undefined ', 'payment_type_undefined', '2020-11-22 08:38:38', '2020-11-22 08:38:38'),
(753, 'discount_requests', 'طلبات الاعفاء ', 'discount_requests', '2020-11-22 08:38:38', '2020-11-22 10:50:17'),
(754, 'control_report', 'تقرير االكنترول ', 'control_report', '2020-11-22 08:38:38', '2020-11-22 09:28:22'),
(755, 'enter_password_of_result', 'ادخل كلمة مرور النتيجة ', 'enter_password_of_result', '2020-11-22 08:38:38', '2020-11-22 10:50:17'),
(756, 'search_about_course', 'البحث عن مقرر ', 'search_about_course', '2020-11-22 08:38:39', '2020-11-22 09:03:21'),
(757, 'coutries', 'الدول ', 'coutries', '2020-11-22 08:38:39', '2020-11-22 09:31:10'),
(758, 'coutries_&_governments_&_cities', 'الدول و المدن ', 'coutries_&_governments_&_cities', '2020-11-22 08:38:39', '2020-11-22 09:23:38'),
(759, 'start_date', 'تاريخ البداية ', 'start_date', '2020-11-22 08:38:39', '2020-11-22 09:27:46'),
(760, 'end_date', 'تاريخ النهاية ', 'end_date', '2020-11-22 08:38:39', '2020-11-22 09:27:46'),
(761, 'divisions_&_departments_&_levels', 'المستويات والاقسام ', 'divisions_&_departments_&_levels', '2020-11-22 08:38:39', '2020-11-22 09:26:24'),
(762, 'is_azhar', 'هل تابع للازهر ', 'is_azhar', '2020-11-22 08:38:39', '2020-11-22 09:27:46'),
(763, 'percent', 'النسبة ', 'percent', '2020-11-22 08:38:39', '2020-11-22 09:27:46'),
(764, 'registration_methods', 'وسائل التعارف ', 'registration_methods', '2020-11-22 08:38:39', '2020-11-22 09:27:46'),
(765, 'case_constraints', 'حالات القيد ', 'case_constraints', '2020-11-22 08:38:39', '2020-11-22 09:27:47'),
(766, 'relations', 'صلة القرابة ', 'relations', '2020-11-22 08:38:39', '2020-11-22 09:27:47'),
(767, 'total_grade', 'اجمالى  الدرجات ', 'total_grade', '2020-11-22 10:47:20', '2020-11-22 11:36:49'),
(768, 'religious_grade_total', 'اجمالى الدرجات الدينية ', 'religious_grade_total', '2020-11-22 10:47:20', '2020-11-22 11:36:09'),
(769, 'azhar_remind_grade', 'باقى الدرجات ', 'azhar_remind_grade', '2020-11-22 10:47:20', '2020-11-22 11:36:09'),
(770, 'there_is_no_data', 'لا توجد بيانات', 'there_is_no_data', '2020-11-23 06:02:12', '2020-11-23 12:03:49'),
(771, 'cant_delete_this_academic_year_expense', 'لا يمكنك حذف هذا المصروف الدراسى', 'cant delete this academic year expense', '2020-11-23 09:54:35', '2020-11-23 12:03:49'),
(772, 'submit', 'ارسال', 'submit', '2020-11-23 11:59:42', '2020-11-23 12:03:49'),
(773, 'personal_info', 'المعلومات الشخصية', 'personal_info', '2020-11-23 11:59:42', '2020-11-23 12:03:49'),
(774, 'confirm_password', 'تاكيد كلمة المرور', 'confirm_password', '2020-11-23 11:59:42', '2020-11-23 12:03:49'),
(775, 'phone_details', 'تفاصيل الهاتف', 'phone_details', '2020-11-23 11:59:42', '2020-11-23 12:03:49'),
(776, 'theme', 'المظهر', 'theme', '2020-11-23 11:59:58', '2020-11-23 12:03:49'),
(777, 'student_count_in_levels', 'عدد الطلاب فى المستوى', 'student_count_in_levels', '2020-11-23 12:00:07', '2020-11-23 12:03:48'),
(778, 'student_count_in_divisions', 'عدد الطلاب فى الشعب', 'student_count_in_divisions', '2020-11-23 12:00:07', '2020-11-23 12:03:48'),
(779, 'student_count_in_case_contraints', 'عدد الطلاب فى حالات القيد', 'student_count_in_case_contraints', '2020-11-23 12:00:07', '2020-11-23 12:03:49'),
(780, 'services_total', 'اجمالى الخدمات', 'services_total', '2020-11-23 12:00:07', '2020-11-23 12:03:49'),
(781, 'academic_year_expenses_total', 'اجمالى المصاريف الدراسية', 'academic_year_expenses_total', '2020-11-23 12:00:07', '2020-11-23 12:03:49'),
(782, 'graduation_service_total', 'اجمالى شهادة التخرج', 'graduation_service_total', '2020-11-23 12:00:07', '2020-11-23 12:03:49'),
(783, 'join_year', 'تاريخ الالتحاق', 'join_year', '2020-11-23 12:00:07', '2020-11-23 12:03:49'),
(784, 'academic_year_expenses_total_', 'اجمالى المصاريف الدراسية', 'academic_year_expenses_total_', '2020-11-23 12:00:07', '2020-11-23 12:03:49'),
(785, 'change_application_theme', 'تغير مظهر التطبيق', 'change_application_theme', '2020-11-23 12:01:02', '2020-11-23 12:03:48'),
(786, 'add_card_for_student', 'طباعة كارنيه للطالب ', 'add card for student ', '2020-11-23 16:16:44', '2020-11-23 16:32:09'),
(787, 'filters', 'الفلاتر', 'filters', '2020-11-23 16:26:12', '2020-11-23 16:26:59'),
(788, 'discounts', 'الخصومات', 'discounts', '2020-11-23 16:26:12', '2020-11-23 16:26:59'),
(789, 'discount_count', 'عدد الخصومات', 'discount_count', '2020-11-23 16:26:12', '2020-11-23 16:26:59'),
(790, 'add_card_for_student_', 'طباعة كارنيه للطالب ', 'add card for student ', '2020-11-23 16:28:38', '2020-11-23 16:32:06'),
(791, 'create_new_doctor_', NULL, 'create new doctor ', '2020-11-23 16:46:34', '2020-11-23 16:46:34'),
(792, 'select_conditions', 'حدد الشروط ', 'select_conditions ', '2020-12-02 07:37:33', '2020-12-26 08:21:55'),
(793, 'refund', 'refund ', 'refund ', '2020-12-02 07:37:33', '2020-12-02 07:37:33'),
(794, 'discount_percent', 'discount_percent ', 'discount_percent ', '2020-12-02 07:37:33', '2020-12-02 07:37:33'),
(795, 'remind_total', 'remind_total ', 'remind_total ', '2020-12-02 07:37:33', '2020-12-02 07:37:33'),
(796, 'old_balance_percent', 'old_balance_percent ', 'old_balance_percent ', '2020-12-02 07:37:33', '2020-12-02 07:37:33'),
(797, 'current_balance_percent', 'current_balance_percent ', 'current_balance_percent ', '2020-12-02 07:37:33', '2020-12-02 07:37:33'),
(798, 'paids_percent', 'paids_percent ', 'paids_percent ', '2020-12-02 07:37:33', '2020-12-02 07:37:33'),
(799, 'refund_percent', 'refund_percent ', 'refund_percent ', '2020-12-02 07:37:33', '2020-12-02 07:37:33'),
(800, 'acceptance', 'acceptance ', 'acceptance ', '2020-12-02 07:37:33', '2020-12-02 07:37:33'),
(801, 'has_acceptance', 'has_acceptance ', 'has_acceptance ', '2020-12-02 07:37:33', '2020-12-02 07:37:33'),
(802, 'not_has_acceptance', 'not_has_acceptance ', 'not_has_acceptance ', '2020-12-02 07:37:33', '2020-12-02 07:37:33'),
(803, 'per_period', 'per_period ', 'per_period ', '2020-12-02 07:37:33', '2020-12-02 07:37:33'),
(804, 'continue', 'continue ', 'continue ', '2020-12-02 07:37:33', '2020-12-02 07:37:33'),
(805, 'required_installment_count', 'عدد الاقساط المطلوب ', 'required_installment_count ', '2020-12-26 06:28:54', '2020-12-26 08:21:55'),
(806, 'paid_installment_count', 'عدد الاقساط المدفوعه ', 'paid_installment_count ', '2020-12-26 06:28:54', '2020-12-26 08:21:55'),
(807, 'installment_count', 'الاقساط المدفوعه ', 'installment_count ', '2020-12-26 06:28:54', '2020-12-26 08:21:55'),
(808, 'installment_total', 'اجمالى الاقساط ', 'installment_total ', '2020-12-26 06:28:54', '2020-12-26 08:21:55'),
(809, 'can_register_for_application_students', 'لا يمكن التسجيل للطالب المتقدمين ', 'can_register_for_application_students ', '2020-12-26 08:20:32', '2020-12-26 08:21:55'),
(810, 'required_courses', 'المقررات المطلوبه ', 'required_courses ', '2020-12-26 08:20:33', '2020-12-26 08:21:55'),
(811, 'result_transfer', 'ترحيل النتيجة ', 'result_transfer ', '2020-12-27 08:09:57', '2020-12-27 08:10:31'),
(812, 'understand_this', 'افهم ذلك و اود الاستمرار ', 'understand_this ', '2020-12-27 08:09:57', '2020-12-27 08:10:31'),
(813, 'start', 'البدأ فى ترحيل النتيجة ', 'start ', '2020-12-27 08:09:57', '2020-12-27 08:10:31'),
(814, 'problem', 'المشكله ', 'problem ', '2020-12-27 08:39:14', '2020-12-27 08:39:27'),
(815, 'permissions', 'الصلاحيات ', 'permissions ', '2020-12-27 10:03:33', '2020-12-27 10:04:29'),
(816, 'permissions_&_groups', 'الصلاحيات و الجموعات ', 'permissions_&_groups ', '2020-12-27 10:03:33', '2020-12-27 10:04:29'),
(817, 'permission_groups', 'مجموعات الصلاحيات ', 'permission_groups ', '2020-12-27 10:03:33', '2020-12-27 10:04:30'),
(818, 'display_name', 'الاسم بالعربية ', 'display_name ', '2020-12-27 10:03:34', '2020-12-27 10:04:29'),
(819, 'group', 'المجموعه ', 'group ', '2020-12-27 10:03:34', '2020-12-27 10:04:29'),
(820, 'موظف_الخزنه', 'موظف_الخزنه ', 'موظف_الخزنه ', '2020-12-28 06:16:53', '2020-12-28 06:16:53'),
(821, 'back', 'رجوع ', 'back ', '2020-12-28 06:16:53', '2020-12-28 06:17:04'),
(822, 'موظف_شؤن_الطلاب', 'موظف_شؤن_الطلاب ', 'موظف_شؤن_الطلاب ', '2020-12-28 06:16:53', '2020-12-28 06:16:53'),
(823, 'المسؤل', 'المسؤل ', 'المسؤل ', '2020-12-28 10:26:46', '2020-12-28 10:26:46'),
(824, 'مدير_القسم', 'مدير_القسم ', 'مدير_القسم ', '2020-12-28 10:26:46', '2020-12-28 10:26:46'),
(825, 'import_from_excel', 'استيراد من ملف اكسيل ', 'import_from_excel ', '2021-01-24 09:33:53', '2021-01-24 09:34:20'),
(826, 'import_excel_file', 'استيراد من ملف اكسيل ', 'import_excel_file ', '2021-01-24 09:33:53', '2021-01-24 09:34:20'),
(827, 'send_file', 'ارسال الملف ', 'send_file ', '2021-01-24 09:33:53', '2021-01-24 09:34:20'),
(828, 'remove_degree_map_', NULL, 'remove degree map ', '2021-01-24 10:42:04', '2021-01-24 10:42:04'),
(829, 'username_or_password_error', NULL, 'username or password error', '2021-01-27 09:04:17', '2021-01-27 09:04:17'),
(830, 'خزنه', 'خزنه ', 'خزنه ', '2021-01-31 10:48:21', '2021-01-31 10:48:21'),
(831, 'make_discount', 'انشاء خصم ', 'make_discount ', '2021-01-31 10:48:22', '2021-01-31 10:49:09'),
(832, 'add_new_tree', 'أضافة مصروف جديد ', 'add_new_tree ', '2021-01-31 10:48:23', '2021-01-31 10:49:09'),
(833, 'edit_tree', 'تعديل المصروف ', 'edit_tree ', '2021-01-31 10:48:23', '2021-01-31 10:49:09'),
(834, 'remove_tree', 'حذف المصروف ', 'remove_tree ', '2021-01-31 10:48:23', '2021-01-31 10:49:09'),
(835, 'add_bank_', NULL, 'add Bank ', '2021-02-02 07:12:18', '2021-02-02 07:12:18'),
(836, 'add_check_', NULL, 'add check ', '2021-02-02 07:39:04', '2021-02-02 07:39:04'),
(837, 'edit_check_', NULL, 'edit check ', '2021-02-02 07:50:15', '2021-02-02 07:50:15'),
(840, 'remove_tree_', NULL, 'remove Tree ', '2021-02-02 09:34:41', '2021-02-02 09:34:41'),
(841, 'edit_tree_', NULL, 'edit Tree ', '2021-02-02 09:35:48', '2021-02-02 09:35:48'),
(843, 'add_tree_', NULL, 'add tree ', '2021-02-02 09:40:20', '2021-02-02 09:40:20'),
(844, 'add_daily_', NULL, 'add daily ', '2021-02-02 10:27:47', '2021-02-02 10:27:47'),
(845, 'remove_daily_', NULL, 'remove daily ', '2021-02-02 10:38:18', '2021-02-02 10:38:18'),
(846, 'edit_daily_', NULL, 'edit daily ', '2021-02-02 10:39:56', '2021-02-02 10:39:56'),
(847, 'add_transformation_', NULL, 'add transformation ', '2021-02-02 12:12:50', '2021-02-02 12:12:50'),
(848, 'remove_transformation_', NULL, 'remove transformation ', '2021-02-02 12:12:57', '2021-02-02 12:12:57');

-- --------------------------------------------------------

--
-- Table structure for table `users`
--

CREATE TABLE `users` (
  `id` bigint(20) UNSIGNED NOT NULL,
  `name` varchar(191) COLLATE utf8mb4_unicode_ci NOT NULL,
  `username` varchar(191) COLLATE utf8mb4_unicode_ci NOT NULL,
  `image` varchar(191) COLLATE utf8mb4_unicode_ci DEFAULT NULL,
  `email` varchar(191) COLLATE utf8mb4_unicode_ci NOT NULL,
  `email_verified_at` timestamp NULL DEFAULT NULL,
  `password` varchar(191) COLLATE utf8mb4_unicode_ci NOT NULL,
  `remember_token` varchar(100) COLLATE utf8mb4_unicode_ci DEFAULT NULL,
  `created_at` timestamp NULL DEFAULT NULL,
  `updated_at` timestamp NULL DEFAULT NULL,
  `phone` varchar(11) COLLATE utf8mb4_unicode_ci NOT NULL,
  `api_token` varchar(255) COLLATE utf8mb4_unicode_ci DEFAULT NULL,
  `role_id` int(11) DEFAULT NULL
) ENGINE=InnoDB DEFAULT CHARSET=utf8mb4 COLLATE=utf8mb4_unicode_ci;

--
-- Dumping data for table `users`
--

INSERT INTO `users` (`id`, `name`, `username`, `image`, `email`, `email_verified_at`, `password`, `remember_token`, `created_at`, `updated_at`, `phone`, `api_token`, `role_id`) VALUES
(1, 'admin', 'admin', 'uploads/users/2020081109344317934-avatar.png', 'admin@admin.com', '2020-08-05 06:53:18', '123456', 'e7kl8YQSdw2ecypIZgxtAQSC6lC2iyBZo6YJn3lvE7Nzonj0oMzhhl52RxgY', '2020-08-05 06:53:18', '2020-10-04 10:21:56', '01100968183', '123456789', 1),
(2, 'مصطفى', 'moustafa', 'uploads/users/2020081109145846107-doctor.png', 'admin@admin.comm', NULL, '123456', NULL, '2020-08-05 09:27:47', '2020-10-04 09:04:02', '0110096812', '123456789', NULL),
(3, 'user1', 'user1', 'uploads/users/2020081109220653158-طريقة-عمل-شوربة-العدس-الأصفر.jpg', 'user1@admin.com', NULL, '123456', NULL, '2020-08-11 14:55:07', '2020-12-28 06:33:12', '01123904214', '123456789', 4),
(4, 'هاجر محمد رضا', 'hagar', 'uploads/users/2020081112124939928-635.png', 'hagar@admin.com', NULL, '123456', NULL, '2020-08-11 18:12:50', '2020-10-04 10:19:41', '01091093981', '123456789', 4),
(5, 'test', 'test', 'uploads/users/User_icon_2.svg.png', 'test@gmail.com', NULL, '123456', NULL, '2020-10-04 09:11:15', '2020-10-04 09:11:15', '01123904210', '123456789', NULL),
(6, 'dd', 'fds', 'uploads/users/2020100411210039735-صورة تحقيق الشخصيه.jpg', 'dd@gmail.com', NULL, '123456', NULL, '2020-10-04 09:21:01', '2020-10-04 10:19:50', '432', '123456789', 4),
(7, 'ابانوب', 'abanob', 'uploads/users/2021012610122844476-ERAS-Headshots-9.jpg', 'abanob@admin.com', NULL, '123456', NULL, '2021-01-26 08:12:28', '2021-01-26 08:12:28', '01278933366', '123456789', 6);

--
-- Indexes for dumped tables
--

--
-- Indexes for table `academic_advising_settings`
--
ALTER TABLE `academic_advising_settings`
  ADD PRIMARY KEY (`id`);

--
-- Indexes for table `academic_courses`
--
ALTER TABLE `academic_courses`
  ADD PRIMARY KEY (`id`);

--
-- Indexes for table `academic_course_categories`
--
ALTER TABLE `academic_course_categories`
  ADD PRIMARY KEY (`id`);

--
-- Indexes for table `academic_degree_map`
--
ALTER TABLE `academic_degree_map`
  ADD PRIMARY KEY (`id`);

--
-- Indexes for table `academic_doctors`
--
ALTER TABLE `academic_doctors`
  ADD PRIMARY KEY (`id`);

--
-- Indexes for table `academic_doctor_courses`
--
ALTER TABLE `academic_doctor_courses`
  ADD PRIMARY KEY (`id`);

--
-- Indexes for table `academic_doctor_levels`
--
ALTER TABLE `academic_doctor_levels`
  ADD PRIMARY KEY (`id`);

--
-- Indexes for table `academic_open_courses`
--
ALTER TABLE `academic_open_courses`
  ADD PRIMARY KEY (`id`);

--
-- Indexes for table `academic_publish_result`
--
ALTER TABLE `academic_publish_result`
  ADD PRIMARY KEY (`id`);

--
-- Indexes for table `academic_result_transfers`
--
ALTER TABLE `academic_result_transfers`
  ADD PRIMARY KEY (`id`);

--
-- Indexes for table `academic_student_courses_result`
--
ALTER TABLE `academic_student_courses_result`
  ADD PRIMARY KEY (`id`);

--
-- Indexes for table `academic_student_gpa`
--
ALTER TABLE `academic_student_gpa`
  ADD PRIMARY KEY (`id`);

--
-- Indexes for table `academic_student_groups`
--
ALTER TABLE `academic_student_groups`
  ADD PRIMARY KEY (`id`);

--
-- Indexes for table `academic_student_register_courses`
--
ALTER TABLE `academic_student_register_courses`
  ADD PRIMARY KEY (`id`);

--
-- Indexes for table `academic_years`
--
ALTER TABLE `academic_years`
  ADD PRIMARY KEY (`id`),
  ADD UNIQUE KEY `name` (`name`);

--
-- Indexes for table `acadmic_course_prerequsites`
--
ALTER TABLE `acadmic_course_prerequsites`
  ADD PRIMARY KEY (`id`);

--
-- Indexes for table `account_academic_year_expenses`
--
ALTER TABLE `account_academic_year_expenses`
  ADD PRIMARY KEY (`id`);

--
-- Indexes for table `account_academic_year_expenses_details`
--
ALTER TABLE `account_academic_year_expenses_details`
  ADD PRIMARY KEY (`id`);

--
-- Indexes for table `account_balance_reset`
--
ALTER TABLE `account_balance_reset`
  ADD PRIMARY KEY (`id`);

--
-- Indexes for table `account_banks`
--
ALTER TABLE `account_banks`
  ADD PRIMARY KEY (`id`);

--
-- Indexes for table `account_checks`
--
ALTER TABLE `account_checks`
  ADD PRIMARY KEY (`id`);

--
-- Indexes for table `account_dailies`
--
ALTER TABLE `account_dailies`
  ADD PRIMARY KEY (`id`);

--
-- Indexes for table `account_discounts`
--
ALTER TABLE `account_discounts`
  ADD PRIMARY KEY (`id`);

--
-- Indexes for table `account_discount_requests`
--
ALTER TABLE `account_discount_requests`
  ADD PRIMARY KEY (`id`);

--
-- Indexes for table `account_discount_types`
--
ALTER TABLE `account_discount_types`
  ADD PRIMARY KEY (`id`);

--
-- Indexes for table `account_installments`
--
ALTER TABLE `account_installments`
  ADD PRIMARY KEY (`id`);

--
-- Indexes for table `account_payments`
--
ALTER TABLE `account_payments`
  ADD PRIMARY KEY (`id`);

--
-- Indexes for table `account_registeration_status_expenses`
--
ALTER TABLE `account_registeration_status_expenses`
  ADD PRIMARY KEY (`id`);

--
-- Indexes for table `account_rewords`
--
ALTER TABLE `account_rewords`
  ADD PRIMARY KEY (`id`);

--
-- Indexes for table `account_services`
--
ALTER TABLE `account_services`
  ADD PRIMARY KEY (`id`);

--
-- Indexes for table `account_settings`
--
ALTER TABLE `account_settings`
  ADD PRIMARY KEY (`id`);

--
-- Indexes for table `account_stores`
--
ALTER TABLE `account_stores`
  ADD PRIMARY KEY (`id`);

--
-- Indexes for table `account_student_old_balances`
--
ALTER TABLE `account_student_old_balances`
  ADD PRIMARY KEY (`id`);

--
-- Indexes for table `account_student_services`
--
ALTER TABLE `account_student_services`
  ADD PRIMARY KEY (`id`);

--
-- Indexes for table `account_transformations`
--
ALTER TABLE `account_transformations`
  ADD PRIMARY KEY (`id`);

--
-- Indexes for table `account_trees`
--
ALTER TABLE `account_trees`
  ADD KEY `trees_id_index` (`id`);

--
-- Indexes for table `applications`
--
ALTER TABLE `applications`
  ADD PRIMARY KEY (`id`);

--
-- Indexes for table `application_required`
--
ALTER TABLE `application_required`
  ADD PRIMARY KEY (`id`);

--
-- Indexes for table `attributes`
--
ALTER TABLE `attributes`
  ADD PRIMARY KEY (`id`);

--
-- Indexes for table `card_exports`
--
ALTER TABLE `card_exports`
  ADD PRIMARY KEY (`id`);

--
-- Indexes for table `card_types`
--
ALTER TABLE `card_types`
  ADD PRIMARY KEY (`id`);

--
-- Indexes for table `case_constraints`
--
ALTER TABLE `case_constraints`
  ADD PRIMARY KEY (`id`);

--
-- Indexes for table `cities`
--
ALTER TABLE `cities`
  ADD PRIMARY KEY (`id`);

--
-- Indexes for table `constraint_status`
--
ALTER TABLE `constraint_status`
  ADD PRIMARY KEY (`id`);

--
-- Indexes for table `countries`
--
ALTER TABLE `countries`
  ADD PRIMARY KEY (`id`);

--
-- Indexes for table `departments`
--
ALTER TABLE `departments`
  ADD PRIMARY KEY (`id`);

--
-- Indexes for table `divisions`
--
ALTER TABLE `divisions`
  ADD PRIMARY KEY (`id`);

--
-- Indexes for table `failed_jobs`
--
ALTER TABLE `failed_jobs`
  ADD PRIMARY KEY (`id`);

--
-- Indexes for table `globale_settings`
--
ALTER TABLE `globale_settings`
  ADD PRIMARY KEY (`id`);

--
-- Indexes for table `governments`
--
ALTER TABLE `governments`
  ADD PRIMARY KEY (`id`);

--
-- Indexes for table `languages`
--
ALTER TABLE `languages`
  ADD PRIMARY KEY (`id`);

--
-- Indexes for table `levels`
--
ALTER TABLE `levels`
  ADD PRIMARY KEY (`id`);

--
-- Indexes for table `login_histories`
--
ALTER TABLE `login_histories`
  ADD PRIMARY KEY (`id`);

--
-- Indexes for table `migrations`
--
ALTER TABLE `migrations`
  ADD PRIMARY KEY (`id`);

--
-- Indexes for table `military_areas`
--
ALTER TABLE `military_areas`
  ADD PRIMARY KEY (`id`);

--
-- Indexes for table `military_area_submision`
--
ALTER TABLE `military_area_submision`
  ADD PRIMARY KEY (`id`);

--
-- Indexes for table `military_course`
--
ALTER TABLE `military_course`
  ADD PRIMARY KEY (`id`);

--
-- Indexes for table `military_course_collection`
--
ALTER TABLE `military_course_collection`
  ADD PRIMARY KEY (`id`);

--
-- Indexes for table `military_course_collection_student`
--
ALTER TABLE `military_course_collection_student`
  ADD PRIMARY KEY (`id`);

--
-- Indexes for table `military_settings`
--
ALTER TABLE `military_settings`
  ADD PRIMARY KEY (`id`);

--
-- Indexes for table `military_status`
--
ALTER TABLE `military_status`
  ADD PRIMARY KEY (`id`);

--
-- Indexes for table `nationalities`
--
ALTER TABLE `nationalities`
  ADD PRIMARY KEY (`id`);

--
-- Indexes for table `notification`
--
ALTER TABLE `notification`
  ADD PRIMARY KEY (`id`);

--
-- Indexes for table `parents`
--
ALTER TABLE `parents`
  ADD PRIMARY KEY (`id`);

--
-- Indexes for table `parent_jobs`
--
ALTER TABLE `parent_jobs`
  ADD PRIMARY KEY (`id`);

--
-- Indexes for table `parent_relation_type`
--
ALTER TABLE `parent_relation_type`
  ADD PRIMARY KEY (`id`);

--
-- Indexes for table `password_resets`
--
ALTER TABLE `password_resets`
  ADD KEY `password_resets_email_index` (`email`);

--
-- Indexes for table `permissions`
--
ALTER TABLE `permissions`
  ADD PRIMARY KEY (`id`),
  ADD UNIQUE KEY `permissions_name_unique` (`name`);

--
-- Indexes for table `permission_groups`
--
ALTER TABLE `permission_groups`
  ADD PRIMARY KEY (`id`);

--
-- Indexes for table `permission_role`
--
ALTER TABLE `permission_role`
  ADD PRIMARY KEY (`permission_id`,`role_id`),
  ADD KEY `permission_role_role_id_foreign` (`role_id`);

--
-- Indexes for table `permission_user`
--
ALTER TABLE `permission_user`
  ADD PRIMARY KEY (`user_id`,`permission_id`,`user_type`),
  ADD KEY `permission_user_permission_id_foreign` (`permission_id`);

--
-- Indexes for table `qualifications`
--
ALTER TABLE `qualifications`
  ADD PRIMARY KEY (`id`);

--
-- Indexes for table `qualification_types`
--
ALTER TABLE `qualification_types`
  ADD PRIMARY KEY (`id`);

--
-- Indexes for table `qualification_years`
--
ALTER TABLE `qualification_years`
  ADD PRIMARY KEY (`id`);

--
-- Indexes for table `registeration_status`
--
ALTER TABLE `registeration_status`
  ADD PRIMARY KEY (`id`);

--
-- Indexes for table `registeration_status_document`
--
ALTER TABLE `registeration_status_document`
  ADD PRIMARY KEY (`id`);

--
-- Indexes for table `registration_methods`
--
ALTER TABLE `registration_methods`
  ADD PRIMARY KEY (`id`);

--
-- Indexes for table `report_settings`
--
ALTER TABLE `report_settings`
  ADD PRIMARY KEY (`id`);

--
-- Indexes for table `required_documents`
--
ALTER TABLE `required_documents`
  ADD PRIMARY KEY (`id`);

--
-- Indexes for table `roles`
--
ALTER TABLE `roles`
  ADD PRIMARY KEY (`id`),
  ADD UNIQUE KEY `roles_name_unique` (`name`);

--
-- Indexes for table `role_user`
--
ALTER TABLE `role_user`
  ADD PRIMARY KEY (`user_id`,`role_id`,`user_type`),
  ADD KEY `role_user_role_id_foreign` (`role_id`);

--
-- Indexes for table `schools`
--
ALTER TABLE `schools`
  ADD PRIMARY KEY (`id`);

--
-- Indexes for table `specializations`
--
ALTER TABLE `specializations`
  ADD PRIMARY KEY (`id`);

--
-- Indexes for table `students`
--
ALTER TABLE `students`
  ADD PRIMARY KEY (`id`);

--
-- Indexes for table `student_attributes`
--
ALTER TABLE `student_attributes`
  ADD PRIMARY KEY (`id`);

--
-- Indexes for table `student_code_series`
--
ALTER TABLE `student_code_series`
  ADD PRIMARY KEY (`id`);

--
-- Indexes for table `student_logs`
--
ALTER TABLE `student_logs`
  ADD PRIMARY KEY (`id`);

--
-- Indexes for table `student_military_history`
--
ALTER TABLE `student_military_history`
  ADD PRIMARY KEY (`id`);

--
-- Indexes for table `student_required_documents`
--
ALTER TABLE `student_required_documents`
  ADD PRIMARY KEY (`id`);

--
-- Indexes for table `student_status`
--
ALTER TABLE `student_status`
  ADD PRIMARY KEY (`id`);

--
-- Indexes for table `team_work`
--
ALTER TABLE `team_work`
  ADD PRIMARY KEY (`id`);

--
-- Indexes for table `terms`
--
ALTER TABLE `terms`
  ADD PRIMARY KEY (`id`);

--
-- Indexes for table `translations`
--
ALTER TABLE `translations`
  ADD PRIMARY KEY (`id`),
  ADD UNIQUE KEY `translations_key_unique` (`key`);

--
-- Indexes for table `users`
--
ALTER TABLE `users`
  ADD PRIMARY KEY (`id`),
  ADD UNIQUE KEY `users_email_unique` (`email`);

--
-- AUTO_INCREMENT for dumped tables
--

--
-- AUTO_INCREMENT for table `academic_advising_settings`
--
ALTER TABLE `academic_advising_settings`
  MODIFY `id` int(11) NOT NULL AUTO_INCREMENT, AUTO_INCREMENT=13;

--
-- AUTO_INCREMENT for table `academic_courses`
--
ALTER TABLE `academic_courses`
  MODIFY `id` int(11) NOT NULL AUTO_INCREMENT, AUTO_INCREMENT=709;

--
-- AUTO_INCREMENT for table `academic_course_categories`
--
ALTER TABLE `academic_course_categories`
  MODIFY `id` int(11) NOT NULL AUTO_INCREMENT, AUTO_INCREMENT=3;

--
-- AUTO_INCREMENT for table `academic_degree_map`
--
ALTER TABLE `academic_degree_map`
  MODIFY `id` int(11) NOT NULL AUTO_INCREMENT, AUTO_INCREMENT=17;

--
-- AUTO_INCREMENT for table `academic_doctors`
--
ALTER TABLE `academic_doctors`
  MODIFY `id` int(11) NOT NULL AUTO_INCREMENT, AUTO_INCREMENT=21;

--
-- AUTO_INCREMENT for table `academic_doctor_courses`
--
ALTER TABLE `academic_doctor_courses`
  MODIFY `id` int(11) NOT NULL AUTO_INCREMENT;

--
-- AUTO_INCREMENT for table `academic_doctor_levels`
--
ALTER TABLE `academic_doctor_levels`
  MODIFY `id` int(11) NOT NULL AUTO_INCREMENT, AUTO_INCREMENT=79;

--
-- AUTO_INCREMENT for table `academic_open_courses`
--
ALTER TABLE `academic_open_courses`
  MODIFY `id` int(11) NOT NULL AUTO_INCREMENT, AUTO_INCREMENT=167;

--
-- AUTO_INCREMENT for table `academic_publish_result`
--
ALTER TABLE `academic_publish_result`
  MODIFY `id` int(11) NOT NULL AUTO_INCREMENT, AUTO_INCREMENT=3;

--
-- AUTO_INCREMENT for table `academic_result_transfers`
--
ALTER TABLE `academic_result_transfers`
  MODIFY `id` int(11) NOT NULL AUTO_INCREMENT, AUTO_INCREMENT=11;

--
-- AUTO_INCREMENT for table `academic_student_courses_result`
--
ALTER TABLE `academic_student_courses_result`
  MODIFY `id` int(11) NOT NULL AUTO_INCREMENT;

--
-- AUTO_INCREMENT for table `academic_student_gpa`
--
ALTER TABLE `academic_student_gpa`
  MODIFY `id` int(11) NOT NULL AUTO_INCREMENT, AUTO_INCREMENT=19;

--
-- AUTO_INCREMENT for table `academic_student_groups`
--
ALTER TABLE `academic_student_groups`
  MODIFY `id` int(11) NOT NULL AUTO_INCREMENT, AUTO_INCREMENT=12;

--
-- AUTO_INCREMENT for table `academic_student_register_courses`
--
ALTER TABLE `academic_student_register_courses`
  MODIFY `id` int(11) NOT NULL AUTO_INCREMENT, AUTO_INCREMENT=7;

--
-- AUTO_INCREMENT for table `academic_years`
--
ALTER TABLE `academic_years`
  MODIFY `id` int(10) UNSIGNED NOT NULL AUTO_INCREMENT, AUTO_INCREMENT=9;

--
-- AUTO_INCREMENT for table `acadmic_course_prerequsites`
--
ALTER TABLE `acadmic_course_prerequsites`
  MODIFY `id` int(11) NOT NULL AUTO_INCREMENT, AUTO_INCREMENT=52;

--
-- AUTO_INCREMENT for table `account_academic_year_expenses`
--
ALTER TABLE `account_academic_year_expenses`
  MODIFY `id` int(11) NOT NULL AUTO_INCREMENT, AUTO_INCREMENT=10;

--
-- AUTO_INCREMENT for table `account_academic_year_expenses_details`
--
ALTER TABLE `account_academic_year_expenses_details`
  MODIFY `id` int(11) NOT NULL AUTO_INCREMENT, AUTO_INCREMENT=45;

--
-- AUTO_INCREMENT for table `account_balance_reset`
--
ALTER TABLE `account_balance_reset`
  MODIFY `id` int(11) NOT NULL AUTO_INCREMENT;

--
-- AUTO_INCREMENT for table `account_banks`
--
ALTER TABLE `account_banks`
  MODIFY `id` int(11) NOT NULL AUTO_INCREMENT, AUTO_INCREMENT=6;

--
-- AUTO_INCREMENT for table `account_checks`
--
ALTER TABLE `account_checks`
  MODIFY `id` int(11) NOT NULL AUTO_INCREMENT, AUTO_INCREMENT=4;

--
-- AUTO_INCREMENT for table `account_dailies`
--
ALTER TABLE `account_dailies`
  MODIFY `id` int(11) NOT NULL AUTO_INCREMENT, AUTO_INCREMENT=8;

--
-- AUTO_INCREMENT for table `account_discounts`
--
ALTER TABLE `account_discounts`
  MODIFY `id` int(11) NOT NULL AUTO_INCREMENT, AUTO_INCREMENT=2;

--
-- AUTO_INCREMENT for table `account_discount_requests`
--
ALTER TABLE `account_discount_requests`
  MODIFY `id` int(11) NOT NULL AUTO_INCREMENT, AUTO_INCREMENT=2;

--
-- AUTO_INCREMENT for table `account_discount_types`
--
ALTER TABLE `account_discount_types`
  MODIFY `id` int(11) NOT NULL AUTO_INCREMENT, AUTO_INCREMENT=6;

--
-- AUTO_INCREMENT for table `account_installments`
--
ALTER TABLE `account_installments`
  MODIFY `id` int(11) NOT NULL AUTO_INCREMENT, AUTO_INCREMENT=9;

--
-- AUTO_INCREMENT for table `account_payments`
--
ALTER TABLE `account_payments`
  MODIFY `id` int(11) NOT NULL AUTO_INCREMENT, AUTO_INCREMENT=65;

--
-- AUTO_INCREMENT for table `account_registeration_status_expenses`
--
ALTER TABLE `account_registeration_status_expenses`
  MODIFY `id` int(11) NOT NULL AUTO_INCREMENT, AUTO_INCREMENT=5;

--
-- AUTO_INCREMENT for table `account_rewords`
--
ALTER TABLE `account_rewords`
  MODIFY `id` int(11) NOT NULL AUTO_INCREMENT, AUTO_INCREMENT=3;

--
-- AUTO_INCREMENT for table `account_services`
--
ALTER TABLE `account_services`
  MODIFY `id` int(11) NOT NULL AUTO_INCREMENT, AUTO_INCREMENT=16;

--
-- AUTO_INCREMENT for table `account_settings`
--
ALTER TABLE `account_settings`
  MODIFY `id` int(11) NOT NULL AUTO_INCREMENT, AUTO_INCREMENT=3;

--
-- AUTO_INCREMENT for table `account_stores`
--
ALTER TABLE `account_stores`
  MODIFY `id` int(11) NOT NULL AUTO_INCREMENT, AUTO_INCREMENT=7;

--
-- AUTO_INCREMENT for table `account_student_old_balances`
--
ALTER TABLE `account_student_old_balances`
  MODIFY `id` int(11) NOT NULL AUTO_INCREMENT, AUTO_INCREMENT=10;

--
-- AUTO_INCREMENT for table `account_student_services`
--
ALTER TABLE `account_student_services`
  MODIFY `id` int(11) NOT NULL AUTO_INCREMENT, AUTO_INCREMENT=46;

--
-- AUTO_INCREMENT for table `account_transformations`
--
ALTER TABLE `account_transformations`
  MODIFY `id` int(11) NOT NULL AUTO_INCREMENT, AUTO_INCREMENT=20;

--
-- AUTO_INCREMENT for table `applications`
--
ALTER TABLE `applications`
  MODIFY `id` bigint(20) UNSIGNED NOT NULL AUTO_INCREMENT;

--
-- AUTO_INCREMENT for table `application_required`
--
ALTER TABLE `application_required`
  MODIFY `id` bigint(20) UNSIGNED NOT NULL AUTO_INCREMENT, AUTO_INCREMENT=31;

--
-- AUTO_INCREMENT for table `attributes`
--
ALTER TABLE `attributes`
  MODIFY `id` bigint(20) UNSIGNED NOT NULL AUTO_INCREMENT;

--
-- AUTO_INCREMENT for table `card_exports`
--
ALTER TABLE `card_exports`
  MODIFY `id` int(11) NOT NULL AUTO_INCREMENT, AUTO_INCREMENT=10;

--
-- AUTO_INCREMENT for table `card_types`
--
ALTER TABLE `card_types`
  MODIFY `id` int(11) NOT NULL AUTO_INCREMENT, AUTO_INCREMENT=5;

--
-- AUTO_INCREMENT for table `case_constraints`
--
ALTER TABLE `case_constraints`
  MODIFY `id` int(11) NOT NULL AUTO_INCREMENT, AUTO_INCREMENT=6;

--
-- AUTO_INCREMENT for table `cities`
--
ALTER TABLE `cities`
  MODIFY `id` bigint(20) UNSIGNED NOT NULL AUTO_INCREMENT, AUTO_INCREMENT=75;

--
-- AUTO_INCREMENT for table `constraint_status`
--
ALTER TABLE `constraint_status`
  MODIFY `id` int(11) NOT NULL AUTO_INCREMENT, AUTO_INCREMENT=2;

--
-- AUTO_INCREMENT for table `countries`
--
ALTER TABLE `countries`
  MODIFY `id` bigint(20) UNSIGNED NOT NULL AUTO_INCREMENT, AUTO_INCREMENT=11;

--
-- AUTO_INCREMENT for table `departments`
--
ALTER TABLE `departments`
  MODIFY `id` bigint(20) UNSIGNED NOT NULL AUTO_INCREMENT, AUTO_INCREMENT=13;

--
-- AUTO_INCREMENT for table `divisions`
--
ALTER TABLE `divisions`
  MODIFY `id` bigint(20) UNSIGNED NOT NULL AUTO_INCREMENT, AUTO_INCREMENT=24;

--
-- AUTO_INCREMENT for table `failed_jobs`
--
ALTER TABLE `failed_jobs`
  MODIFY `id` bigint(20) UNSIGNED NOT NULL AUTO_INCREMENT;

--
-- AUTO_INCREMENT for table `globale_settings`
--
ALTER TABLE `globale_settings`
  MODIFY `id` bigint(20) UNSIGNED NOT NULL AUTO_INCREMENT, AUTO_INCREMENT=7;

--
-- AUTO_INCREMENT for table `governments`
--
ALTER TABLE `governments`
  MODIFY `id` bigint(20) UNSIGNED NOT NULL AUTO_INCREMENT, AUTO_INCREMENT=13;

--
-- AUTO_INCREMENT for table `languages`
--
ALTER TABLE `languages`
  MODIFY `id` bigint(20) UNSIGNED NOT NULL AUTO_INCREMENT, AUTO_INCREMENT=7;

--
-- AUTO_INCREMENT for table `levels`
--
ALTER TABLE `levels`
  MODIFY `id` bigint(20) UNSIGNED NOT NULL AUTO_INCREMENT, AUTO_INCREMENT=10;

--
-- AUTO_INCREMENT for table `login_histories`
--
ALTER TABLE `login_histories`
  MODIFY `id` bigint(20) UNSIGNED NOT NULL AUTO_INCREMENT, AUTO_INCREMENT=51;

--
-- AUTO_INCREMENT for table `migrations`
--
ALTER TABLE `migrations`
  MODIFY `id` int(10) UNSIGNED NOT NULL AUTO_INCREMENT, AUTO_INCREMENT=46;

--
-- AUTO_INCREMENT for table `military_areas`
--
ALTER TABLE `military_areas`
  MODIFY `id` bigint(20) UNSIGNED NOT NULL AUTO_INCREMENT, AUTO_INCREMENT=3;

--
-- AUTO_INCREMENT for table `military_area_submision`
--
ALTER TABLE `military_area_submision`
  MODIFY `id` int(11) NOT NULL AUTO_INCREMENT, AUTO_INCREMENT=33;

--
-- AUTO_INCREMENT for table `military_course`
--
ALTER TABLE `military_course`
  MODIFY `id` int(11) NOT NULL AUTO_INCREMENT, AUTO_INCREMENT=6;

--
-- AUTO_INCREMENT for table `military_course_collection`
--
ALTER TABLE `military_course_collection`
  MODIFY `id` bigint(20) NOT NULL AUTO_INCREMENT, AUTO_INCREMENT=8;

--
-- AUTO_INCREMENT for table `military_course_collection_student`
--
ALTER TABLE `military_course_collection_student`
  MODIFY `id` int(11) NOT NULL AUTO_INCREMENT, AUTO_INCREMENT=43;

--
-- AUTO_INCREMENT for table `military_settings`
--
ALTER TABLE `military_settings`
  MODIFY `id` bigint(20) UNSIGNED NOT NULL AUTO_INCREMENT, AUTO_INCREMENT=3;

--
-- AUTO_INCREMENT for table `military_status`
--
ALTER TABLE `military_status`
  MODIFY `id` bigint(20) UNSIGNED NOT NULL AUTO_INCREMENT, AUTO_INCREMENT=4;

--
-- AUTO_INCREMENT for table `nationalities`
--
ALTER TABLE `nationalities`
  MODIFY `id` bigint(20) UNSIGNED NOT NULL AUTO_INCREMENT, AUTO_INCREMENT=7;

--
-- AUTO_INCREMENT for table `notification`
--
ALTER TABLE `notification`
  MODIFY `id` bigint(20) UNSIGNED NOT NULL AUTO_INCREMENT, AUTO_INCREMENT=1026;

--
-- AUTO_INCREMENT for table `parents`
--
ALTER TABLE `parents`
  MODIFY `id` bigint(20) UNSIGNED NOT NULL AUTO_INCREMENT;

--
-- AUTO_INCREMENT for table `parent_jobs`
--
ALTER TABLE `parent_jobs`
  MODIFY `id` bigint(20) UNSIGNED NOT NULL AUTO_INCREMENT, AUTO_INCREMENT=9;

--
-- AUTO_INCREMENT for table `parent_relation_type`
--
ALTER TABLE `parent_relation_type`
  MODIFY `id` bigint(20) UNSIGNED NOT NULL AUTO_INCREMENT, AUTO_INCREMENT=5;

--
-- AUTO_INCREMENT for table `permissions`
--
ALTER TABLE `permissions`
  MODIFY `id` bigint(20) UNSIGNED NOT NULL AUTO_INCREMENT, AUTO_INCREMENT=103;

--
-- AUTO_INCREMENT for table `permission_groups`
--
ALTER TABLE `permission_groups`
  MODIFY `id` int(11) NOT NULL AUTO_INCREMENT, AUTO_INCREMENT=9;

--
-- AUTO_INCREMENT for table `qualifications`
--
ALTER TABLE `qualifications`
  MODIFY `id` bigint(20) UNSIGNED NOT NULL AUTO_INCREMENT, AUTO_INCREMENT=6;

--
-- AUTO_INCREMENT for table `qualification_types`
--
ALTER TABLE `qualification_types`
  MODIFY `id` bigint(20) UNSIGNED NOT NULL AUTO_INCREMENT, AUTO_INCREMENT=15;

--
-- AUTO_INCREMENT for table `qualification_years`
--
ALTER TABLE `qualification_years`
  MODIFY `id` bigint(20) UNSIGNED NOT NULL AUTO_INCREMENT;

--
-- AUTO_INCREMENT for table `registeration_status`
--
ALTER TABLE `registeration_status`
  MODIFY `id` bigint(20) UNSIGNED NOT NULL AUTO_INCREMENT, AUTO_INCREMENT=10;

--
-- AUTO_INCREMENT for table `registeration_status_document`
--
ALTER TABLE `registeration_status_document`
  MODIFY `id` int(11) NOT NULL AUTO_INCREMENT, AUTO_INCREMENT=79;

--
-- AUTO_INCREMENT for table `registration_methods`
--
ALTER TABLE `registration_methods`
  MODIFY `id` bigint(20) UNSIGNED NOT NULL AUTO_INCREMENT, AUTO_INCREMENT=9;

--
-- AUTO_INCREMENT for table `report_settings`
--
ALTER TABLE `report_settings`
  MODIFY `id` int(11) NOT NULL AUTO_INCREMENT, AUTO_INCREMENT=5;

--
-- AUTO_INCREMENT for table `required_documents`
--
ALTER TABLE `required_documents`
  MODIFY `id` bigint(20) UNSIGNED NOT NULL AUTO_INCREMENT, AUTO_INCREMENT=22;

--
-- AUTO_INCREMENT for table `roles`
--
ALTER TABLE `roles`
  MODIFY `id` bigint(20) UNSIGNED NOT NULL AUTO_INCREMENT, AUTO_INCREMENT=7;

--
-- AUTO_INCREMENT for table `schools`
--
ALTER TABLE `schools`
  MODIFY `id` bigint(20) UNSIGNED NOT NULL AUTO_INCREMENT;

--
-- AUTO_INCREMENT for table `specializations`
--
ALTER TABLE `specializations`
  MODIFY `id` bigint(20) UNSIGNED NOT NULL AUTO_INCREMENT;

--
-- AUTO_INCREMENT for table `students`
--
ALTER TABLE `students`
  MODIFY `id` bigint(20) UNSIGNED NOT NULL AUTO_INCREMENT, AUTO_INCREMENT=674;

--
-- AUTO_INCREMENT for table `student_attributes`
--
ALTER TABLE `student_attributes`
  MODIFY `id` bigint(20) UNSIGNED NOT NULL AUTO_INCREMENT;

--
-- AUTO_INCREMENT for table `student_code_series`
--
ALTER TABLE `student_code_series`
  MODIFY `id` int(11) NOT NULL AUTO_INCREMENT, AUTO_INCREMENT=12;

--
-- AUTO_INCREMENT for table `student_logs`
--
ALTER TABLE `student_logs`
  MODIFY `id` bigint(20) UNSIGNED NOT NULL AUTO_INCREMENT;

--
-- AUTO_INCREMENT for table `student_military_history`
--
ALTER TABLE `student_military_history`
  MODIFY `id` bigint(20) UNSIGNED NOT NULL AUTO_INCREMENT;

--
-- AUTO_INCREMENT for table `student_required_documents`
--
ALTER TABLE `student_required_documents`
  MODIFY `id` bigint(20) UNSIGNED NOT NULL AUTO_INCREMENT, AUTO_INCREMENT=61;

--
-- AUTO_INCREMENT for table `student_status`
--
ALTER TABLE `student_status`
  MODIFY `id` bigint(20) UNSIGNED NOT NULL AUTO_INCREMENT;

--
-- AUTO_INCREMENT for table `team_work`
--
ALTER TABLE `team_work`
  MODIFY `id` bigint(20) UNSIGNED NOT NULL AUTO_INCREMENT, AUTO_INCREMENT=3;

--
-- AUTO_INCREMENT for table `terms`
--
ALTER TABLE `terms`
  MODIFY `id` bigint(20) UNSIGNED NOT NULL AUTO_INCREMENT, AUTO_INCREMENT=4;

--
-- AUTO_INCREMENT for table `translations`
--
ALTER TABLE `translations`
  MODIFY `id` bigint(20) UNSIGNED NOT NULL AUTO_INCREMENT, AUTO_INCREMENT=849;

--
-- AUTO_INCREMENT for table `users`
--
ALTER TABLE `users`
  MODIFY `id` bigint(20) UNSIGNED NOT NULL AUTO_INCREMENT, AUTO_INCREMENT=8;
COMMIT;

/*!40101 SET CHARACTER_SET_CLIENT=@OLD_CHARACTER_SET_CLIENT */;
/*!40101 SET CHARACTER_SET_RESULTS=@OLD_CHARACTER_SET_RESULTS */;
/*!40101 SET COLLATION_CONNECTION=@OLD_COLLATION_CONNECTION */;
